2026-05-16 03:36:23.013 | INFO | PID:413 | process_health_monitor.register_alert_callback:319 - aisrv ai_server ProcessHealthMonitor registered alert callback for types: ALL
2026-05-16 03:36:23.018 | INFO | PID:413 | process_health_monitor.register_process:192 - aisrv ai_server ProcessHealthMonitor registered process: learner_proxy_train_one_0(pid=435, type=learner_proxy)
2026-05-16 03:36:23.019 | INFO | PID:413 | aisrv_server_standard.start_aisrv_handler:513 - aisrv ai_server get kaiwu_env address is ['127.0.0.1:5566', '']
2026-05-16 03:36:23.023 | INFO | PID:413 | aisrv_server_standard.start_aisrv_handler:526 - aisrv ai_server AiSrvHandle with address: 127.0.0.1:5566 start
2026-05-16 03:36:23.024 | INFO | PID:413 | process_health_monitor.register_process:192 - aisrv ai_server ProcessHealthMonitor registered process: workflow_0(pid=436, type=workflow)
2026-05-16 03:36:23.024 | INFO | PID:413 | aisrv_server_standard.before_run:660 - aisrv ai_server is start success at 0.0.0.0:8000, pid is 413, run_mode is eval, self_play is False
2026-05-16 03:36:23.039 | INFO | PID:436 | kaiwu_rl_helper_standard.__init__:169 - aisrv kaiwu_rl_helper start at pid 436, ppid is 139737211189056, thread id is -1
2026-05-16 03:36:23.039 | INFO | PID:436 | kaiwu_rl_helper_standard.__init__:169 - aisrv kaiwu_rl_helper start at pid 436, ppid is 139737211189056, thread id is -1
2026-05-16 03:36:23.040 | INFO | PID:436 | aisrv_handle_standard.before_run:224 - aisrv ai_server_handle use kaiwu_rl_helper: <KaiWuRLStandardHelper(kaiwu_rl_helper_0, initial daemon)>
2026-05-16 03:36:23.040 | INFO | PID:436 | aisrv_handle_standard.before_run:224 - aisrv ai_server_handle use kaiwu_rl_helper: <KaiWuRLStandardHelper(kaiwu_rl_helper_0, initial daemon)>
2026-05-16 03:36:23.040 | INFO | PID:436 | aisrv_handle_standard.before_run:227 - aisrv ai_server_handle established connect to 127.0.0.1:5566, slot id is 0, min_slot_id is 0
2026-05-16 03:36:23.040 | INFO | PID:436 | aisrv_handle_standard.before_run:227 - aisrv ai_server_handle established connect to 127.0.0.1:5566, slot id is 0, min_slot_id is 0
2026-05-16 03:36:23.040 | INFO | PID:436 | aisrv_handle_standard.before_run:236 - aisrv ai_server_handle current_actor_addrs is [], current_learner_addrs is ['127.0.0.1:9999']
2026-05-16 03:36:23.040 | INFO | PID:436 | aisrv_handle_standard.before_run:236 - aisrv ai_server_handle current_actor_addrs is [], current_learner_addrs is ['127.0.0.1:9999']
2026-05-16 03:36:23.041 | INFO | PID:436 | aisrv_handle_standard.before_run:259 - aisrv ai_server_handle start success at pid 436
2026-05-16 03:36:23.041 | INFO | PID:436 | aisrv_handle_standard.before_run:259 - aisrv ai_server_handle start success at pid 436
2026-05-16 03:36:23.046 | INFO | PID:436 | process_health_monitor.register_thread:259 - aisrv ai_server ProcessHealthMonitor registered thread: kaiwu_rl_helper_0(tid=139736511338176, type=kaiwu_rl_helper)
2026-05-16 03:36:23.046 | INFO | PID:436 | process_health_monitor.register_thread:259 - aisrv ai_server ProcessHealthMonitor registered thread: kaiwu_rl_helper_0(tid=139736511338176, type=kaiwu_rl_helper)
2026-05-16 03:36:23.056 | INFO | PID:436 | file_guard._log_info:381 - aisrv FileOperationGuard activated, protecting: ['/workspace/battle', '/workspace/log']
2026-05-16 03:36:23.056 | INFO | PID:436 | file_guard._log_info:381 - aisrv FileOperationGuard activated, protecting: ['/workspace/battle', '/workspace/log']
2026-05-16 03:36:23.056 | INFO | PID:436 | agent_wrapper_common.create_standard_agent_wrapper:38 - aisrv FileOperationGuard activated before agent creation
2026-05-16 03:36:23.056 | INFO | PID:436 | agent_wrapper_common.create_standard_agent_wrapper:38 - aisrv FileOperationGuard activated before agent creation
2026-05-16 03:36:23.141 | INFO | PID:436 | conf._load_conf:288 - aisrv Loaded base config: tools/conf/base/eval_env_base.toml
2026-05-16 03:36:23.141 | INFO | PID:436 | conf._load_conf:288 - aisrv Loaded base config: tools/conf/base/eval_env_base.toml
2026-05-16 03:36:23.142 | INFO | PID:436 | conf._load_conf:296 - aisrv Loaded user config: tools/eval/conf/eval_env_conf.toml
2026-05-16 03:36:23.142 | INFO | PID:436 | conf._load_conf:296 - aisrv Loaded user config: tools/eval/conf/eval_env_conf.toml
2026-05-16 03:36:23.142 | INFO | PID:436 | conf.load_conf:223 - aisrv Stage: nav, task_type: track, model: ActorCritic
2026-05-16 03:36:23.142 | INFO | PID:436 | conf.load_conf:223 - aisrv Stage: nav, task_type: track, model: ActorCritic
2026-05-16 03:36:23.151030: I tensorflow/core/util/port.cc:110] oneDNN custom operations are on. You may see slightly different numerical results due to floating-point round-off errors from different computation orders. To turn them off, set the environment variable `TF_ENABLE_ONEDNN_OPTS=0`.
2026-05-16 03:36:23.152816: I tensorflow/tsl/cuda/cudart_stub.cc:28] Could not find cuda drivers on your machine, GPU will not be used.
2026-05-16 03:36:23.190238: I tensorflow/core/platform/cpu_feature_guard.cc:182] This TensorFlow binary is optimized to use available CPU instructions in performance-critical operations.
To enable the following instructions: AVX2 AVX512F AVX512_VNNI AVX512_BF16 AVX_VNNI AMX_TILE AMX_INT8 AMX_BF16 FMA, in other operations, rebuild TensorFlow with the appropriate compiler flags.
2026-05-16 03:36:23.198 | INFO | PID:436 | agent._init_flat:141 - aisrv Actor MLP: Sequential(
  (0): Linear(in_features=304, out_features=512, bias=True)
  (1): ELU(alpha=1.0)
  (2): Linear(in_features=512, out_features=256, bias=True)
  (3): ELU(alpha=1.0)
  (4): Linear(in_features=256, out_features=128, bias=True)
  (5): ELU(alpha=1.0)
  (6): Linear(in_features=128, out_features=12, bias=True)
)
2026-05-16 03:36:23.198 | INFO | PID:436 | agent._init_flat:141 - aisrv Actor MLP: Sequential(
  (0): Linear(in_features=304, out_features=512, bias=True)
  (1): ELU(alpha=1.0)
  (2): Linear(in_features=512, out_features=256, bias=True)
  (3): ELU(alpha=1.0)
  (4): Linear(in_features=256, out_features=128, bias=True)
  (5): ELU(alpha=1.0)
  (6): Linear(in_features=128, out_features=12, bias=True)
)
2026-05-16 03:36:23.199 | INFO | PID:436 | agent._init_flat:142 - aisrv Critic MLP: Sequential(
  (0): Linear(in_features=319, out_features=512, bias=True)
  (1): ELU(alpha=1.0)
  (2): Linear(in_features=512, out_features=256, bias=True)
  (3): LayerNorm((256,), eps=1e-05, elementwise_affine=True)
  (4): ELU(alpha=1.0)
  (5): Linear(in_features=256, out_features=128, bias=True)
  (6): LayerNorm((128,), eps=1e-05, elementwise_affine=True)
  (7): ELU(alpha=1.0)
  (8): Linear(in_features=128, out_features=1, bias=True)
)
2026-05-16 03:36:23.199 | INFO | PID:436 | agent._init_flat:142 - aisrv Critic MLP: Sequential(
  (0): Linear(in_features=319, out_features=512, bias=True)
  (1): ELU(alpha=1.0)
  (2): Linear(in_features=512, out_features=256, bias=True)
  (3): LayerNorm((256,), eps=1e-05, elementwise_affine=True)
  (4): ELU(alpha=1.0)
  (5): Linear(in_features=256, out_features=128, bias=True)
  (6): LayerNorm((128,), eps=1e-05, elementwise_affine=True)
  (7): ELU(alpha=1.0)
  (8): Linear(in_features=128, out_features=1, bias=True)
)
2026-05-16 03:36:23.823554: W tensorflow/compiler/tf2tensorrt/utils/py_utils.cc:38] TF-TRT Warning: Could not find TensorRT
2026-05-16 03:36:23.961 | INFO | PID:436 | agent.__init__:80 - aisrv [RLNavigation] Eval policy command obs override enabled: [0.55, 0.0, 0.0]
2026-05-16 03:36:23.961 | INFO | PID:436 | agent.__init__:80 - aisrv [RLNavigation] Eval policy command obs override enabled: [0.55, 0.0, 0.0]
2026-05-16 03:36:23.981 | INFO | PID:436 | agent_wrapper_common.create_standard_agent_wrapper:117 - aisrv policy_name train_one, algo ppo, agent_wrapper is StandardModelWrapperPytorch
2026-05-16 03:36:23.981 | INFO | PID:436 | agent_wrapper_common.create_standard_agent_wrapper:117 - aisrv policy_name train_one, algo ppo, agent_wrapper is StandardModelWrapperPytorch
2026-05-16 03:36:23.987 | INFO | PID:436 | agent.save_model:226 - aisrv save model /data/ckpt/legged_robot_competition_26_ppo/model.ckpt-0.pkl successfully
2026-05-16 03:36:23.987 | INFO | PID:436 | agent.save_model:226 - aisrv save model /data/ckpt/legged_robot_competition_26_ppo/model.ckpt-0.pkl successfully
2026-05-16 03:36:23.993 | INFO | PID:436 | agent.load_model:249 - aisrv load model /data/projects/legged_robot_competition_26/ckpt/model.ckpt-11255.pkl successfully (exact match)
2026-05-16 03:36:23.993 | INFO | PID:436 | agent.load_model:249 - aisrv load model /data/projects/legged_robot_competition_26/ckpt/model.ckpt-11255.pkl successfully (exact match)
2026-05-16 03:36:24.428 | INFO | PID:435 | reverb_util.__init__:52 - aisrv learner_proxy reverb client Client, server_address=127.0.0.1:9999 127.0.0.1:9999 connect to reverb server
2026-05-16 03:36:24.428 | INFO | PID:435 | learner_proxy.before_run:435 - learner_proxy reverb server is 127.0.0.1:9999, table_names is ['reverb_replay_buffer_table_0']
2026-05-16 03:36:24.429 | INFO | PID:435 | learner_proxy.before_run:491 - learner_proxy zmq client connect at 127.0.0.1:9997 with client_id 57328908
2026-05-16 03:36:24.429 | INFO | PID:435 | learner_proxy.before_run:506 - learner_proxy policy_name: train_one, start success at pid 435
2026-05-16 03:36:24.475 | INFO | PID:439 | base_env.__init__:1135 - learner kaiwu_env start at pid 439
2026-05-16 03:36:24.483 | INFO | PID:439 | isaac_env.before_run:91 - learner isaac_env start at pid 439, env is <tools.base_env.base_env.Robot object at 0x7fe1c0ab9590>
2026-05-16 03:36:24.483 | INFO | PID:439 | isaac_env.before_run:91 - learner isaac_env start at pid 439, env is <tools.base_env.base_env.Robot object at 0x7fe1c0ab9590>
cat: '/sys/devices/system/cpu/cpu*/cpufreq/scaling_governor': No such file or directory
[Info] [carb] Logging to file: /isaac-sim/kit/logs/Kit/Isaac-Sim/5.1/kit_20260516_033624.log
2026-05-15T19:36:24Z [456ms] [Warning] [carb.windowing-glfw.plugin] GLFW initialization failed.
2026-05-15T19:36:24Z [456ms] [Warning] [carb] Failed to startup plugin carb.windowing-glfw.plugin (interfaces: [carb::windowing::IGLContext v1.0],[carb::windowing::IWindowing v1.5]) (impl: carb.windowing-glfw.plugin)
2026-05-15T19:36:25Z [472ms] [Warning] [omni.platforminfo.plugin] failed to open the default display.  Can't verify X Server version.

|---------------------------------------------------------------------------------------------|
| Driver Version: 550.144.03    | Graphics API: Vulkan
|=============================================================================================|
| GPU | Name                             | Active | LDA | GPU Memory | Vendor-ID | LUID       |
|     |                                  |        |     |            | Device-ID | UUID       |
|     |                                  |        |     |            | Bus-ID    |            |
|---------------------------------------------------------------------------------------------|
| 0   | NVIDIA GeForce RTX 4090 D        | Yes: 0 |     | 24564   MB | 10de      | 0          |
|     |                                  |        |     |            | 2685      | 9aa6d93b.. |
|     |                                  |        |     |            | 23        |            |
|=============================================================================================|
| OS: 24.04.2 LTS (Noble Numbat) ubuntu, Version: 24.04.2, Kernel: 5.4.119-19.0009.65.1
| Processor: INTEL(R) XEON(R) PLATINUM 8576C
| Bare Metal Cores: 10 | Bare Metal Logical Cores: 20
| Core Usage Quota: 6
|---------------------------------------------------------------------------------------------|
| Total Memory (MB): 24576 | Free Memory: 22295
| Total Page/Swap (MB): 0 | Free Page/Swap: 0
|---------------------------------------------------------------------------------------------|
2026-05-15T19:36:26Z [1,875ms] [Warning] [carb.windowing-glfw.plugin] GLFW initialization failed.
2026-05-15T19:36:26Z [1,875ms] [Warning] [carb] Failed to startup plugin carb.windowing-glfw.plugin (interfaces: [carb::windowing::IGLContext v1.0],[carb::windowing::IWindowing v1.5]) (impl: carb.windowing-glfw.plugin)
2026-05-15T19:36:26Z [1,885ms] [Warning] [carb.windowing-glfw.plugin] GLFW initialization failed.
2026-05-15T19:36:26Z [1,885ms] [Warning] [carb] Failed to startup plugin carb.windowing-glfw.plugin (interfaces: [carb::windowing::IGLContext v1.0],[carb::windowing::IWindowing v1.5]) (impl: carb.windowing-glfw.plugin)
2026-05-15T19:36:26Z [1,891ms] [Warning] [carb.windowing-glfw.plugin] GLFW initialization failed.
2026-05-15T19:36:26Z [1,891ms] [Warning] [carb] Failed to startup plugin carb.windowing-glfw.plugin (interfaces: [carb::windowing::IGLContext v1.0],[carb::windowing::IWindowing v1.5]) (impl: carb.windowing-glfw.plugin)
2026-05-15T19:36:26Z [1,899ms] [Warning] [carb.windowing-glfw.plugin] GLFW initialization failed.
2026-05-15T19:36:26Z [1,900ms] [Warning] [carb] Failed to startup plugin carb.windowing-glfw.plugin (interfaces: [carb::windowing::IGLContext v1.0],[carb::windowing::IWindowing v1.5]) (impl: carb.windowing-glfw.plugin)
2026-05-15T19:36:26Z [1,901ms] [Warning] [carb.windowing-glfw.plugin] GLFW initialization failed.
2026-05-15T19:36:26Z [1,901ms] [Warning] [carb] Failed to startup plugin carb.windowing-glfw.plugin (interfaces: [carb::windowing::IGLContext v1.0],[carb::windowing::IWindowing v1.5]) (impl: carb.windowing-glfw.plugin)
2026-05-15T19:36:26Z [1,902ms] [Warning] [carb.windowing-glfw.plugin] GLFW initialization failed.
2026-05-15T19:36:26Z [1,902ms] [Warning] [carb] Failed to startup plugin carb.windowing-glfw.plugin (interfaces: [carb::windowing::IGLContext v1.0],[carb::windowing::IWindowing v1.5]) (impl: carb.windowing-glfw.plugin)
2026-05-15T19:36:26Z [2,223ms] [Warning] [omni.log] Source: omni.hydra was already registered.
2026-05-15T19:36:27Z [3,221ms] [Warning] [carb] Acquiring non optional plugin interface which is not listed as dependency: [omni::physx::IPhysxBenchmarks v1.0] (plugin: <default plugin>), by client: omni.physics.physx.plugin. Add it to CARB_PLUGIN_IMPL_DEPS() macro of a client.
[INFO][AppLauncher]: Using device: cuda:0
[INFO][AppLauncher]: Loading experience file: /workspace/isaaclab/apps/isaaclab.python.headless.rendering.kit
2026-05-16 03:36:40.174 | INFO | PID:439 | base_env._launch_sim_app:1227 - learner SimulationApp started successfully (enable_cameras=True)
2026-05-16 03:36:40.174 | INFO | PID:439 | base_env._launch_sim_app:1227 - learner SimulationApp started successfully (enable_cameras=True)
/opt/conda/envs/env_isaaclab/lib/python3.11/site-packages/gymnasium/envs/registration.py:636: UserWarning: [33mWARN: Overriding environment Unitree-G1-29dof-Velocity already in registry.[0m
  logger.warn(f"Overriding environment {new_spec.id} already in registry.")
/opt/conda/envs/env_isaaclab/lib/python3.11/site-packages/gymnasium/envs/registration.py:636: UserWarning: [33mWARN: Overriding environment Unitree-Go2-Velocity already in registry.[0m
  logger.warn(f"Overriding environment {new_spec.id} already in registry.")
/opt/conda/envs/env_isaaclab/lib/python3.11/site-packages/gymnasium/envs/registration.py:636: UserWarning: [33mWARN: Overriding environment Unitree-H1-Velocity already in registry.[0m
  logger.warn(f"Overriding environment {new_spec.id} already in registry.")
/opt/conda/envs/env_isaaclab/lib/python3.11/site-packages/gymnasium/envs/registration.py:636: UserWarning: [33mWARN: Overriding environment Unitree-G1-29dof-Mimic-Dance-102 already in registry.[0m
  logger.warn(f"Overriding environment {new_spec.id} already in registry.")
/opt/conda/envs/env_isaaclab/lib/python3.11/site-packages/gymnasium/envs/registration.py:636: UserWarning: [33mWARN: Overriding environment Unitree-G1-29dof-Mimic-Gangnanm-Style already in registry.[0m
  logger.warn(f"Overriding environment {new_spec.id} already in registry.")
[INFO]: Parsing configuration from: unitree_rl_lab.tasks.locomotion.robots.go2.velocity_env_cfg:RobotPlayEnvCfg
2026-05-16 03:36:40.465 | INFO | PID:439 | base_env._log:305 - learner [terrain] Set terrain_type='generator', mode='track'
2026-05-16 03:36:40.465 | INFO | PID:439 | base_env._log:305 - learner [terrain] Set terrain_type='generator', mode='track'
2026-05-16 03:36:40.465 | INFO | PID:439 | base_env._log:305 - learner [terrain] Switched reset_base to reset_root_state_track_start (track mode)
2026-05-16 03:36:40.465 | INFO | PID:439 | base_env._log:305 - learner [terrain] Switched reset_base to reset_root_state_track_start (track mode)
2026-05-16 03:36:40.465 | INFO | PID:439 | base_env._log:305 - learner [terrain] Eval mode: set terrain_generator.seed=0
2026-05-16 03:36:40.465 | INFO | PID:439 | base_env._log:305 - learner [terrain] Eval mode: set terrain_generator.seed=0
2026-05-16 03:36:40.466 | INFO | PID:439 | base_env._log:305 - learner [seed] Eval mode: terrain_seed=0 (stable), env_cfg.seed=757303534 (from RANDOM_SEED, differs per round)
2026-05-16 03:36:40.466 | INFO | PID:439 | base_env._log:305 - learner [seed] Eval mode: terrain_seed=0 (stable), env_cfg.seed=757303534 (from RANDOM_SEED, differs per round)
2026-05-16 03:36:40.466 | INFO | PID:439 | base_env._log:305 - learner [terrain] Set terrain_generator.difficulty_range=(0.0, 1.0)
2026-05-16 03:36:40.466 | INFO | PID:439 | base_env._log:305 - learner [terrain] Set terrain_generator.difficulty_range=(0.0, 1.0)
2026-05-16 03:36:40.466 | INFO | PID:439 | base_env._log:305 - learner [terrain] Set terrain_generator.curriculum=False
2026-05-16 03:36:40.466 | INFO | PID:439 | base_env._log:305 - learner [terrain] Set terrain_generator.curriculum=False
2026-05-16 03:36:40.466 | INFO | PID:439 | base_env._log:305 - learner [terrain] Disabled curriculum.terrain_levels (curriculum=false)
2026-05-16 03:36:40.466 | INFO | PID:439 | base_env._log:305 - learner [terrain] Disabled curriculum.terrain_levels (curriculum=false)
2026-05-16 03:36:40.466 | INFO | PID:439 | base_env._log:305 - learner [terrain] Disabled curriculum.lin_vel_cmd_levels (curriculum=false)
2026-05-16 03:36:40.466 | INFO | PID:439 | base_env._log:305 - learner [terrain] Disabled curriculum.lin_vel_cmd_levels (curriculum=false)
2026-05-16 03:36:40.466 | INFO | PID:439 | base_env._log:305 - learner [terrain.track] Set track_length=1 (num_rows=1)
2026-05-16 03:36:40.466 | INFO | PID:439 | base_env._log:305 - learner [terrain.track] Set track_length=1 (num_rows=1)
2026-05-16 03:36:40.466 | INFO | PID:439 | base_env._log:305 - learner [terrain.track] Set num_parallel_tracks=10 (num_cols=10)
2026-05-16 03:36:40.466 | INFO | PID:439 | base_env._log:305 - learner [terrain.track] Set num_parallel_tracks=10 (num_cols=10)
2026-05-16 03:36:40.466 | INFO | PID:439 | base_env._log:305 - learner [terrain.track] Set sub_terrains_order=['open_entry_maze'] (from sub_terrains)
2026-05-16 03:36:40.466 | INFO | PID:439 | base_env._log:305 - learner [terrain.track] Set sub_terrains_order=['open_entry_maze'] (from sub_terrains)
2026-05-16 03:36:40.467 | INFO | PID:439 | base_env._log:305 - learner [terrain] Eval level list: [6, 7, 8, 9]
2026-05-16 03:36:40.467 | INFO | PID:439 | base_env._log:305 - learner [terrain] Eval level list: [6, 7, 8, 9]
2026-05-16 03:36:40.467 | INFO | PID:439 | base_env._log:305 - learner [terrain] Forced tg.curriculum=True so Isaac Lab uses curriculum terrain generation (fixed col→sub mapping); level placement stays deterministic via reset_root_state_eval_level_aware
2026-05-16 03:36:40.467 | INFO | PID:439 | base_env._log:305 - learner [terrain] Forced tg.curriculum=True so Isaac Lab uses curriculum terrain generation (fixed col→sub mapping); level placement stays deterministic via reset_root_state_eval_level_aware
2026-05-16 03:36:40.467 | INFO | PID:439 | base_env._log:305 - learner [terrain] Forced curriculum.terrain_levels=None (eval level list)
2026-05-16 03:36:40.467 | INFO | PID:439 | base_env._log:305 - learner [terrain] Forced curriculum.terrain_levels=None (eval level list)
2026-05-16 03:36:40.467 | INFO | PID:439 | base_env._log:305 - learner [terrain] Switched reset_base to reset_root_state_eval_level_aware (eval level list)
2026-05-16 03:36:40.467 | INFO | PID:439 | base_env._log:305 - learner [terrain] Switched reset_base to reset_root_state_eval_level_aware (eval level list)
2026-05-16 03:36:40.467 | INFO | PID:439 | base_env._log:305 - learner [init_state] Set robot init_state.pos=(0.0, 0.0, 0.35)
2026-05-16 03:36:40.467 | INFO | PID:439 | base_env._log:305 - learner [init_state] Set robot init_state.pos=(0.0, 0.0, 0.35)
2026-05-16 03:36:40.467 | INFO | PID:439 | base_env._log:305 - learner [commands] Set resampling_time_range=(5.0, 5.0)
2026-05-16 03:36:40.467 | INFO | PID:439 | base_env._log:305 - learner [commands] Set resampling_time_range=(5.0, 5.0)
2026-05-15T19:36:27Z [3,235ms] [Warning] [omni.isaac.dynamic_control] omni.isaac.dynamic_control is deprecated as of Isaac Sim 4.5. No action is needed from end-users.
2026-05-15T19:36:29Z [4,489ms] [Warning] [pxr.Semantics] pxr.Semantics is deprecated - please use Semantics instead
2026-05-15T19:36:29Z [4,683ms] [Warning] [omni.graph.core.plugin] Found duplicate of category 'Replicator' - was 'Annotators', adding 'Fabric Reader'
2026-05-15T19:36:29Z [4,683ms] [Warning] [omni.graph.core.plugin] Category 'Replicator' not accepted on node type 'omni.replicator.core.FabricReader' in extension 'omni.replicator.core'
2026-05-15T19:36:29Z [4,684ms] [Warning] [omni.replicator.core.scripts.extension] No material configuration file, adding configuration to material settings directly.
2026-05-15T19:36:35Z [10,501ms] [Warning] [carb.scenerenderer-rtx.plugin] Creating rtx::optixdenoising::OptixDenoiserContext failed. Denoising with optix is disabled.
2026-05-15T19:36:39Z [15,172ms] [Warning] [omni.fabric.plugin] Warning: attribute viewportHandle not found for bucket id 7

2026-05-15T19:36:41Z [16,901ms] [Warning] [isaacsim.asset.importer.urdf] The path 深色橡胶_001-effect is not a valid usd path, modifying to a_____________001_effect
2026-05-15T19:36:41Z [16,901ms] [Warning] [isaacsim.asset.importer.urdf] The path 深色橡胶_001-effect is not a valid usd path, modifying to a_____________001_effect
2026-05-15T19:36:41Z [16,901ms] [Warning] [isaacsim.asset.importer.urdf] The path 深色橡胶_003-effect is not a valid usd path, modifying to a_____________003_effect
2026-05-15T19:36:41Z [16,901ms] [Warning] [isaacsim.asset.importer.urdf] The path 黑色足端_005-effect is not a valid usd path, modifying to a_____________005_effect
2026-05-15T19:36:41Z [16,901ms] [Warning] [isaacsim.asset.importer.urdf] The path 黑色足端_007-effect is not a valid usd path, modifying to a_____________007_effect
2026-05-15T19:36:41Z [16,901ms] [Warning] [isaacsim.asset.importer.urdf] The path 深色橡胶_001-effect is not a valid usd path, modifying to a_____________001_effect
2026-05-15T19:36:41Z [16,901ms] [Warning] [isaacsim.asset.importer.urdf] The path 深色橡胶_012-effect is not a valid usd path, modifying to a_____________012_effect
2026-05-15T19:36:41Z [16,901ms] [Warning] [isaacsim.asset.importer.urdf] The path 黑色足端_006-effect is not a valid usd path, modifying to a_____________006_effect
2026-05-15T19:36:41Z [16,901ms] [Warning] [isaacsim.asset.importer.urdf] The path 黑色足端_007-effect is not a valid usd path, modifying to a_____________007_effect
2026-05-15T19:36:41Z [16,901ms] [Warning] [isaacsim.asset.importer.urdf] The path 深色橡胶_001-effect is not a valid usd path, modifying to a_____________001_effect
2026-05-15T19:36:41Z [16,901ms] [Warning] [isaacsim.asset.importer.urdf] The path 深色橡胶_003-effect is not a valid usd path, modifying to a_____________003_effect
2026-05-15T19:36:41Z [16,901ms] [Warning] [isaacsim.asset.importer.urdf] The path 黑色足端_005-effect is not a valid usd path, modifying to a_____________005_effect
2026-05-15T19:36:41Z [16,901ms] [Warning] [isaacsim.asset.importer.urdf] The path 黑色足端_007-effect is not a valid usd path, modifying to a_____________007_effect
2026-05-15T19:36:41Z [16,901ms] [Warning] [isaacsim.asset.importer.urdf] The path 深色橡胶_001-effect is not a valid usd path, modifying to a_____________001_effect
2026-05-15T19:36:41Z [16,901ms] [Warning] [isaacsim.asset.importer.urdf] The path 深色橡胶_012-effect is not a valid usd path, modifying to a_____________012_effect
2026-05-15T19:36:41Z [16,901ms] [Warning] [isaacsim.asset.importer.urdf] The path 黑色足端_006-effect is not a valid usd path, modifying to a_____________006_effect
2026-05-15T19:36:41Z [16,901ms] [Warning] [isaacsim.asset.importer.urdf] The path 黑色足端_007-effect is not a valid usd path, modifying to a_____________007_effect
2026-05-15T19:36:41Z [16,902ms] [Warning] [isaacsim.asset.importer.urdf] link FL_calflower1 has no body properties (mass, inertia, or collisions) and is being merged into FL_calflower
2026-05-15T19:36:41Z [16,902ms] [Warning] [isaacsim.asset.importer.urdf] link FL_calflower has no body properties (mass, inertia, or collisions) and is being merged into FL_calf
2026-05-15T19:36:41Z [16,902ms] [Warning] [isaacsim.asset.importer.urdf] link FR_calflower1 has no body properties (mass, inertia, or collisions) and is being merged into FR_calflower
2026-05-15T19:36:41Z [16,902ms] [Warning] [isaacsim.asset.importer.urdf] link FR_calflower has no body properties (mass, inertia, or collisions) and is being merged into FR_calf
2026-05-15T19:36:41Z [16,902ms] [Warning] [isaacsim.asset.importer.urdf] link RL_calflower1 has no body properties (mass, inertia, or collisions) and is being merged into RL_calflower
2026-05-15T19:36:41Z [16,902ms] [Warning] [isaacsim.asset.importer.urdf] link RL_calflower has no body properties (mass, inertia, or collisions) and is being merged into RL_calf
2026-05-15T19:36:41Z [16,902ms] [Warning] [isaacsim.asset.importer.urdf] link RR_calflower1 has no body properties (mass, inertia, or collisions) and is being merged into RR_calflower
2026-05-15T19:36:41Z [16,902ms] [Warning] [isaacsim.asset.importer.urdf] link RR_calflower has no body properties (mass, inertia, or collisions) and is being merged into RR_calf
2026-05-15T19:36:41Z [16,902ms] [Warning] [isaacsim.asset.importer.urdf] link front_camera has no body properties (mass, inertia, or collisions) and is being merged into base
2026-05-15T19:36:41Z [16,902ms] [Warning] [isaacsim.asset.importer.urdf] link imu has no body properties (mass, inertia, or collisions) and is being merged into base
2026-05-15T19:36:41Z [16,902ms] [Warning] [isaacsim.asset.importer.urdf] link radar has no body properties (mass, inertia, or collisions) and is being merged into base
2026-05-15T19:36:41Z [17,293ms] [Warning] [isaacsim.asset.importer.urdf] FL_foot_joint: Joint Axis is not body aligned with X, Y or Z primary axis. Adjusting PhysX joint alignment to Axis X and reorienting bodies.
2026-05-15T19:36:41Z [17,295ms] [Warning] [omni.usd] Warning: in _ReportErrors at line 3172 of /builds/omniverse/usd-ci/USD/pxr/usd/usd/stage.cpp -- In </go2_description/FL_calf_rotor/visuals>: Unresolved reference prim path @/tmp/IsaacLab/usd_20260516_033641_4964/configuration/go2_description_physics.usd@</visuals/FL_calf_rotor> introduced by @/tmp/IsaacLab/usd_20260516_033641_4964/configuration/go2_description_base.usd@</go2_description/FL_calf_rotor/visuals> (recomposing stage on stage @/tmp/IsaacLab/usd_20260516_033641_4964/configuration/go2_description_physics.usd@ <0x55af77bb3880>)

2026-05-15T19:36:41Z [17,295ms] [Warning] [omni.usd] Warning: in _ReportErrors at line 3172 of /builds/omniverse/usd-ci/USD/pxr/usd/usd/stage.cpp -- In </go2_description/FL_calf_rotor/visuals>: Unresolved reference prim path @/tmp/IsaacLab/usd_20260516_033641_4964/go2_description.usd@</visuals/FL_calf_rotor> introduced by @/tmp/IsaacLab/usd_20260516_033641_4964/configuration/go2_description_base.usd@</go2_description/FL_calf_rotor/visuals> (recomposing stage on stage @/tmp/IsaacLab/usd_20260516_033641_4964/go2_description.usd@ <0x55af72c64290>)

2026-05-15T19:36:41Z [17,295ms] [Warning] [omni.usd] Warning: in _ReportErrors at line 3172 of /builds/omniverse/usd-ci/USD/pxr/usd/usd/stage.cpp -- In </go2_description/FL_calf_rotor/visuals>: Unresolved reference prim path @/tmp/IsaacLab/usd_20260516_033641_4964/go2_description.usd@</visuals/FL_calf_rotor> introduced by @/tmp/IsaacLab/usd_20260516_033641_4964/configuration/go2_description_base.usd@</go2_description/FL_calf_rotor/visuals> (recomposing stage on stage @/tmp/IsaacLab/usd_20260516_033641_4964/go2_description.usd@ <0x55af6f2d33b0>)

2026-05-15T19:36:41Z [17,295ms] [Warning] [omni.usd] Warning: in _ReportErrors at line 3172 of /builds/omniverse/usd-ci/USD/pxr/usd/usd/stage.cpp -- In </go2_description/FL_calf_rotor/visuals>: Unresolved reference prim path @/tmp/IsaacLab/usd_20260516_033641_4964/configuration/go2_description_base.usd@</visuals/FL_calf_rotor> introduced by @/tmp/IsaacLab/usd_20260516_033641_4964/configuration/go2_description_base.usd@</go2_description/FL_calf_rotor/visuals> (recomposing stage on stage @/tmp/IsaacLab/usd_20260516_033641_4964/configuration/go2_description_base.usd@ <0x55af7a164e30>)

2026-05-15T19:36:41Z [17,295ms] [Warning] [omni.usd] Warning: in _ReportErrors at line 3172 of /builds/omniverse/usd-ci/USD/pxr/usd/usd/stage.cpp -- In </go2_description/FL_calf_rotor/visuals>: Unresolved reference prim path @/tmp/IsaacLab/usd_20260516_033641_4964/configuration/go2_description_physics.usd@</visuals/FL_calf_rotor> introduced by @/tmp/IsaacLab/usd_20260516_033641_4964/configuration/go2_description_base.usd@</go2_description/FL_calf_rotor/visuals> (recomposing stage on stage @/tmp/IsaacLab/usd_20260516_033641_4964/configuration/go2_description_physics.usd@ <0x55af77bb3880>)

2026-05-15T19:36:41Z [17,295ms] [Warning] [omni.usd] Warning: in _ReportErrors at line 3172 of /builds/omniverse/usd-ci/USD/pxr/usd/usd/stage.cpp -- In </go2_description/FL_calf_rotor/visuals>: Unresolved reference prim path @/tmp/IsaacLab/usd_20260516_033641_4964/go2_description.usd@</visuals/FL_calf_rotor> introduced by @/tmp/IsaacLab/usd_20260516_033641_4964/configuration/go2_description_base.usd@</go2_description/FL_calf_rotor/visuals> (recomposing stage on stage @/tmp/IsaacLab/usd_20260516_033641_4964/go2_description.usd@ <0x55af72c64290>)

2026-05-15T19:36:41Z [17,295ms] [Warning] [omni.usd] Warning: in _ReportErrors at line 3172 of /builds/omniverse/usd-ci/USD/pxr/usd/usd/stage.cpp -- In </go2_description/FL_calf_rotor/visuals>: Unresolved reference prim path @/tmp/IsaacLab/usd_20260516_033641_4964/go2_description.usd@</visuals/FL_calf_rotor> introduced by @/tmp/IsaacLab/usd_20260516_033641_4964/configuration/go2_description_base.usd@</go2_description/FL_calf_rotor/visuals> (recomposing stage on stage @/tmp/IsaacLab/usd_20260516_033641_4964/go2_description.usd@ <0x55af6f2d33b0>)

2026-05-15T19:36:41Z [17,295ms] [Warning] [omni.usd] Warning: in _ReportErrors at line 3172 of /builds/omniverse/usd-ci/USD/pxr/usd/usd/stage.cpp -- In </go2_description/FL_calf_rotor/visuals>: Unresolved reference prim path @/tmp/IsaacLab/usd_20260516_033641_4964/configuration/go2_description_base.usd@</visuals/FL_calf_rotor> introduced by @/tmp/IsaacLab/usd_20260516_033641_4964/configuration/go2_description_base.usd@</go2_description/FL_calf_rotor/visuals> (recomposing stage on stage @/tmp/IsaacLab/usd_20260516_033641_4964/configuration/go2_description_base.usd@ <0x55af7a164e30>)

2026-05-15T19:36:41Z [17,298ms] [Warning] [omni.usd] Warning: in _ReportErrors at line 3172 of /builds/omniverse/usd-ci/USD/pxr/usd/usd/stage.cpp -- In </go2_description/FL_thigh_rotor/visuals>: Unresolved reference prim path @/tmp/IsaacLab/usd_20260516_033641_4964/configuration/go2_description_physics.usd@</visuals/FL_thigh_rotor> introduced by @/tmp/IsaacLab/usd_20260516_033641_4964/configuration/go2_description_base.usd@</go2_description/FL_thigh_rotor/visuals> (recomposing stage on stage @/tmp/IsaacLab/usd_20260516_033641_4964/configuration/go2_description_physics.usd@ <0x55af77bb3880>)

2026-05-15T19:36:41Z [17,299ms] [Warning] [omni.usd] Warning: in _ReportErrors at line 3172 of /builds/omniverse/usd-ci/USD/pxr/usd/usd/stage.cpp -- In </go2_description/FL_thigh_rotor/visuals>: Unresolved reference prim path @/tmp/IsaacLab/usd_20260516_033641_4964/go2_description.usd@</visuals/FL_thigh_rotor> introduced by @/tmp/IsaacLab/usd_20260516_033641_4964/configuration/go2_description_base.usd@</go2_description/FL_thigh_rotor/visuals> (recomposing stage on stage @/tmp/IsaacLab/usd_20260516_033641_4964/go2_description.usd@ <0x55af72c64290>)

2026-05-15T19:36:41Z [17,299ms] [Warning] [omni.usd] Warning: in _ReportErrors at line 3172 of /builds/omniverse/usd-ci/USD/pxr/usd/usd/stage.cpp -- In </go2_description/FL_thigh_rotor/visuals>: Unresolved reference prim path @/tmp/IsaacLab/usd_20260516_033641_4964/go2_description.usd@</visuals/FL_thigh_rotor> introduced by @/tmp/IsaacLab/usd_20260516_033641_4964/configuration/go2_description_base.usd@</go2_description/FL_thigh_rotor/visuals> (recomposing stage on stage @/tmp/IsaacLab/usd_20260516_033641_4964/go2_description.usd@ <0x55af6f2d33b0>)

2026-05-15T19:36:41Z [17,299ms] [Warning] [omni.usd] Warning: in _ReportErrors at line 3172 of /builds/omniverse/usd-ci/USD/pxr/usd/usd/stage.cpp -- In </go2_description/FL_thigh_rotor/visuals>: Unresolved reference prim path @/tmp/IsaacLab/usd_20260516_033641_4964/configuration/go2_description_base.usd@</visuals/FL_thigh_rotor> introduced by @/tmp/IsaacLab/usd_20260516_033641_4964/configuration/go2_description_base.usd@</go2_description/FL_thigh_rotor/visuals> (recomposing stage on stage @/tmp/IsaacLab/usd_20260516_033641_4964/configuration/go2_description_base.usd@ <0x55af7a164e30>)

2026-05-15T19:36:41Z [17,299ms] [Warning] [omni.usd] Warning: in _ReportErrors at line 3172 of /builds/omniverse/usd-ci/USD/pxr/usd/usd/stage.cpp -- In </go2_description/FL_thigh_rotor/visuals>: Unresolved reference prim path @/tmp/IsaacLab/usd_20260516_033641_4964/configuration/go2_description_physics.usd@</visuals/FL_thigh_rotor> introduced by @/tmp/IsaacLab/usd_20260516_033641_4964/configuration/go2_description_base.usd@</go2_description/FL_thigh_rotor/visuals> (recomposing stage on stage @/tmp/IsaacLab/usd_20260516_033641_4964/configuration/go2_description_physics.usd@ <0x55af77bb3880>)

2026-05-15T19:36:41Z [17,299ms] [Warning] [omni.usd] Warning: in _ReportErrors at line 3172 of /builds/omniverse/usd-ci/USD/pxr/usd/usd/stage.cpp -- In </go2_description/FL_thigh_rotor/visuals>: Unresolved reference prim path @/tmp/IsaacLab/usd_20260516_033641_4964/go2_description.usd@</visuals/FL_thigh_rotor> introduced by @/tmp/IsaacLab/usd_20260516_033641_4964/configuration/go2_description_base.usd@</go2_description/FL_thigh_rotor/visuals> (recomposing stage on stage @/tmp/IsaacLab/usd_20260516_033641_4964/go2_description.usd@ <0x55af72c64290>)

2026-05-15T19:36:41Z [17,299ms] [Warning] [omni.usd] Warning: in _ReportErrors at line 3172 of /builds/omniverse/usd-ci/USD/pxr/usd/usd/stage.cpp -- In </go2_description/FL_thigh_rotor/visuals>: Unresolved reference prim path @/tmp/IsaacLab/usd_20260516_033641_4964/go2_description.usd@</visuals/FL_thigh_rotor> introduced by @/tmp/IsaacLab/usd_20260516_033641_4964/configuration/go2_description_base.usd@</go2_description/FL_thigh_rotor/visuals> (recomposing stage on stage @/tmp/IsaacLab/usd_20260516_033641_4964/go2_description.usd@ <0x55af6f2d33b0>)

2026-05-15T19:36:41Z [17,299ms] [Warning] [omni.usd] Warning: in _ReportErrors at line 3172 of /builds/omniverse/usd-ci/USD/pxr/usd/usd/stage.cpp -- In </go2_description/FL_thigh_rotor/visuals>: Unresolved reference prim path @/tmp/IsaacLab/usd_20260516_033641_4964/configuration/go2_description_base.usd@</visuals/FL_thigh_rotor> introduced by @/tmp/IsaacLab/usd_20260516_033641_4964/configuration/go2_description_base.usd@</go2_description/FL_thigh_rotor/visuals> (recomposing stage on stage @/tmp/IsaacLab/usd_20260516_033641_4964/configuration/go2_description_base.usd@ <0x55af7a164e30>)

2026-05-15T19:36:41Z [17,302ms] [Warning] [omni.usd] Warning: in _ReportErrors at line 3172 of /builds/omniverse/usd-ci/USD/pxr/usd/usd/stage.cpp -- In </go2_description/FL_hip_rotor/visuals>: Unresolved reference prim path @/tmp/IsaacLab/usd_20260516_033641_4964/configuration/go2_description_physics.usd@</visuals/FL_hip_rotor> introduced by @/tmp/IsaacLab/usd_20260516_033641_4964/configuration/go2_description_base.usd@</go2_description/FL_hip_rotor/visuals> (recomposing stage on stage @/tmp/IsaacLab/usd_20260516_033641_4964/configuration/go2_description_physics.usd@ <0x55af77bb3880>)

2026-05-15T19:36:41Z [17,302ms] [Warning] [omni.usd] Warning: in _ReportErrors at line 3172 of /builds/omniverse/usd-ci/USD/pxr/usd/usd/stage.cpp -- In </go2_description/FL_hip_rotor/visuals>: Unresolved reference prim path @/tmp/IsaacLab/usd_20260516_033641_4964/go2_description.usd@</visuals/FL_hip_rotor> introduced by @/tmp/IsaacLab/usd_20260516_033641_4964/configuration/go2_description_base.usd@</go2_description/FL_hip_rotor/visuals> (recomposing stage on stage @/tmp/IsaacLab/usd_20260516_033641_4964/go2_description.usd@ <0x55af72c64290>)

2026-05-15T19:36:41Z [17,302ms] [Warning] [omni.usd] Warning: in _ReportErrors at line 3172 of /builds/omniverse/usd-ci/USD/pxr/usd/usd/stage.cpp -- In </go2_description/FL_hip_rotor/visuals>: Unresolved reference prim path @/tmp/IsaacLab/usd_20260516_033641_4964/go2_description.usd@</visuals/FL_hip_rotor> introduced by @/tmp/IsaacLab/usd_20260516_033641_4964/configuration/go2_description_base.usd@</go2_description/FL_hip_rotor/visuals> (recomposing stage on stage @/tmp/IsaacLab/usd_20260516_033641_4964/go2_description.usd@ <0x55af6f2d33b0>)

2026-05-15T19:36:41Z [17,303ms] [Warning] [omni.usd] Warning: in _ReportErrors at line 3172 of /builds/omniverse/usd-ci/USD/pxr/usd/usd/stage.cpp -- In </go2_description/FL_hip_rotor/visuals>: Unresolved reference prim path @/tmp/IsaacLab/usd_20260516_033641_4964/configuration/go2_description_base.usd@</visuals/FL_hip_rotor> introduced by @/tmp/IsaacLab/usd_20260516_033641_4964/configuration/go2_description_base.usd@</go2_description/FL_hip_rotor/visuals> (recomposing stage on stage @/tmp/IsaacLab/usd_20260516_033641_4964/configuration/go2_description_base.usd@ <0x55af7a164e30>)

2026-05-15T19:36:41Z [17,303ms] [Warning] [omni.usd] Warning: in _ReportErrors at line 3172 of /builds/omniverse/usd-ci/USD/pxr/usd/usd/stage.cpp -- In </go2_description/FL_hip_rotor/visuals>: Unresolved reference prim path @/tmp/IsaacLab/usd_20260516_033641_4964/configuration/go2_description_physics.usd@</visuals/FL_hip_rotor> introduced by @/tmp/IsaacLab/usd_20260516_033641_4964/configuration/go2_description_base.usd@</go2_description/FL_hip_rotor/visuals> (recomposing stage on stage @/tmp/IsaacLab/usd_20260516_033641_4964/configuration/go2_description_physics.usd@ <0x55af77bb3880>)

2026-05-15T19:36:41Z [17,303ms] [Warning] [omni.usd] Warning: in _ReportErrors at line 3172 of /builds/omniverse/usd-ci/USD/pxr/usd/usd/stage.cpp -- In </go2_description/FL_hip_rotor/visuals>: Unresolved reference prim path @/tmp/IsaacLab/usd_20260516_033641_4964/go2_description.usd@</visuals/FL_hip_rotor> introduced by @/tmp/IsaacLab/usd_20260516_033641_4964/configuration/go2_description_base.usd@</go2_description/FL_hip_rotor/visuals> (recomposing stage on stage @/tmp/IsaacLab/usd_20260516_033641_4964/go2_description.usd@ <0x55af72c64290>)

2026-05-15T19:36:41Z [17,303ms] [Warning] [omni.usd] Warning: in _ReportErrors at line 3172 of /builds/omniverse/usd-ci/USD/pxr/usd/usd/stage.cpp -- In </go2_description/FL_hip_rotor/visuals>: Unresolved reference prim path @/tmp/IsaacLab/usd_20260516_033641_4964/go2_description.usd@</visuals/FL_hip_rotor> introduced by @/tmp/IsaacLab/usd_20260516_033641_4964/configuration/go2_description_base.usd@</go2_description/FL_hip_rotor/visuals> (recomposing stage on stage @/tmp/IsaacLab/usd_20260516_033641_4964/go2_description.usd@ <0x55af6f2d33b0>)

2026-05-15T19:36:41Z [17,303ms] [Warning] [omni.usd] Warning: in _ReportErrors at line 3172 of /builds/omniverse/usd-ci/USD/pxr/usd/usd/stage.cpp -- In </go2_description/FL_hip_rotor/visuals>: Unresolved reference prim path @/tmp/IsaacLab/usd_20260516_033641_4964/configuration/go2_description_base.usd@</visuals/FL_hip_rotor> introduced by @/tmp/IsaacLab/usd_20260516_033641_4964/configuration/go2_description_base.usd@</go2_description/FL_hip_rotor/visuals> (recomposing stage on stage @/tmp/IsaacLab/usd_20260516_033641_4964/configuration/go2_description_base.usd@ <0x55af7a164e30>)

2026-05-15T19:36:41Z [17,423ms] [Warning] [isaacsim.asset.importer.urdf] FR_foot_joint: Joint Axis is not body aligned with X, Y or Z primary axis. Adjusting PhysX joint alignment to Axis X and reorienting bodies.
2026-05-15T19:36:41Z [17,425ms] [Warning] [omni.usd] Warning: in _ReportErrors at line 3172 of /builds/omniverse/usd-ci/USD/pxr/usd/usd/stage.cpp -- In </go2_description/FR_calf_rotor/visuals>: Unresolved reference prim path @/tmp/IsaacLab/usd_20260516_033641_4964/configuration/go2_description_physics.usd@</visuals/FR_calf_rotor> introduced by @/tmp/IsaacLab/usd_20260516_033641_4964/configuration/go2_description_base.usd@</go2_description/FR_calf_rotor/visuals> (recomposing stage on stage @/tmp/IsaacLab/usd_20260516_033641_4964/configuration/go2_description_physics.usd@ <0x55af77bb3880>)

2026-05-15T19:36:41Z [17,425ms] [Warning] [omni.usd] Warning: in _ReportErrors at line 3172 of /builds/omniverse/usd-ci/USD/pxr/usd/usd/stage.cpp -- In </go2_description/FR_calf_rotor/visuals>: Unresolved reference prim path @/tmp/IsaacLab/usd_20260516_033641_4964/go2_description.usd@</visuals/FR_calf_rotor> introduced by @/tmp/IsaacLab/usd_20260516_033641_4964/configuration/go2_description_base.usd@</go2_description/FR_calf_rotor/visuals> (recomposing stage on stage @/tmp/IsaacLab/usd_20260516_033641_4964/go2_description.usd@ <0x55af72c64290>)

2026-05-15T19:36:41Z [17,425ms] [Warning] [omni.usd] Warning: in _ReportErrors at line 3172 of /builds/omniverse/usd-ci/USD/pxr/usd/usd/stage.cpp -- In </go2_description/FR_calf_rotor/visuals>: Unresolved reference prim path @/tmp/IsaacLab/usd_20260516_033641_4964/go2_description.usd@</visuals/FR_calf_rotor> introduced by @/tmp/IsaacLab/usd_20260516_033641_4964/configuration/go2_description_base.usd@</go2_description/FR_calf_rotor/visuals> (recomposing stage on stage @/tmp/IsaacLab/usd_20260516_033641_4964/go2_description.usd@ <0x55af6f2d33b0>)

2026-05-15T19:36:41Z [17,425ms] [Warning] [omni.usd] Warning: in _ReportErrors at line 3172 of /builds/omniverse/usd-ci/USD/pxr/usd/usd/stage.cpp -- In </go2_description/FR_calf_rotor/visuals>: Unresolved reference prim path @/tmp/IsaacLab/usd_20260516_033641_4964/configuration/go2_description_base.usd@</visuals/FR_calf_rotor> introduced by @/tmp/IsaacLab/usd_20260516_033641_4964/configuration/go2_description_base.usd@</go2_description/FR_calf_rotor/visuals> (recomposing stage on stage @/tmp/IsaacLab/usd_20260516_033641_4964/configuration/go2_description_base.usd@ <0x55af7a164e30>)

2026-05-15T19:36:41Z [17,426ms] [Warning] [omni.usd] Warning: in _ReportErrors at line 3172 of /builds/omniverse/usd-ci/USD/pxr/usd/usd/stage.cpp -- In </go2_description/FR_calf_rotor/visuals>: Unresolved reference prim path @/tmp/IsaacLab/usd_20260516_033641_4964/configuration/go2_description_physics.usd@</visuals/FR_calf_rotor> introduced by @/tmp/IsaacLab/usd_20260516_033641_4964/configuration/go2_description_base.usd@</go2_description/FR_calf_rotor/visuals> (recomposing stage on stage @/tmp/IsaacLab/usd_20260516_033641_4964/configuration/go2_description_physics.usd@ <0x55af77bb3880>)

2026-05-15T19:36:41Z [17,426ms] [Warning] [omni.usd] Warning: in _ReportErrors at line 3172 of /builds/omniverse/usd-ci/USD/pxr/usd/usd/stage.cpp -- In </go2_description/FR_calf_rotor/visuals>: Unresolved reference prim path @/tmp/IsaacLab/usd_20260516_033641_4964/go2_description.usd@</visuals/FR_calf_rotor> introduced by @/tmp/IsaacLab/usd_20260516_033641_4964/configuration/go2_description_base.usd@</go2_description/FR_calf_rotor/visuals> (recomposing stage on stage @/tmp/IsaacLab/usd_20260516_033641_4964/go2_description.usd@ <0x55af72c64290>)

2026-05-15T19:36:41Z [17,426ms] [Warning] [omni.usd] Warning: in _ReportErrors at line 3172 of /builds/omniverse/usd-ci/USD/pxr/usd/usd/stage.cpp -- In </go2_description/FR_calf_rotor/visuals>: Unresolved reference prim path @/tmp/IsaacLab/usd_20260516_033641_4964/go2_description.usd@</visuals/FR_calf_rotor> introduced by @/tmp/IsaacLab/usd_20260516_033641_4964/configuration/go2_description_base.usd@</go2_description/FR_calf_rotor/visuals> (recomposing stage on stage @/tmp/IsaacLab/usd_20260516_033641_4964/go2_description.usd@ <0x55af6f2d33b0>)

2026-05-15T19:36:41Z [17,426ms] [Warning] [omni.usd] Warning: in _ReportErrors at line 3172 of /builds/omniverse/usd-ci/USD/pxr/usd/usd/stage.cpp -- In </go2_description/FR_calf_rotor/visuals>: Unresolved reference prim path @/tmp/IsaacLab/usd_20260516_033641_4964/configuration/go2_description_base.usd@</visuals/FR_calf_rotor> introduced by @/tmp/IsaacLab/usd_20260516_033641_4964/configuration/go2_description_base.usd@</go2_description/FR_calf_rotor/visuals> (recomposing stage on stage @/tmp/IsaacLab/usd_20260516_033641_4964/configuration/go2_description_base.usd@ <0x55af7a164e30>)

2026-05-15T19:36:41Z [17,429ms] [Warning] [omni.usd] Warning: in _ReportErrors at line 3172 of /builds/omniverse/usd-ci/USD/pxr/usd/usd/stage.cpp -- In </go2_description/FR_thigh_rotor/visuals>: Unresolved reference prim path @/tmp/IsaacLab/usd_20260516_033641_4964/configuration/go2_description_physics.usd@</visuals/FR_thigh_rotor> introduced by @/tmp/IsaacLab/usd_20260516_033641_4964/configuration/go2_description_base.usd@</go2_description/FR_thigh_rotor/visuals> (recomposing stage on stage @/tmp/IsaacLab/usd_20260516_033641_4964/configuration/go2_description_physics.usd@ <0x55af77bb3880>)

2026-05-15T19:36:41Z [17,429ms] [Warning] [omni.usd] Warning: in _ReportErrors at line 3172 of /builds/omniverse/usd-ci/USD/pxr/usd/usd/stage.cpp -- In </go2_description/FR_thigh_rotor/visuals>: Unresolved reference prim path @/tmp/IsaacLab/usd_20260516_033641_4964/go2_description.usd@</visuals/FR_thigh_rotor> introduced by @/tmp/IsaacLab/usd_20260516_033641_4964/configuration/go2_description_base.usd@</go2_description/FR_thigh_rotor/visuals> (recomposing stage on stage @/tmp/IsaacLab/usd_20260516_033641_4964/go2_description.usd@ <0x55af72c64290>)

2026-05-15T19:36:41Z [17,429ms] [Warning] [omni.usd] Warning: in _ReportErrors at line 3172 of /builds/omniverse/usd-ci/USD/pxr/usd/usd/stage.cpp -- In </go2_description/FR_thigh_rotor/visuals>: Unresolved reference prim path @/tmp/IsaacLab/usd_20260516_033641_4964/go2_description.usd@</visuals/FR_thigh_rotor> introduced by @/tmp/IsaacLab/usd_20260516_033641_4964/configuration/go2_description_base.usd@</go2_description/FR_thigh_rotor/visuals> (recomposing stage on stage @/tmp/IsaacLab/usd_20260516_033641_4964/go2_description.usd@ <0x55af6f2d33b0>)

2026-05-15T19:36:41Z [17,429ms] [Warning] [omni.usd] Warning: in _ReportErrors at line 3172 of /builds/omniverse/usd-ci/USD/pxr/usd/usd/stage.cpp -- In </go2_description/FR_thigh_rotor/visuals>: Unresolved reference prim path @/tmp/IsaacLab/usd_20260516_033641_4964/configuration/go2_description_base.usd@</visuals/FR_thigh_rotor> introduced by @/tmp/IsaacLab/usd_20260516_033641_4964/configuration/go2_description_base.usd@</go2_description/FR_thigh_rotor/visuals> (recomposing stage on stage @/tmp/IsaacLab/usd_20260516_033641_4964/configuration/go2_description_base.usd@ <0x55af7a164e30>)

2026-05-15T19:36:41Z [17,429ms] [Warning] [omni.usd] Warning: in _ReportErrors at line 3172 of /builds/omniverse/usd-ci/USD/pxr/usd/usd/stage.cpp -- In </go2_description/FR_thigh_rotor/visuals>: Unresolved reference prim path @/tmp/IsaacLab/usd_20260516_033641_4964/configuration/go2_description_physics.usd@</visuals/FR_thigh_rotor> introduced by @/tmp/IsaacLab/usd_20260516_033641_4964/configuration/go2_description_base.usd@</go2_description/FR_thigh_rotor/visuals> (recomposing stage on stage @/tmp/IsaacLab/usd_20260516_033641_4964/configuration/go2_description_physics.usd@ <0x55af77bb3880>)

2026-05-15T19:36:41Z [17,429ms] [Warning] [omni.usd] Warning: in _ReportErrors at line 3172 of /builds/omniverse/usd-ci/USD/pxr/usd/usd/stage.cpp -- In </go2_description/FR_thigh_rotor/visuals>: Unresolved reference prim path @/tmp/IsaacLab/usd_20260516_033641_4964/go2_description.usd@</visuals/FR_thigh_rotor> introduced by @/tmp/IsaacLab/usd_20260516_033641_4964/configuration/go2_description_base.usd@</go2_description/FR_thigh_rotor/visuals> (recomposing stage on stage @/tmp/IsaacLab/usd_20260516_033641_4964/go2_description.usd@ <0x55af72c64290>)

2026-05-15T19:36:41Z [17,429ms] [Warning] [omni.usd] Warning: in _ReportErrors at line 3172 of /builds/omniverse/usd-ci/USD/pxr/usd/usd/stage.cpp -- In </go2_description/FR_thigh_rotor/visuals>: Unresolved reference prim path @/tmp/IsaacLab/usd_20260516_033641_4964/go2_description.usd@</visuals/FR_thigh_rotor> introduced by @/tmp/IsaacLab/usd_20260516_033641_4964/configuration/go2_description_base.usd@</go2_description/FR_thigh_rotor/visuals> (recomposing stage on stage @/tmp/IsaacLab/usd_20260516_033641_4964/go2_description.usd@ <0x55af6f2d33b0>)

2026-05-15T19:36:41Z [17,429ms] [Warning] [omni.usd] Warning: in _ReportErrors at line 3172 of /builds/omniverse/usd-ci/USD/pxr/usd/usd/stage.cpp -- In </go2_description/FR_thigh_rotor/visuals>: Unresolved reference prim path @/tmp/IsaacLab/usd_20260516_033641_4964/configuration/go2_description_base.usd@</visuals/FR_thigh_rotor> introduced by @/tmp/IsaacLab/usd_20260516_033641_4964/configuration/go2_description_base.usd@</go2_description/FR_thigh_rotor/visuals> (recomposing stage on stage @/tmp/IsaacLab/usd_20260516_033641_4964/configuration/go2_description_base.usd@ <0x55af7a164e30>)

2026-05-15T19:36:41Z [17,433ms] [Warning] [omni.usd] Warning: in _ReportErrors at line 3172 of /builds/omniverse/usd-ci/USD/pxr/usd/usd/stage.cpp -- In </go2_description/FR_hip_rotor/visuals>: Unresolved reference prim path @/tmp/IsaacLab/usd_20260516_033641_4964/configuration/go2_description_physics.usd@</visuals/FR_hip_rotor> introduced by @/tmp/IsaacLab/usd_20260516_033641_4964/configuration/go2_description_base.usd@</go2_description/FR_hip_rotor/visuals> (recomposing stage on stage @/tmp/IsaacLab/usd_20260516_033641_4964/configuration/go2_description_physics.usd@ <0x55af77bb3880>)

2026-05-15T19:36:41Z [17,433ms] [Warning] [omni.usd] Warning: in _ReportErrors at line 3172 of /builds/omniverse/usd-ci/USD/pxr/usd/usd/stage.cpp -- In </go2_description/FR_hip_rotor/visuals>: Unresolved reference prim path @/tmp/IsaacLab/usd_20260516_033641_4964/go2_description.usd@</visuals/FR_hip_rotor> introduced by @/tmp/IsaacLab/usd_20260516_033641_4964/configuration/go2_description_base.usd@</go2_description/FR_hip_rotor/visuals> (recomposing stage on stage @/tmp/IsaacLab/usd_20260516_033641_4964/go2_description.usd@ <0x55af72c64290>)

2026-05-15T19:36:41Z [17,433ms] [Warning] [omni.usd] Warning: in _ReportErrors at line 3172 of /builds/omniverse/usd-ci/USD/pxr/usd/usd/stage.cpp -- In </go2_description/FR_hip_rotor/visuals>: Unresolved reference prim path @/tmp/IsaacLab/usd_20260516_033641_4964/go2_description.usd@</visuals/FR_hip_rotor> introduced by @/tmp/IsaacLab/usd_20260516_033641_4964/configuration/go2_description_base.usd@</go2_description/FR_hip_rotor/visuals> (recomposing stage on stage @/tmp/IsaacLab/usd_20260516_033641_4964/go2_description.usd@ <0x55af6f2d33b0>)

2026-05-15T19:36:41Z [17,433ms] [Warning] [omni.usd] Warning: in _ReportErrors at line 3172 of /builds/omniverse/usd-ci/USD/pxr/usd/usd/stage.cpp -- In </go2_description/FR_hip_rotor/visuals>: Unresolved reference prim path @/tmp/IsaacLab/usd_20260516_033641_4964/configuration/go2_description_base.usd@</visuals/FR_hip_rotor> introduced by @/tmp/IsaacLab/usd_20260516_033641_4964/configuration/go2_description_base.usd@</go2_description/FR_hip_rotor/visuals> (recomposing stage on stage @/tmp/IsaacLab/usd_20260516_033641_4964/configuration/go2_description_base.usd@ <0x55af7a164e30>)

2026-05-15T19:36:41Z [17,433ms] [Warning] [omni.usd] Warning: in _ReportErrors at line 3172 of /builds/omniverse/usd-ci/USD/pxr/usd/usd/stage.cpp -- In </go2_description/FR_hip_rotor/visuals>: Unresolved reference prim path @/tmp/IsaacLab/usd_20260516_033641_4964/configuration/go2_description_physics.usd@</visuals/FR_hip_rotor> introduced by @/tmp/IsaacLab/usd_20260516_033641_4964/configuration/go2_description_base.usd@</go2_description/FR_hip_rotor/visuals> (recomposing stage on stage @/tmp/IsaacLab/usd_20260516_033641_4964/configuration/go2_description_physics.usd@ <0x55af77bb3880>)

2026-05-15T19:36:41Z [17,433ms] [Warning] [omni.usd] Warning: in _ReportErrors at line 3172 of /builds/omniverse/usd-ci/USD/pxr/usd/usd/stage.cpp -- In </go2_description/FR_hip_rotor/visuals>: Unresolved reference prim path @/tmp/IsaacLab/usd_20260516_033641_4964/go2_description.usd@</visuals/FR_hip_rotor> introduced by @/tmp/IsaacLab/usd_20260516_033641_4964/configuration/go2_description_base.usd@</go2_description/FR_hip_rotor/visuals> (recomposing stage on stage @/tmp/IsaacLab/usd_20260516_033641_4964/go2_description.usd@ <0x55af72c64290>)

2026-05-15T19:36:41Z [17,433ms] [Warning] [omni.usd] Warning: in _ReportErrors at line 3172 of /builds/omniverse/usd-ci/USD/pxr/usd/usd/stage.cpp -- In </go2_description/FR_hip_rotor/visuals>: Unresolved reference prim path @/tmp/IsaacLab/usd_20260516_033641_4964/go2_description.usd@</visuals/FR_hip_rotor> introduced by @/tmp/IsaacLab/usd_20260516_033641_4964/configuration/go2_description_base.usd@</go2_description/FR_hip_rotor/visuals> (recomposing stage on stage @/tmp/IsaacLab/usd_20260516_033641_4964/go2_description.usd@ <0x55af6f2d33b0>)

2026-05-15T19:36:41Z [17,433ms] [Warning] [omni.usd] Warning: in _ReportErrors at line 3172 of /builds/omniverse/usd-ci/USD/pxr/usd/usd/stage.cpp -- In </go2_description/FR_hip_rotor/visuals>: Unresolved reference prim path @/tmp/IsaacLab/usd_20260516_033641_4964/configuration/go2_description_base.usd@</visuals/FR_hip_rotor> introduced by @/tmp/IsaacLab/usd_20260516_033641_4964/configuration/go2_description_base.usd@</go2_description/FR_hip_rotor/visuals> (recomposing stage on stage @/tmp/IsaacLab/usd_20260516_033641_4964/configuration/go2_description_base.usd@ <0x55af7a164e30>)

2026-05-15T19:36:41Z [17,436ms] [Warning] [omni.usd] Warning: in _ReportErrors at line 3172 of /builds/omniverse/usd-ci/USD/pxr/usd/usd/stage.cpp -- In </go2_description/Head_upper/visuals>: Unresolved reference prim path @/tmp/IsaacLab/usd_20260516_033641_4964/configuration/go2_description_physics.usd@</visuals/Head_upper> introduced by @/tmp/IsaacLab/usd_20260516_033641_4964/configuration/go2_description_base.usd@</go2_description/Head_upper/visuals> (recomposing stage on stage @/tmp/IsaacLab/usd_20260516_033641_4964/configuration/go2_description_physics.usd@ <0x55af77bb3880>)

2026-05-15T19:36:41Z [17,437ms] [Warning] [omni.usd] Warning: in _ReportErrors at line 3172 of /builds/omniverse/usd-ci/USD/pxr/usd/usd/stage.cpp -- In </go2_description/Head_upper/visuals>: Unresolved reference prim path @/tmp/IsaacLab/usd_20260516_033641_4964/go2_description.usd@</visuals/Head_upper> introduced by @/tmp/IsaacLab/usd_20260516_033641_4964/configuration/go2_description_base.usd@</go2_description/Head_upper/visuals> (recomposing stage on stage @/tmp/IsaacLab/usd_20260516_033641_4964/go2_description.usd@ <0x55af72c64290>)

2026-05-15T19:36:41Z [17,437ms] [Warning] [omni.usd] Warning: in _ReportErrors at line 3172 of /builds/omniverse/usd-ci/USD/pxr/usd/usd/stage.cpp -- In </go2_description/Head_upper/visuals>: Unresolved reference prim path @/tmp/IsaacLab/usd_20260516_033641_4964/go2_description.usd@</visuals/Head_upper> introduced by @/tmp/IsaacLab/usd_20260516_033641_4964/configuration/go2_description_base.usd@</go2_description/Head_upper/visuals> (recomposing stage on stage @/tmp/IsaacLab/usd_20260516_033641_4964/go2_description.usd@ <0x55af6f2d33b0>)

2026-05-15T19:36:41Z [17,437ms] [Warning] [omni.usd] Warning: in _ReportErrors at line 3172 of /builds/omniverse/usd-ci/USD/pxr/usd/usd/stage.cpp -- In </go2_description/Head_upper/visuals>: Unresolved reference prim path @/tmp/IsaacLab/usd_20260516_033641_4964/configuration/go2_description_base.usd@</visuals/Head_upper> introduced by @/tmp/IsaacLab/usd_20260516_033641_4964/configuration/go2_description_base.usd@</go2_description/Head_upper/visuals> (recomposing stage on stage @/tmp/IsaacLab/usd_20260516_033641_4964/configuration/go2_description_base.usd@ <0x55af7a164e30>)

2026-05-15T19:36:41Z [17,437ms] [Warning] [omni.usd] Warning: in _ReportErrors at line 3172 of /builds/omniverse/usd-ci/USD/pxr/usd/usd/stage.cpp -- In </go2_description/Head_upper/visuals>: Unresolved reference prim path @/tmp/IsaacLab/usd_20260516_033641_4964/configuration/go2_description_physics.usd@</visuals/Head_upper> introduced by @/tmp/IsaacLab/usd_20260516_033641_4964/configuration/go2_description_base.usd@</go2_description/Head_upper/visuals> (recomposing stage on stage @/tmp/IsaacLab/usd_20260516_033641_4964/configuration/go2_description_physics.usd@ <0x55af77bb3880>)

2026-05-15T19:36:41Z [17,437ms] [Warning] [omni.usd] Warning: in _ReportErrors at line 3172 of /builds/omniverse/usd-ci/USD/pxr/usd/usd/stage.cpp -- In </go2_description/Head_upper/visuals>: Unresolved reference prim path @/tmp/IsaacLab/usd_20260516_033641_4964/go2_description.usd@</visuals/Head_upper> introduced by @/tmp/IsaacLab/usd_20260516_033641_4964/configuration/go2_description_base.usd@</go2_description/Head_upper/visuals> (recomposing stage on stage @/tmp/IsaacLab/usd_20260516_033641_4964/go2_description.usd@ <0x55af72c64290>)

2026-05-15T19:36:41Z [17,437ms] [Warning] [omni.usd] Warning: in _ReportErrors at line 3172 of /builds/omniverse/usd-ci/USD/pxr/usd/usd/stage.cpp -- In </go2_description/Head_upper/visuals>: Unresolved reference prim path @/tmp/IsaacLab/usd_20260516_033641_4964/go2_description.usd@</visuals/Head_upper> introduced by @/tmp/IsaacLab/usd_20260516_033641_4964/configuration/go2_description_base.usd@</go2_description/Head_upper/visuals> (recomposing stage on stage @/tmp/IsaacLab/usd_20260516_033641_4964/go2_description.usd@ <0x55af6f2d33b0>)

2026-05-15T19:36:41Z [17,437ms] [Warning] [omni.usd] Warning: in _ReportErrors at line 3172 of /builds/omniverse/usd-ci/USD/pxr/usd/usd/stage.cpp -- In </go2_description/Head_upper/visuals>: Unresolved reference prim path @/tmp/IsaacLab/usd_20260516_033641_4964/configuration/go2_description_base.usd@</visuals/Head_upper> introduced by @/tmp/IsaacLab/usd_20260516_033641_4964/configuration/go2_description_base.usd@</go2_description/Head_upper/visuals> (recomposing stage on stage @/tmp/IsaacLab/usd_20260516_033641_4964/configuration/go2_description_base.usd@ <0x55af7a164e30>)

2026-05-15T19:36:41Z [17,440ms] [Warning] [isaacsim.asset.importer.urdf] Head_upper_joint: Joint Axis is not body aligned with X, Y or Z primary axis. Adjusting PhysX joint alignment to Axis X and reorienting bodies.
2026-05-15T19:36:41Z [17,442ms] [Warning] [omni.usd] Warning: in _ReportErrors at line 3172 of /builds/omniverse/usd-ci/USD/pxr/usd/usd/stage.cpp -- In </go2_description/Head_lower/visuals>: Unresolved reference prim path @/tmp/IsaacLab/usd_20260516_033641_4964/configuration/go2_description_physics.usd@</visuals/Head_lower> introduced by @/tmp/IsaacLab/usd_20260516_033641_4964/configuration/go2_description_base.usd@</go2_description/Head_lower/visuals> (recomposing stage on stage @/tmp/IsaacLab/usd_20260516_033641_4964/configuration/go2_description_physics.usd@ <0x55af77bb3880>)

2026-05-15T19:36:41Z [17,442ms] [Warning] [omni.usd] Warning: in _ReportErrors at line 3172 of /builds/omniverse/usd-ci/USD/pxr/usd/usd/stage.cpp -- In </go2_description/Head_lower/visuals>: Unresolved reference prim path @/tmp/IsaacLab/usd_20260516_033641_4964/go2_description.usd@</visuals/Head_lower> introduced by @/tmp/IsaacLab/usd_20260516_033641_4964/configuration/go2_description_base.usd@</go2_description/Head_lower/visuals> (recomposing stage on stage @/tmp/IsaacLab/usd_20260516_033641_4964/go2_description.usd@ <0x55af72c64290>)

2026-05-15T19:36:41Z [17,443ms] [Warning] [omni.usd] Warning: in _ReportErrors at line 3172 of /builds/omniverse/usd-ci/USD/pxr/usd/usd/stage.cpp -- In </go2_description/Head_lower/visuals>: Unresolved reference prim path @/tmp/IsaacLab/usd_20260516_033641_4964/go2_description.usd@</visuals/Head_lower> introduced by @/tmp/IsaacLab/usd_20260516_033641_4964/configuration/go2_description_base.usd@</go2_description/Head_lower/visuals> (recomposing stage on stage @/tmp/IsaacLab/usd_20260516_033641_4964/go2_description.usd@ <0x55af6f2d33b0>)

2026-05-15T19:36:41Z [17,443ms] [Warning] [omni.usd] Warning: in _ReportErrors at line 3172 of /builds/omniverse/usd-ci/USD/pxr/usd/usd/stage.cpp -- In </go2_description/Head_lower/visuals>: Unresolved reference prim path @/tmp/IsaacLab/usd_20260516_033641_4964/configuration/go2_description_base.usd@</visuals/Head_lower> introduced by @/tmp/IsaacLab/usd_20260516_033641_4964/configuration/go2_description_base.usd@</go2_description/Head_lower/visuals> (recomposing stage on stage @/tmp/IsaacLab/usd_20260516_033641_4964/configuration/go2_description_base.usd@ <0x55af7a164e30>)

2026-05-15T19:36:41Z [17,443ms] [Warning] [omni.usd] Warning: in _ReportErrors at line 3172 of /builds/omniverse/usd-ci/USD/pxr/usd/usd/stage.cpp -- In </go2_description/Head_lower/visuals>: Unresolved reference prim path @/tmp/IsaacLab/usd_20260516_033641_4964/configuration/go2_description_physics.usd@</visuals/Head_lower> introduced by @/tmp/IsaacLab/usd_20260516_033641_4964/configuration/go2_description_base.usd@</go2_description/Head_lower/visuals> (recomposing stage on stage @/tmp/IsaacLab/usd_20260516_033641_4964/configuration/go2_description_physics.usd@ <0x55af77bb3880>)

2026-05-15T19:36:41Z [17,443ms] [Warning] [omni.usd] Warning: in _ReportErrors at line 3172 of /builds/omniverse/usd-ci/USD/pxr/usd/usd/stage.cpp -- In </go2_description/Head_lower/visuals>: Unresolved reference prim path @/tmp/IsaacLab/usd_20260516_033641_4964/go2_description.usd@</visuals/Head_lower> introduced by @/tmp/IsaacLab/usd_20260516_033641_4964/configuration/go2_description_base.usd@</go2_description/Head_lower/visuals> (recomposing stage on stage @/tmp/IsaacLab/usd_20260516_033641_4964/go2_description.usd@ <0x55af72c64290>)

2026-05-15T19:36:41Z [17,443ms] [Warning] [omni.usd] Warning: in _ReportErrors at line 3172 of /builds/omniverse/usd-ci/USD/pxr/usd/usd/stage.cpp -- In </go2_description/Head_lower/visuals>: Unresolved reference prim path @/tmp/IsaacLab/usd_20260516_033641_4964/go2_description.usd@</visuals/Head_lower> introduced by @/tmp/IsaacLab/usd_20260516_033641_4964/configuration/go2_description_base.usd@</go2_description/Head_lower/visuals> (recomposing stage on stage @/tmp/IsaacLab/usd_20260516_033641_4964/go2_description.usd@ <0x55af6f2d33b0>)

2026-05-15T19:36:41Z [17,443ms] [Warning] [omni.usd] Warning: in _ReportErrors at line 3172 of /builds/omniverse/usd-ci/USD/pxr/usd/usd/stage.cpp -- In </go2_description/Head_lower/visuals>: Unresolved reference prim path @/tmp/IsaacLab/usd_20260516_033641_4964/configuration/go2_description_base.usd@</visuals/Head_lower> introduced by @/tmp/IsaacLab/usd_20260516_033641_4964/configuration/go2_description_base.usd@</go2_description/Head_lower/visuals> (recomposing stage on stage @/tmp/IsaacLab/usd_20260516_033641_4964/configuration/go2_description_base.usd@ <0x55af7a164e30>)

2026-05-15T19:36:41Z [17,446ms] [Warning] [isaacsim.asset.importer.urdf] Head_lower_joint: Joint Axis is not body aligned with X, Y or Z primary axis. Adjusting PhysX joint alignment to Axis X and reorienting bodies.
2026-05-15T19:36:42Z [17,509ms] [Warning] [isaacsim.asset.importer.urdf] RL_foot_joint: Joint Axis is not body aligned with X, Y or Z primary axis. Adjusting PhysX joint alignment to Axis X and reorienting bodies.
2026-05-15T19:36:42Z [17,512ms] [Warning] [omni.usd] Warning: in _ReportErrors at line 3172 of /builds/omniverse/usd-ci/USD/pxr/usd/usd/stage.cpp -- In </go2_description/RL_calf_rotor/visuals>: Unresolved reference prim path @/tmp/IsaacLab/usd_20260516_033641_4964/configuration/go2_description_physics.usd@</visuals/RL_calf_rotor> introduced by @/tmp/IsaacLab/usd_20260516_033641_4964/configuration/go2_description_base.usd@</go2_description/RL_calf_rotor/visuals> (recomposing stage on stage @/tmp/IsaacLab/usd_20260516_033641_4964/configuration/go2_description_physics.usd@ <0x55af77bb3880>)

2026-05-15T19:36:42Z [17,512ms] [Warning] [omni.usd] Warning: in _ReportErrors at line 3172 of /builds/omniverse/usd-ci/USD/pxr/usd/usd/stage.cpp -- In </go2_description/RL_calf_rotor/visuals>: Unresolved reference prim path @/tmp/IsaacLab/usd_20260516_033641_4964/go2_description.usd@</visuals/RL_calf_rotor> introduced by @/tmp/IsaacLab/usd_20260516_033641_4964/configuration/go2_description_base.usd@</go2_description/RL_calf_rotor/visuals> (recomposing stage on stage @/tmp/IsaacLab/usd_20260516_033641_4964/go2_description.usd@ <0x55af72c64290>)

2026-05-15T19:36:42Z [17,512ms] [Warning] [omni.usd] Warning: in _ReportErrors at line 3172 of /builds/omniverse/usd-ci/USD/pxr/usd/usd/stage.cpp -- In </go2_description/RL_calf_rotor/visuals>: Unresolved reference prim path @/tmp/IsaacLab/usd_20260516_033641_4964/go2_description.usd@</visuals/RL_calf_rotor> introduced by @/tmp/IsaacLab/usd_20260516_033641_4964/configuration/go2_description_base.usd@</go2_description/RL_calf_rotor/visuals> (recomposing stage on stage @/tmp/IsaacLab/usd_20260516_033641_4964/go2_description.usd@ <0x55af6f2d33b0>)

2026-05-15T19:36:42Z [17,512ms] [Warning] [omni.usd] Warning: in _ReportErrors at line 3172 of /builds/omniverse/usd-ci/USD/pxr/usd/usd/stage.cpp -- In </go2_description/RL_calf_rotor/visuals>: Unresolved reference prim path @/tmp/IsaacLab/usd_20260516_033641_4964/configuration/go2_description_base.usd@</visuals/RL_calf_rotor> introduced by @/tmp/IsaacLab/usd_20260516_033641_4964/configuration/go2_description_base.usd@</go2_description/RL_calf_rotor/visuals> (recomposing stage on stage @/tmp/IsaacLab/usd_20260516_033641_4964/configuration/go2_description_base.usd@ <0x55af7a164e30>)

2026-05-15T19:36:42Z [17,512ms] [Warning] [omni.usd] Warning: in _ReportErrors at line 3172 of /builds/omniverse/usd-ci/USD/pxr/usd/usd/stage.cpp -- In </go2_description/RL_calf_rotor/visuals>: Unresolved reference prim path @/tmp/IsaacLab/usd_20260516_033641_4964/configuration/go2_description_physics.usd@</visuals/RL_calf_rotor> introduced by @/tmp/IsaacLab/usd_20260516_033641_4964/configuration/go2_description_base.usd@</go2_description/RL_calf_rotor/visuals> (recomposing stage on stage @/tmp/IsaacLab/usd_20260516_033641_4964/configuration/go2_description_physics.usd@ <0x55af77bb3880>)

2026-05-15T19:36:42Z [17,512ms] [Warning] [omni.usd] Warning: in _ReportErrors at line 3172 of /builds/omniverse/usd-ci/USD/pxr/usd/usd/stage.cpp -- In </go2_description/RL_calf_rotor/visuals>: Unresolved reference prim path @/tmp/IsaacLab/usd_20260516_033641_4964/go2_description.usd@</visuals/RL_calf_rotor> introduced by @/tmp/IsaacLab/usd_20260516_033641_4964/configuration/go2_description_base.usd@</go2_description/RL_calf_rotor/visuals> (recomposing stage on stage @/tmp/IsaacLab/usd_20260516_033641_4964/go2_description.usd@ <0x55af72c64290>)

2026-05-15T19:36:42Z [17,512ms] [Warning] [omni.usd] Warning: in _ReportErrors at line 3172 of /builds/omniverse/usd-ci/USD/pxr/usd/usd/stage.cpp -- In </go2_description/RL_calf_rotor/visuals>: Unresolved reference prim path @/tmp/IsaacLab/usd_20260516_033641_4964/go2_description.usd@</visuals/RL_calf_rotor> introduced by @/tmp/IsaacLab/usd_20260516_033641_4964/configuration/go2_description_base.usd@</go2_description/RL_calf_rotor/visuals> (recomposing stage on stage @/tmp/IsaacLab/usd_20260516_033641_4964/go2_description.usd@ <0x55af6f2d33b0>)

2026-05-15T19:36:42Z [17,512ms] [Warning] [omni.usd] Warning: in _ReportErrors at line 3172 of /builds/omniverse/usd-ci/USD/pxr/usd/usd/stage.cpp -- In </go2_description/RL_calf_rotor/visuals>: Unresolved reference prim path @/tmp/IsaacLab/usd_20260516_033641_4964/configuration/go2_description_base.usd@</visuals/RL_calf_rotor> introduced by @/tmp/IsaacLab/usd_20260516_033641_4964/configuration/go2_description_base.usd@</go2_description/RL_calf_rotor/visuals> (recomposing stage on stage @/tmp/IsaacLab/usd_20260516_033641_4964/configuration/go2_description_base.usd@ <0x55af7a164e30>)

2026-05-15T19:36:42Z [17,516ms] [Warning] [omni.usd] Warning: in _ReportErrors at line 3172 of /builds/omniverse/usd-ci/USD/pxr/usd/usd/stage.cpp -- In </go2_description/RL_thigh_rotor/visuals>: Unresolved reference prim path @/tmp/IsaacLab/usd_20260516_033641_4964/configuration/go2_description_physics.usd@</visuals/RL_thigh_rotor> introduced by @/tmp/IsaacLab/usd_20260516_033641_4964/configuration/go2_description_base.usd@</go2_description/RL_thigh_rotor/visuals> (recomposing stage on stage @/tmp/IsaacLab/usd_20260516_033641_4964/configuration/go2_description_physics.usd@ <0x55af77bb3880>)

2026-05-15T19:36:42Z [17,516ms] [Warning] [omni.usd] Warning: in _ReportErrors at line 3172 of /builds/omniverse/usd-ci/USD/pxr/usd/usd/stage.cpp -- In </go2_description/RL_thigh_rotor/visuals>: Unresolved reference prim path @/tmp/IsaacLab/usd_20260516_033641_4964/go2_description.usd@</visuals/RL_thigh_rotor> introduced by @/tmp/IsaacLab/usd_20260516_033641_4964/configuration/go2_description_base.usd@</go2_description/RL_thigh_rotor/visuals> (recomposing stage on stage @/tmp/IsaacLab/usd_20260516_033641_4964/go2_description.usd@ <0x55af72c64290>)

2026-05-15T19:36:42Z [17,516ms] [Warning] [omni.usd] Warning: in _ReportErrors at line 3172 of /builds/omniverse/usd-ci/USD/pxr/usd/usd/stage.cpp -- In </go2_description/RL_thigh_rotor/visuals>: Unresolved reference prim path @/tmp/IsaacLab/usd_20260516_033641_4964/go2_description.usd@</visuals/RL_thigh_rotor> introduced by @/tmp/IsaacLab/usd_20260516_033641_4964/configuration/go2_description_base.usd@</go2_description/RL_thigh_rotor/visuals> (recomposing stage on stage @/tmp/IsaacLab/usd_20260516_033641_4964/go2_description.usd@ <0x55af6f2d33b0>)

2026-05-15T19:36:42Z [17,516ms] [Warning] [omni.usd] Warning: in _ReportErrors at line 3172 of /builds/omniverse/usd-ci/USD/pxr/usd/usd/stage.cpp -- In </go2_description/RL_thigh_rotor/visuals>: Unresolved reference prim path @/tmp/IsaacLab/usd_20260516_033641_4964/configuration/go2_description_base.usd@</visuals/RL_thigh_rotor> introduced by @/tmp/IsaacLab/usd_20260516_033641_4964/configuration/go2_description_base.usd@</go2_description/RL_thigh_rotor/visuals> (recomposing stage on stage @/tmp/IsaacLab/usd_20260516_033641_4964/configuration/go2_description_base.usd@ <0x55af7a164e30>)

2026-05-15T19:36:42Z [17,516ms] [Warning] [omni.usd] Warning: in _ReportErrors at line 3172 of /builds/omniverse/usd-ci/USD/pxr/usd/usd/stage.cpp -- In </go2_description/RL_thigh_rotor/visuals>: Unresolved reference prim path @/tmp/IsaacLab/usd_20260516_033641_4964/configuration/go2_description_physics.usd@</visuals/RL_thigh_rotor> introduced by @/tmp/IsaacLab/usd_20260516_033641_4964/configuration/go2_description_base.usd@</go2_description/RL_thigh_rotor/visuals> (recomposing stage on stage @/tmp/IsaacLab/usd_20260516_033641_4964/configuration/go2_description_physics.usd@ <0x55af77bb3880>)

2026-05-15T19:36:42Z [17,516ms] [Warning] [omni.usd] Warning: in _ReportErrors at line 3172 of /builds/omniverse/usd-ci/USD/pxr/usd/usd/stage.cpp -- In </go2_description/RL_thigh_rotor/visuals>: Unresolved reference prim path @/tmp/IsaacLab/usd_20260516_033641_4964/go2_description.usd@</visuals/RL_thigh_rotor> introduced by @/tmp/IsaacLab/usd_20260516_033641_4964/configuration/go2_description_base.usd@</go2_description/RL_thigh_rotor/visuals> (recomposing stage on stage @/tmp/IsaacLab/usd_20260516_033641_4964/go2_description.usd@ <0x55af72c64290>)

2026-05-15T19:36:42Z [17,516ms] [Warning] [omni.usd] Warning: in _ReportErrors at line 3172 of /builds/omniverse/usd-ci/USD/pxr/usd/usd/stage.cpp -- In </go2_description/RL_thigh_rotor/visuals>: Unresolved reference prim path @/tmp/IsaacLab/usd_20260516_033641_4964/go2_description.usd@</visuals/RL_thigh_rotor> introduced by @/tmp/IsaacLab/usd_20260516_033641_4964/configuration/go2_description_base.usd@</go2_description/RL_thigh_rotor/visuals> (recomposing stage on stage @/tmp/IsaacLab/usd_20260516_033641_4964/go2_description.usd@ <0x55af6f2d33b0>)

2026-05-15T19:36:42Z [17,517ms] [Warning] [omni.usd] Warning: in _ReportErrors at line 3172 of /builds/omniverse/usd-ci/USD/pxr/usd/usd/stage.cpp -- In </go2_description/RL_thigh_rotor/visuals>: Unresolved reference prim path @/tmp/IsaacLab/usd_20260516_033641_4964/configuration/go2_description_base.usd@</visuals/RL_thigh_rotor> introduced by @/tmp/IsaacLab/usd_20260516_033641_4964/configuration/go2_description_base.usd@</go2_description/RL_thigh_rotor/visuals> (recomposing stage on stage @/tmp/IsaacLab/usd_20260516_033641_4964/configuration/go2_description_base.usd@ <0x55af7a164e30>)

2026-05-15T19:36:42Z [17,520ms] [Warning] [omni.usd] Warning: in _ReportErrors at line 3172 of /builds/omniverse/usd-ci/USD/pxr/usd/usd/stage.cpp -- In </go2_description/RL_hip_rotor/visuals>: Unresolved reference prim path @/tmp/IsaacLab/usd_20260516_033641_4964/configuration/go2_description_physics.usd@</visuals/RL_hip_rotor> introduced by @/tmp/IsaacLab/usd_20260516_033641_4964/configuration/go2_description_base.usd@</go2_description/RL_hip_rotor/visuals> (recomposing stage on stage @/tmp/IsaacLab/usd_20260516_033641_4964/configuration/go2_description_physics.usd@ <0x55af77bb3880>)

2026-05-15T19:36:42Z [17,520ms] [Warning] [omni.usd] Warning: in _ReportErrors at line 3172 of /builds/omniverse/usd-ci/USD/pxr/usd/usd/stage.cpp -- In </go2_description/RL_hip_rotor/visuals>: Unresolved reference prim path @/tmp/IsaacLab/usd_20260516_033641_4964/go2_description.usd@</visuals/RL_hip_rotor> introduced by @/tmp/IsaacLab/usd_20260516_033641_4964/configuration/go2_description_base.usd@</go2_description/RL_hip_rotor/visuals> (recomposing stage on stage @/tmp/IsaacLab/usd_20260516_033641_4964/go2_description.usd@ <0x55af72c64290>)

2026-05-15T19:36:42Z [17,520ms] [Warning] [omni.usd] Warning: in _ReportErrors at line 3172 of /builds/omniverse/usd-ci/USD/pxr/usd/usd/stage.cpp -- In </go2_description/RL_hip_rotor/visuals>: Unresolved reference prim path @/tmp/IsaacLab/usd_20260516_033641_4964/go2_description.usd@</visuals/RL_hip_rotor> introduced by @/tmp/IsaacLab/usd_20260516_033641_4964/configuration/go2_description_base.usd@</go2_description/RL_hip_rotor/visuals> (recomposing stage on stage @/tmp/IsaacLab/usd_20260516_033641_4964/go2_description.usd@ <0x55af6f2d33b0>)

2026-05-15T19:36:42Z [17,520ms] [Warning] [omni.usd] Warning: in _ReportErrors at line 3172 of /builds/omniverse/usd-ci/USD/pxr/usd/usd/stage.cpp -- In </go2_description/RL_hip_rotor/visuals>: Unresolved reference prim path @/tmp/IsaacLab/usd_20260516_033641_4964/configuration/go2_description_base.usd@</visuals/RL_hip_rotor> introduced by @/tmp/IsaacLab/usd_20260516_033641_4964/configuration/go2_description_base.usd@</go2_description/RL_hip_rotor/visuals> (recomposing stage on stage @/tmp/IsaacLab/usd_20260516_033641_4964/configuration/go2_description_base.usd@ <0x55af7a164e30>)

2026-05-15T19:36:42Z [17,520ms] [Warning] [omni.usd] Warning: in _ReportErrors at line 3172 of /builds/omniverse/usd-ci/USD/pxr/usd/usd/stage.cpp -- In </go2_description/RL_hip_rotor/visuals>: Unresolved reference prim path @/tmp/IsaacLab/usd_20260516_033641_4964/configuration/go2_description_physics.usd@</visuals/RL_hip_rotor> introduced by @/tmp/IsaacLab/usd_20260516_033641_4964/configuration/go2_description_base.usd@</go2_description/RL_hip_rotor/visuals> (recomposing stage on stage @/tmp/IsaacLab/usd_20260516_033641_4964/configuration/go2_description_physics.usd@ <0x55af77bb3880>)

2026-05-15T19:36:42Z [17,520ms] [Warning] [omni.usd] Warning: in _ReportErrors at line 3172 of /builds/omniverse/usd-ci/USD/pxr/usd/usd/stage.cpp -- In </go2_description/RL_hip_rotor/visuals>: Unresolved reference prim path @/tmp/IsaacLab/usd_20260516_033641_4964/go2_description.usd@</visuals/RL_hip_rotor> introduced by @/tmp/IsaacLab/usd_20260516_033641_4964/configuration/go2_description_base.usd@</go2_description/RL_hip_rotor/visuals> (recomposing stage on stage @/tmp/IsaacLab/usd_20260516_033641_4964/go2_description.usd@ <0x55af72c64290>)

2026-05-15T19:36:42Z [17,520ms] [Warning] [omni.usd] Warning: in _ReportErrors at line 3172 of /builds/omniverse/usd-ci/USD/pxr/usd/usd/stage.cpp -- In </go2_description/RL_hip_rotor/visuals>: Unresolved reference prim path @/tmp/IsaacLab/usd_20260516_033641_4964/go2_description.usd@</visuals/RL_hip_rotor> introduced by @/tmp/IsaacLab/usd_20260516_033641_4964/configuration/go2_description_base.usd@</go2_description/RL_hip_rotor/visuals> (recomposing stage on stage @/tmp/IsaacLab/usd_20260516_033641_4964/go2_description.usd@ <0x55af6f2d33b0>)

2026-05-15T19:36:42Z [17,521ms] [Warning] [omni.usd] Warning: in _ReportErrors at line 3172 of /builds/omniverse/usd-ci/USD/pxr/usd/usd/stage.cpp -- In </go2_description/RL_hip_rotor/visuals>: Unresolved reference prim path @/tmp/IsaacLab/usd_20260516_033641_4964/configuration/go2_description_base.usd@</visuals/RL_hip_rotor> introduced by @/tmp/IsaacLab/usd_20260516_033641_4964/configuration/go2_description_base.usd@</go2_description/RL_hip_rotor/visuals> (recomposing stage on stage @/tmp/IsaacLab/usd_20260516_033641_4964/configuration/go2_description_base.usd@ <0x55af7a164e30>)

2026-05-15T19:36:42Z [17,560ms] [Warning] [isaacsim.asset.importer.urdf] RR_foot_joint: Joint Axis is not body aligned with X, Y or Z primary axis. Adjusting PhysX joint alignment to Axis X and reorienting bodies.
2026-05-15T19:36:42Z [17,563ms] [Warning] [omni.usd] Warning: in _ReportErrors at line 3172 of /builds/omniverse/usd-ci/USD/pxr/usd/usd/stage.cpp -- In </go2_description/RR_calf_rotor/visuals>: Unresolved reference prim path @/tmp/IsaacLab/usd_20260516_033641_4964/configuration/go2_description_physics.usd@</visuals/RR_calf_rotor> introduced by @/tmp/IsaacLab/usd_20260516_033641_4964/configuration/go2_description_base.usd@</go2_description/RR_calf_rotor/visuals> (recomposing stage on stage @/tmp/IsaacLab/usd_20260516_033641_4964/configuration/go2_description_physics.usd@ <0x55af77bb3880>)

2026-05-15T19:36:42Z [17,563ms] [Warning] [omni.usd] Warning: in _ReportErrors at line 3172 of /builds/omniverse/usd-ci/USD/pxr/usd/usd/stage.cpp -- In </go2_description/RR_calf_rotor/visuals>: Unresolved reference prim path @/tmp/IsaacLab/usd_20260516_033641_4964/go2_description.usd@</visuals/RR_calf_rotor> introduced by @/tmp/IsaacLab/usd_20260516_033641_4964/configuration/go2_description_base.usd@</go2_description/RR_calf_rotor/visuals> (recomposing stage on stage @/tmp/IsaacLab/usd_20260516_033641_4964/go2_description.usd@ <0x55af72c64290>)

2026-05-15T19:36:42Z [17,563ms] [Warning] [omni.usd] Warning: in _ReportErrors at line 3172 of /builds/omniverse/usd-ci/USD/pxr/usd/usd/stage.cpp -- In </go2_description/RR_calf_rotor/visuals>: Unresolved reference prim path @/tmp/IsaacLab/usd_20260516_033641_4964/go2_description.usd@</visuals/RR_calf_rotor> introduced by @/tmp/IsaacLab/usd_20260516_033641_4964/configuration/go2_description_base.usd@</go2_description/RR_calf_rotor/visuals> (recomposing stage on stage @/tmp/IsaacLab/usd_20260516_033641_4964/go2_description.usd@ <0x55af6f2d33b0>)

2026-05-15T19:36:42Z [17,563ms] [Warning] [omni.usd] Warning: in _ReportErrors at line 3172 of /builds/omniverse/usd-ci/USD/pxr/usd/usd/stage.cpp -- In </go2_description/RR_calf_rotor/visuals>: Unresolved reference prim path @/tmp/IsaacLab/usd_20260516_033641_4964/configuration/go2_description_base.usd@</visuals/RR_calf_rotor> introduced by @/tmp/IsaacLab/usd_20260516_033641_4964/configuration/go2_description_base.usd@</go2_description/RR_calf_rotor/visuals> (recomposing stage on stage @/tmp/IsaacLab/usd_20260516_033641_4964/configuration/go2_description_base.usd@ <0x55af7a164e30>)

2026-05-15T19:36:42Z [17,563ms] [Warning] [omni.usd] Warning: in _ReportErrors at line 3172 of /builds/omniverse/usd-ci/USD/pxr/usd/usd/stage.cpp -- In </go2_description/RR_calf_rotor/visuals>: Unresolved reference prim path @/tmp/IsaacLab/usd_20260516_033641_4964/configuration/go2_description_physics.usd@</visuals/RR_calf_rotor> introduced by @/tmp/IsaacLab/usd_20260516_033641_4964/configuration/go2_description_base.usd@</go2_description/RR_calf_rotor/visuals> (recomposing stage on stage @/tmp/IsaacLab/usd_20260516_033641_4964/configuration/go2_description_physics.usd@ <0x55af77bb3880>)

2026-05-15T19:36:42Z [17,563ms] [Warning] [omni.usd] Warning: in _ReportErrors at line 3172 of /builds/omniverse/usd-ci/USD/pxr/usd/usd/stage.cpp -- In </go2_description/RR_calf_rotor/visuals>: Unresolved reference prim path @/tmp/IsaacLab/usd_20260516_033641_4964/go2_description.usd@</visuals/RR_calf_rotor> introduced by @/tmp/IsaacLab/usd_20260516_033641_4964/configuration/go2_description_base.usd@</go2_description/RR_calf_rotor/visuals> (recomposing stage on stage @/tmp/IsaacLab/usd_20260516_033641_4964/go2_description.usd@ <0x55af72c64290>)

2026-05-15T19:36:42Z [17,563ms] [Warning] [omni.usd] Warning: in _ReportErrors at line 3172 of /builds/omniverse/usd-ci/USD/pxr/usd/usd/stage.cpp -- In </go2_description/RR_calf_rotor/visuals>: Unresolved reference prim path @/tmp/IsaacLab/usd_20260516_033641_4964/go2_description.usd@</visuals/RR_calf_rotor> introduced by @/tmp/IsaacLab/usd_20260516_033641_4964/configuration/go2_description_base.usd@</go2_description/RR_calf_rotor/visuals> (recomposing stage on stage @/tmp/IsaacLab/usd_20260516_033641_4964/go2_description.usd@ <0x55af6f2d33b0>)

2026-05-15T19:36:42Z [17,563ms] [Warning] [omni.usd] Warning: in _ReportErrors at line 3172 of /builds/omniverse/usd-ci/USD/pxr/usd/usd/stage.cpp -- In </go2_description/RR_calf_rotor/visuals>: Unresolved reference prim path @/tmp/IsaacLab/usd_20260516_033641_4964/configuration/go2_description_base.usd@</visuals/RR_calf_rotor> introduced by @/tmp/IsaacLab/usd_20260516_033641_4964/configuration/go2_description_base.usd@</go2_description/RR_calf_rotor/visuals> (recomposing stage on stage @/tmp/IsaacLab/usd_20260516_033641_4964/configuration/go2_description_base.usd@ <0x55af7a164e30>)

2026-05-15T19:36:42Z [17,567ms] [Warning] [omni.usd] Warning: in _ReportErrors at line 3172 of /builds/omniverse/usd-ci/USD/pxr/usd/usd/stage.cpp -- In </go2_description/RR_thigh_rotor/visuals>: Unresolved reference prim path @/tmp/IsaacLab/usd_20260516_033641_4964/configuration/go2_description_physics.usd@</visuals/RR_thigh_rotor> introduced by @/tmp/IsaacLab/usd_20260516_033641_4964/configuration/go2_description_base.usd@</go2_description/RR_thigh_rotor/visuals> (recomposing stage on stage @/tmp/IsaacLab/usd_20260516_033641_4964/configuration/go2_description_physics.usd@ <0x55af77bb3880>)

2026-05-15T19:36:42Z [17,567ms] [Warning] [omni.usd] Warning: in _ReportErrors at line 3172 of /builds/omniverse/usd-ci/USD/pxr/usd/usd/stage.cpp -- In </go2_description/RR_thigh_rotor/visuals>: Unresolved reference prim path @/tmp/IsaacLab/usd_20260516_033641_4964/go2_description.usd@</visuals/RR_thigh_rotor> introduced by @/tmp/IsaacLab/usd_20260516_033641_4964/configuration/go2_description_base.usd@</go2_description/RR_thigh_rotor/visuals> (recomposing stage on stage @/tmp/IsaacLab/usd_20260516_033641_4964/go2_description.usd@ <0x55af72c64290>)

2026-05-15T19:36:42Z [17,567ms] [Warning] [omni.usd] Warning: in _ReportErrors at line 3172 of /builds/omniverse/usd-ci/USD/pxr/usd/usd/stage.cpp -- In </go2_description/RR_thigh_rotor/visuals>: Unresolved reference prim path @/tmp/IsaacLab/usd_20260516_033641_4964/go2_description.usd@</visuals/RR_thigh_rotor> introduced by @/tmp/IsaacLab/usd_20260516_033641_4964/configuration/go2_description_base.usd@</go2_description/RR_thigh_rotor/visuals> (recomposing stage on stage @/tmp/IsaacLab/usd_20260516_033641_4964/go2_description.usd@ <0x55af6f2d33b0>)

2026-05-15T19:36:42Z [17,567ms] [Warning] [omni.usd] Warning: in _ReportErrors at line 3172 of /builds/omniverse/usd-ci/USD/pxr/usd/usd/stage.cpp -- In </go2_description/RR_thigh_rotor/visuals>: Unresolved reference prim path @/tmp/IsaacLab/usd_20260516_033641_4964/configuration/go2_description_base.usd@</visuals/RR_thigh_rotor> introduced by @/tmp/IsaacLab/usd_20260516_033641_4964/configuration/go2_description_base.usd@</go2_description/RR_thigh_rotor/visuals> (recomposing stage on stage @/tmp/IsaacLab/usd_20260516_033641_4964/configuration/go2_description_base.usd@ <0x55af7a164e30>)

2026-05-15T19:36:42Z [17,567ms] [Warning] [omni.usd] Warning: in _ReportErrors at line 3172 of /builds/omniverse/usd-ci/USD/pxr/usd/usd/stage.cpp -- In </go2_description/RR_thigh_rotor/visuals>: Unresolved reference prim path @/tmp/IsaacLab/usd_20260516_033641_4964/configuration/go2_description_physics.usd@</visuals/RR_thigh_rotor> introduced by @/tmp/IsaacLab/usd_20260516_033641_4964/configuration/go2_description_base.usd@</go2_description/RR_thigh_rotor/visuals> (recomposing stage on stage @/tmp/IsaacLab/usd_20260516_033641_4964/configuration/go2_description_physics.usd@ <0x55af77bb3880>)

2026-05-15T19:36:42Z [17,567ms] [Warning] [omni.usd] Warning: in _ReportErrors at line 3172 of /builds/omniverse/usd-ci/USD/pxr/usd/usd/stage.cpp -- In </go2_description/RR_thigh_rotor/visuals>: Unresolved reference prim path @/tmp/IsaacLab/usd_20260516_033641_4964/go2_description.usd@</visuals/RR_thigh_rotor> introduced by @/tmp/IsaacLab/usd_20260516_033641_4964/configuration/go2_description_base.usd@</go2_description/RR_thigh_rotor/visuals> (recomposing stage on stage @/tmp/IsaacLab/usd_20260516_033641_4964/go2_description.usd@ <0x55af72c64290>)

2026-05-15T19:36:42Z [17,567ms] [Warning] [omni.usd] Warning: in _ReportErrors at line 3172 of /builds/omniverse/usd-ci/USD/pxr/usd/usd/stage.cpp -- In </go2_description/RR_thigh_rotor/visuals>: Unresolved reference prim path @/tmp/IsaacLab/usd_20260516_033641_4964/go2_description.usd@</visuals/RR_thigh_rotor> introduced by @/tmp/IsaacLab/usd_20260516_033641_4964/configuration/go2_description_base.usd@</go2_description/RR_thigh_rotor/visuals> (recomposing stage on stage @/tmp/IsaacLab/usd_20260516_033641_4964/go2_description.usd@ <0x55af6f2d33b0>)

2026-05-15T19:36:42Z [17,567ms] [Warning] [omni.usd] Warning: in _ReportErrors at line 3172 of /builds/omniverse/usd-ci/USD/pxr/usd/usd/stage.cpp -- In </go2_description/RR_thigh_rotor/visuals>: Unresolved reference prim path @/tmp/IsaacLab/usd_20260516_033641_4964/configuration/go2_description_base.usd@</visuals/RR_thigh_rotor> introduced by @/tmp/IsaacLab/usd_20260516_033641_4964/configuration/go2_description_base.usd@</go2_description/RR_thigh_rotor/visuals> (recomposing stage on stage @/tmp/IsaacLab/usd_20260516_033641_4964/configuration/go2_description_base.usd@ <0x55af7a164e30>)

2026-05-15T19:36:42Z [17,570ms] [Warning] [omni.usd] Warning: in _ReportErrors at line 3172 of /builds/omniverse/usd-ci/USD/pxr/usd/usd/stage.cpp -- In </go2_description/RR_hip_rotor/visuals>: Unresolved reference prim path @/tmp/IsaacLab/usd_20260516_033641_4964/configuration/go2_description_physics.usd@</visuals/RR_hip_rotor> introduced by @/tmp/IsaacLab/usd_20260516_033641_4964/configuration/go2_description_base.usd@</go2_description/RR_hip_rotor/visuals> (recomposing stage on stage @/tmp/IsaacLab/usd_20260516_033641_4964/configuration/go2_description_physics.usd@ <0x55af77bb3880>)

2026-05-15T19:36:42Z [17,571ms] [Warning] [omni.usd] Warning: in _ReportErrors at line 3172 of /builds/omniverse/usd-ci/USD/pxr/usd/usd/stage.cpp -- In </go2_description/RR_hip_rotor/visuals>: Unresolved reference prim path @/tmp/IsaacLab/usd_20260516_033641_4964/go2_description.usd@</visuals/RR_hip_rotor> introduced by @/tmp/IsaacLab/usd_20260516_033641_4964/configuration/go2_description_base.usd@</go2_description/RR_hip_rotor/visuals> (recomposing stage on stage @/tmp/IsaacLab/usd_20260516_033641_4964/go2_description.usd@ <0x55af72c64290>)

2026-05-15T19:36:42Z [17,571ms] [Warning] [omni.usd] Warning: in _ReportErrors at line 3172 of /builds/omniverse/usd-ci/USD/pxr/usd/usd/stage.cpp -- In </go2_description/RR_hip_rotor/visuals>: Unresolved reference prim path @/tmp/IsaacLab/usd_20260516_033641_4964/go2_description.usd@</visuals/RR_hip_rotor> introduced by @/tmp/IsaacLab/usd_20260516_033641_4964/configuration/go2_description_base.usd@</go2_description/RR_hip_rotor/visuals> (recomposing stage on stage @/tmp/IsaacLab/usd_20260516_033641_4964/go2_description.usd@ <0x55af6f2d33b0>)

2026-05-15T19:36:42Z [17,571ms] [Warning] [omni.usd] Warning: in _ReportErrors at line 3172 of /builds/omniverse/usd-ci/USD/pxr/usd/usd/stage.cpp -- In </go2_description/RR_hip_rotor/visuals>: Unresolved reference prim path @/tmp/IsaacLab/usd_20260516_033641_4964/configuration/go2_description_base.usd@</visuals/RR_hip_rotor> introduced by @/tmp/IsaacLab/usd_20260516_033641_4964/configuration/go2_description_base.usd@</go2_description/RR_hip_rotor/visuals> (recomposing stage on stage @/tmp/IsaacLab/usd_20260516_033641_4964/configuration/go2_description_base.usd@ <0x55af7a164e30>)

2026-05-15T19:36:42Z [17,571ms] [Warning] [omni.usd] Warning: in _ReportErrors at line 3172 of /builds/omniverse/usd-ci/USD/pxr/usd/usd/stage.cpp -- In </go2_description/RR_hip_rotor/visuals>: Unresolved reference prim path @/tmp/IsaacLab/usd_20260516_033641_4964/configuration/go2_description_physics.usd@</visuals/RR_hip_rotor> introduced by @/tmp/IsaacLab/usd_20260516_033641_4964/configuration/go2_description_base.usd@</go2_description/RR_hip_rotor/visuals> (recomposing stage on stage @/tmp/IsaacLab/usd_20260516_033641_4964/configuration/go2_description_physics.usd@ <0x55af77bb3880>)

2026-05-15T19:36:42Z [17,571ms] [Warning] [omni.usd] Warning: in _ReportErrors at line 3172 of /builds/omniverse/usd-ci/USD/pxr/usd/usd/stage.cpp -- In </go2_description/RR_hip_rotor/visuals>: Unresolved reference prim path @/tmp/IsaacLab/usd_20260516_033641_4964/go2_description.usd@</visuals/RR_hip_rotor> introduced by @/tmp/IsaacLab/usd_20260516_033641_4964/configuration/go2_description_base.usd@</go2_description/RR_hip_rotor/visuals> (recomposing stage on stage @/tmp/IsaacLab/usd_20260516_033641_4964/go2_description.usd@ <0x55af72c64290>)

2026-05-15T19:36:42Z [17,571ms] [Warning] [omni.usd] Warning: in _ReportErrors at line 3172 of /builds/omniverse/usd-ci/USD/pxr/usd/usd/stage.cpp -- In </go2_description/RR_hip_rotor/visuals>: Unresolved reference prim path @/tmp/IsaacLab/usd_20260516_033641_4964/go2_description.usd@</visuals/RR_hip_rotor> introduced by @/tmp/IsaacLab/usd_20260516_033641_4964/configuration/go2_description_base.usd@</go2_description/RR_hip_rotor/visuals> (recomposing stage on stage @/tmp/IsaacLab/usd_20260516_033641_4964/go2_description.usd@ <0x55af6f2d33b0>)

2026-05-15T19:36:42Z [17,571ms] [Warning] [omni.usd] Warning: in _ReportErrors at line 3172 of /builds/omniverse/usd-ci/USD/pxr/usd/usd/stage.cpp -- In </go2_description/RR_hip_rotor/visuals>: Unresolved reference prim path @/tmp/IsaacLab/usd_20260516_033641_4964/configuration/go2_description_base.usd@</visuals/RR_hip_rotor> introduced by @/tmp/IsaacLab/usd_20260516_033641_4964/configuration/go2_description_base.usd@</go2_description/RR_hip_rotor/visuals> (recomposing stage on stage @/tmp/IsaacLab/usd_20260516_033641_4964/configuration/go2_description_base.usd@ <0x55af7a164e30>)

2026-05-15T19:36:42Z [17,630ms] [Warning] [omni.usd] Warning: in _ReportErrors at line 3172 of /builds/omniverse/usd-ci/USD/pxr/usd/usd/stage.cpp -- In </go2_description/RR_hip_rotor/visuals>: Unresolved reference prim path @/tmp/IsaacLab/usd_20260516_033641_4964/configuration/go2_description_base.usd@</visuals/RR_hip_rotor> introduced by @/tmp/IsaacLab/usd_20260516_033641_4964/configuration/go2_description_base.usd@</go2_description/RR_hip_rotor/visuals> (recomposing stage on stage @/tmp/IsaacLab/usd_20260516_033641_4964/go2_description.usd@ <0x55af72c64290>)

2026-05-15T19:36:42Z [17,630ms] [Warning] [omni.usd] Warning: in _ReportErrors at line 3172 of /builds/omniverse/usd-ci/USD/pxr/usd/usd/stage.cpp -- In </go2_description/FL_thigh_rotor/visuals>: Unresolved reference prim path @/tmp/IsaacLab/usd_20260516_033641_4964/configuration/go2_description_base.usd@</visuals/FL_thigh_rotor> introduced by @/tmp/IsaacLab/usd_20260516_033641_4964/configuration/go2_description_base.usd@</go2_description/FL_thigh_rotor/visuals> (recomposing stage on stage @/tmp/IsaacLab/usd_20260516_033641_4964/go2_description.usd@ <0x55af72c64290>)

2026-05-15T19:36:42Z [17,630ms] [Warning] [omni.usd] Warning: in _ReportErrors at line 3172 of /builds/omniverse/usd-ci/USD/pxr/usd/usd/stage.cpp -- In </go2_description/RR_thigh_rotor/visuals>: Unresolved reference prim path @/tmp/IsaacLab/usd_20260516_033641_4964/configuration/go2_description_base.usd@</visuals/RR_thigh_rotor> introduced by @/tmp/IsaacLab/usd_20260516_033641_4964/configuration/go2_description_base.usd@</go2_description/RR_thigh_rotor/visuals> (recomposing stage on stage @/tmp/IsaacLab/usd_20260516_033641_4964/go2_description.usd@ <0x55af72c64290>)

2026-05-15T19:36:42Z [17,630ms] [Warning] [omni.usd] Warning: in _ReportErrors at line 3172 of /builds/omniverse/usd-ci/USD/pxr/usd/usd/stage.cpp -- In </go2_description/RR_calf_rotor/visuals>: Unresolved reference prim path @/tmp/IsaacLab/usd_20260516_033641_4964/configuration/go2_description_base.usd@</visuals/RR_calf_rotor> introduced by @/tmp/IsaacLab/usd_20260516_033641_4964/configuration/go2_description_base.usd@</go2_description/RR_calf_rotor/visuals> (recomposing stage on stage @/tmp/IsaacLab/usd_20260516_033641_4964/go2_description.usd@ <0x55af72c64290>)

2026-05-15T19:36:42Z [17,630ms] [Warning] [omni.usd] Warning: in _ReportErrors at line 3172 of /builds/omniverse/usd-ci/USD/pxr/usd/usd/stage.cpp -- In </go2_description/FR_thigh_rotor/visuals>: Unresolved reference prim path @/tmp/IsaacLab/usd_20260516_033641_4964/configuration/go2_description_base.usd@</visuals/FR_thigh_rotor> introduced by @/tmp/IsaacLab/usd_20260516_033641_4964/configuration/go2_description_base.usd@</go2_description/FR_thigh_rotor/visuals> (recomposing stage on stage @/tmp/IsaacLab/usd_20260516_033641_4964/go2_description.usd@ <0x55af72c64290>)

2026-05-15T19:36:42Z [17,630ms] [Warning] [omni.usd] Warning: in _ReportErrors at line 3172 of /builds/omniverse/usd-ci/USD/pxr/usd/usd/stage.cpp -- In </go2_description/Head_lower/visuals>: Unresolved reference prim path @/tmp/IsaacLab/usd_20260516_033641_4964/configuration/go2_description_base.usd@</visuals/Head_lower> introduced by @/tmp/IsaacLab/usd_20260516_033641_4964/configuration/go2_description_base.usd@</go2_description/Head_lower/visuals> (recomposing stage on stage @/tmp/IsaacLab/usd_20260516_033641_4964/go2_description.usd@ <0x55af72c64290>)

2026-05-15T19:36:42Z [17,630ms] [Warning] [omni.usd] Warning: in _ReportErrors at line 3172 of /builds/omniverse/usd-ci/USD/pxr/usd/usd/stage.cpp -- In </go2_description/FL_hip_rotor/visuals>: Unresolved reference prim path @/tmp/IsaacLab/usd_20260516_033641_4964/configuration/go2_description_base.usd@</visuals/FL_hip_rotor> introduced by @/tmp/IsaacLab/usd_20260516_033641_4964/configuration/go2_description_base.usd@</go2_description/FL_hip_rotor/visuals> (recomposing stage on stage @/tmp/IsaacLab/usd_20260516_033641_4964/go2_description.usd@ <0x55af72c64290>)

2026-05-15T19:36:42Z [17,630ms] [Warning] [omni.usd] Warning: in _ReportErrors at line 3172 of /builds/omniverse/usd-ci/USD/pxr/usd/usd/stage.cpp -- In </go2_description/RL_thigh_rotor/visuals>: Unresolved reference prim path @/tmp/IsaacLab/usd_20260516_033641_4964/configuration/go2_description_base.usd@</visuals/RL_thigh_rotor> introduced by @/tmp/IsaacLab/usd_20260516_033641_4964/configuration/go2_description_base.usd@</go2_description/RL_thigh_rotor/visuals> (recomposing stage on stage @/tmp/IsaacLab/usd_20260516_033641_4964/go2_description.usd@ <0x55af72c64290>)

2026-05-15T19:36:42Z [17,630ms] [Warning] [omni.usd] Warning: in _ReportErrors at line 3172 of /builds/omniverse/usd-ci/USD/pxr/usd/usd/stage.cpp -- In </go2_description/FR_calf_rotor/visuals>: Unresolved reference prim path @/tmp/IsaacLab/usd_20260516_033641_4964/configuration/go2_description_base.usd@</visuals/FR_calf_rotor> introduced by @/tmp/IsaacLab/usd_20260516_033641_4964/configuration/go2_description_base.usd@</go2_description/FR_calf_rotor/visuals> (recomposing stage on stage @/tmp/IsaacLab/usd_20260516_033641_4964/go2_description.usd@ <0x55af72c64290>)

2026-05-15T19:36:42Z [17,630ms] [Warning] [omni.usd] Warning: in _ReportErrors at line 3172 of /builds/omniverse/usd-ci/USD/pxr/usd/usd/stage.cpp -- In </go2_description/FL_calf_rotor/visuals>: Unresolved reference prim path @/tmp/IsaacLab/usd_20260516_033641_4964/configuration/go2_description_base.usd@</visuals/FL_calf_rotor> introduced by @/tmp/IsaacLab/usd_20260516_033641_4964/configuration/go2_description_base.usd@</go2_description/FL_calf_rotor/visuals> (recomposing stage on stage @/tmp/IsaacLab/usd_20260516_033641_4964/go2_description.usd@ <0x55af72c64290>)

2026-05-15T19:36:42Z [17,630ms] [Warning] [omni.usd] Warning: in _ReportErrors at line 3172 of /builds/omniverse/usd-ci/USD/pxr/usd/usd/stage.cpp -- In </go2_description/RL_calf_rotor/visuals>: Unresolved reference prim path @/tmp/IsaacLab/usd_20260516_033641_4964/configuration/go2_description_base.usd@</visuals/RL_calf_rotor> introduced by @/tmp/IsaacLab/usd_20260516_033641_4964/configuration/go2_description_base.usd@</go2_description/RL_calf_rotor/visuals> (recomposing stage on stage @/tmp/IsaacLab/usd_20260516_033641_4964/go2_description.usd@ <0x55af72c64290>)

2026-05-15T19:36:42Z [17,630ms] [Warning] [omni.usd] Warning: in _ReportErrors at line 3172 of /builds/omniverse/usd-ci/USD/pxr/usd/usd/stage.cpp -- In </go2_description/Head_upper/visuals>: Unresolved reference prim path @/tmp/IsaacLab/usd_20260516_033641_4964/configuration/go2_description_base.usd@</visuals/Head_upper> introduced by @/tmp/IsaacLab/usd_20260516_033641_4964/configuration/go2_description_base.usd@</go2_description/Head_upper/visuals> (recomposing stage on stage @/tmp/IsaacLab/usd_20260516_033641_4964/go2_description.usd@ <0x55af72c64290>)

2026-05-15T19:36:42Z [17,630ms] [Warning] [omni.usd] Warning: in _ReportErrors at line 3172 of /builds/omniverse/usd-ci/USD/pxr/usd/usd/stage.cpp -- In </go2_description/FR_hip_rotor/visuals>: Unresolved reference prim path @/tmp/IsaacLab/usd_20260516_033641_4964/configuration/go2_description_base.usd@</visuals/FR_hip_rotor> introduced by @/tmp/IsaacLab/usd_20260516_033641_4964/configuration/go2_description_base.usd@</go2_description/FR_hip_rotor/visuals> (recomposing stage on stage @/tmp/IsaacLab/usd_20260516_033641_4964/go2_description.usd@ <0x55af72c64290>)

2026-05-15T19:36:42Z [17,630ms] [Warning] [omni.usd] Warning: in _ReportErrors at line 3172 of /builds/omniverse/usd-ci/USD/pxr/usd/usd/stage.cpp -- In </go2_description/RL_hip_rotor/visuals>: Unresolved reference prim path @/tmp/IsaacLab/usd_20260516_033641_4964/configuration/go2_description_base.usd@</visuals/RL_hip_rotor> introduced by @/tmp/IsaacLab/usd_20260516_033641_4964/configuration/go2_description_base.usd@</go2_description/RL_hip_rotor/visuals> (recomposing stage on stage @/tmp/IsaacLab/usd_20260516_033641_4964/go2_description.usd@ <0x55af72c64290>)

2026-05-15T19:36:42Z [17,632ms] [Warning] [omni.usd] Warning: in _ReportErrors at line 3172 of /builds/omniverse/usd-ci/USD/pxr/usd/usd/stage.cpp -- In </go2_description/RR_hip_rotor/visuals>: Unresolved reference prim path @/tmp/IsaacLab/usd_20260516_033641_4964/configuration/go2_description_base.usd@</visuals/RR_hip_rotor> introduced by @/tmp/IsaacLab/usd_20260516_033641_4964/configuration/go2_description_base.usd@</go2_description/RR_hip_rotor/visuals> (recomposing stage on stage @/tmp/IsaacLab/usd_20260516_033641_4964/go2_description.usd@ <0x55af6f2d33b0>)

2026-05-15T19:36:42Z [17,632ms] [Warning] [omni.usd] Warning: in _ReportErrors at line 3172 of /builds/omniverse/usd-ci/USD/pxr/usd/usd/stage.cpp -- In </go2_description/RR_thigh_rotor/visuals>: Unresolved reference prim path @/tmp/IsaacLab/usd_20260516_033641_4964/configuration/go2_description_base.usd@</visuals/RR_thigh_rotor> introduced by @/tmp/IsaacLab/usd_20260516_033641_4964/configuration/go2_description_base.usd@</go2_description/RR_thigh_rotor/visuals> (recomposing stage on stage @/tmp/IsaacLab/usd_20260516_033641_4964/go2_description.usd@ <0x55af6f2d33b0>)

2026-05-15T19:36:42Z [17,632ms] [Warning] [omni.usd] Warning: in _ReportErrors at line 3172 of /builds/omniverse/usd-ci/USD/pxr/usd/usd/stage.cpp -- In </go2_description/FL_hip_rotor/visuals>: Unresolved reference prim path @/tmp/IsaacLab/usd_20260516_033641_4964/configuration/go2_description_base.usd@</visuals/FL_hip_rotor> introduced by @/tmp/IsaacLab/usd_20260516_033641_4964/configuration/go2_description_base.usd@</go2_description/FL_hip_rotor/visuals> (recomposing stage on stage @/tmp/IsaacLab/usd_20260516_033641_4964/go2_description.usd@ <0x55af6f2d33b0>)

2026-05-15T19:36:42Z [17,632ms] [Warning] [omni.usd] Warning: in _ReportErrors at line 3172 of /builds/omniverse/usd-ci/USD/pxr/usd/usd/stage.cpp -- In </go2_description/FL_thigh_rotor/visuals>: Unresolved reference prim path @/tmp/IsaacLab/usd_20260516_033641_4964/configuration/go2_description_base.usd@</visuals/FL_thigh_rotor> introduced by @/tmp/IsaacLab/usd_20260516_033641_4964/configuration/go2_description_base.usd@</go2_description/FL_thigh_rotor/visuals> (recomposing stage on stage @/tmp/IsaacLab/usd_20260516_033641_4964/go2_description.usd@ <0x55af6f2d33b0>)

2026-05-15T19:36:42Z [17,632ms] [Warning] [omni.usd] Warning: in _ReportErrors at line 3172 of /builds/omniverse/usd-ci/USD/pxr/usd/usd/stage.cpp -- In </go2_description/FR_hip_rotor/visuals>: Unresolved reference prim path @/tmp/IsaacLab/usd_20260516_033641_4964/configuration/go2_description_base.usd@</visuals/FR_hip_rotor> introduced by @/tmp/IsaacLab/usd_20260516_033641_4964/configuration/go2_description_base.usd@</go2_description/FR_hip_rotor/visuals> (recomposing stage on stage @/tmp/IsaacLab/usd_20260516_033641_4964/go2_description.usd@ <0x55af6f2d33b0>)

2026-05-15T19:36:42Z [17,632ms] [Warning] [omni.usd] Warning: in _ReportErrors at line 3172 of /builds/omniverse/usd-ci/USD/pxr/usd/usd/stage.cpp -- In </go2_description/FR_thigh_rotor/visuals>: Unresolved reference prim path @/tmp/IsaacLab/usd_20260516_033641_4964/configuration/go2_description_base.usd@</visuals/FR_thigh_rotor> introduced by @/tmp/IsaacLab/usd_20260516_033641_4964/configuration/go2_description_base.usd@</go2_description/FR_thigh_rotor/visuals> (recomposing stage on stage @/tmp/IsaacLab/usd_20260516_033641_4964/go2_description.usd@ <0x55af6f2d33b0>)

2026-05-15T19:36:42Z [17,632ms] [Warning] [omni.usd] Warning: in _ReportErrors at line 3172 of /builds/omniverse/usd-ci/USD/pxr/usd/usd/stage.cpp -- In </go2_description/RR_calf_rotor/visuals>: Unresolved reference prim path @/tmp/IsaacLab/usd_20260516_033641_4964/configuration/go2_description_base.usd@</visuals/RR_calf_rotor> introduced by @/tmp/IsaacLab/usd_20260516_033641_4964/configuration/go2_description_base.usd@</go2_description/RR_calf_rotor/visuals> (recomposing stage on stage @/tmp/IsaacLab/usd_20260516_033641_4964/go2_description.usd@ <0x55af6f2d33b0>)

2026-05-15T19:36:42Z [17,632ms] [Warning] [omni.usd] Warning: in _ReportErrors at line 3172 of /builds/omniverse/usd-ci/USD/pxr/usd/usd/stage.cpp -- In </go2_description/FL_calf_rotor/visuals>: Unresolved reference prim path @/tmp/IsaacLab/usd_20260516_033641_4964/configuration/go2_description_base.usd@</visuals/FL_calf_rotor> introduced by @/tmp/IsaacLab/usd_20260516_033641_4964/configuration/go2_description_base.usd@</go2_description/FL_calf_rotor/visuals> (recomposing stage on stage @/tmp/IsaacLab/usd_20260516_033641_4964/go2_description.usd@ <0x55af6f2d33b0>)

2026-05-15T19:36:42Z [17,632ms] [Warning] [omni.usd] Warning: in _ReportErrors at line 3172 of /builds/omniverse/usd-ci/USD/pxr/usd/usd/stage.cpp -- In </go2_description/Head_upper/visuals>: Unresolved reference prim path @/tmp/IsaacLab/usd_20260516_033641_4964/configuration/go2_description_base.usd@</visuals/Head_upper> introduced by @/tmp/IsaacLab/usd_20260516_033641_4964/configuration/go2_description_base.usd@</go2_description/Head_upper/visuals> (recomposing stage on stage @/tmp/IsaacLab/usd_20260516_033641_4964/go2_description.usd@ <0x55af6f2d33b0>)

2026-05-15T19:36:42Z [17,632ms] [Warning] [omni.usd] Warning: in _ReportErrors at line 3172 of /builds/omniverse/usd-ci/USD/pxr/usd/usd/stage.cpp -- In </go2_description/FR_calf_rotor/visuals>: Unresolved reference prim path @/tmp/IsaacLab/usd_20260516_033641_4964/configuration/go2_description_base.usd@</visuals/FR_calf_rotor> introduced by @/tmp/IsaacLab/usd_20260516_033641_4964/configuration/go2_description_base.usd@</go2_description/FR_calf_rotor/visuals> (recomposing stage on stage @/tmp/IsaacLab/usd_20260516_033641_4964/go2_description.usd@ <0x55af6f2d33b0>)

2026-05-15T19:36:42Z [17,632ms] [Warning] [omni.usd] Warning: in _ReportErrors at line 3172 of /builds/omniverse/usd-ci/USD/pxr/usd/usd/stage.cpp -- In </go2_description/Head_lower/visuals>: Unresolved reference prim path @/tmp/IsaacLab/usd_20260516_033641_4964/configuration/go2_description_base.usd@</visuals/Head_lower> introduced by @/tmp/IsaacLab/usd_20260516_033641_4964/configuration/go2_description_base.usd@</go2_description/Head_lower/visuals> (recomposing stage on stage @/tmp/IsaacLab/usd_20260516_033641_4964/go2_description.usd@ <0x55af6f2d33b0>)

2026-05-15T19:36:42Z [17,632ms] [Warning] [omni.usd] Warning: in _ReportErrors at line 3172 of /builds/omniverse/usd-ci/USD/pxr/usd/usd/stage.cpp -- In </go2_description/RL_calf_rotor/visuals>: Unresolved reference prim path @/tmp/IsaacLab/usd_20260516_033641_4964/configuration/go2_description_base.usd@</visuals/RL_calf_rotor> introduced by @/tmp/IsaacLab/usd_20260516_033641_4964/configuration/go2_description_base.usd@</go2_description/RL_calf_rotor/visuals> (recomposing stage on stage @/tmp/IsaacLab/usd_20260516_033641_4964/go2_description.usd@ <0x55af6f2d33b0>)

2026-05-15T19:36:42Z [17,632ms] [Warning] [omni.usd] Warning: in _ReportErrors at line 3172 of /builds/omniverse/usd-ci/USD/pxr/usd/usd/stage.cpp -- In </go2_description/RL_thigh_rotor/visuals>: Unresolved reference prim path @/tmp/IsaacLab/usd_20260516_033641_4964/configuration/go2_description_base.usd@</visuals/RL_thigh_rotor> introduced by @/tmp/IsaacLab/usd_20260516_033641_4964/configuration/go2_description_base.usd@</go2_description/RL_thigh_rotor/visuals> (recomposing stage on stage @/tmp/IsaacLab/usd_20260516_033641_4964/go2_description.usd@ <0x55af6f2d33b0>)

2026-05-15T19:36:42Z [17,632ms] [Warning] [omni.usd] Warning: in _ReportErrors at line 3172 of /builds/omniverse/usd-ci/USD/pxr/usd/usd/stage.cpp -- In </go2_description/RL_hip_rotor/visuals>: Unresolved reference prim path @/tmp/IsaacLab/usd_20260516_033641_4964/configuration/go2_description_base.usd@</visuals/RL_hip_rotor> introduced by @/tmp/IsaacLab/usd_20260516_033641_4964/configuration/go2_description_base.usd@</go2_description/RL_hip_rotor/visuals> (recomposing stage on stage @/tmp/IsaacLab/usd_20260516_033641_4964/go2_description.usd@ <0x55af6f2d33b0>)

2026-05-15T19:36:42Z [17,635ms] [Warning] [omni.usd] Warning: in _ReportErrors at line 3172 of /builds/omniverse/usd-ci/USD/pxr/usd/usd/stage.cpp -- In </go2_description/RR_hip_rotor/visuals>: Unresolved reference prim path @/tmp/IsaacLab/usd_20260516_033641_4964/configuration/go2_description_physics.usd@</visuals/RR_hip_rotor> introduced by @/tmp/IsaacLab/usd_20260516_033641_4964/configuration/go2_description_base.usd@</go2_description/RR_hip_rotor/visuals> (recomposing stage on stage @/tmp/IsaacLab/usd_20260516_033641_4964/go2_description.usd@ <0x55af72c64290>)

2026-05-15T19:36:42Z [17,635ms] [Warning] [omni.usd] Warning: in _ReportErrors at line 3172 of /builds/omniverse/usd-ci/USD/pxr/usd/usd/stage.cpp -- In </go2_description/RR_thigh_rotor/visuals>: Unresolved reference prim path @/tmp/IsaacLab/usd_20260516_033641_4964/configuration/go2_description_physics.usd@</visuals/RR_thigh_rotor> introduced by @/tmp/IsaacLab/usd_20260516_033641_4964/configuration/go2_description_base.usd@</go2_description/RR_thigh_rotor/visuals> (recomposing stage on stage @/tmp/IsaacLab/usd_20260516_033641_4964/go2_description.usd@ <0x55af72c64290>)

2026-05-15T19:36:42Z [17,635ms] [Warning] [omni.usd] Warning: in _ReportErrors at line 3172 of /builds/omniverse/usd-ci/USD/pxr/usd/usd/stage.cpp -- In </go2_description/FL_calf_rotor/visuals>: Unresolved reference prim path @/tmp/IsaacLab/usd_20260516_033641_4964/configuration/go2_description_physics.usd@</visuals/FL_calf_rotor> introduced by @/tmp/IsaacLab/usd_20260516_033641_4964/configuration/go2_description_base.usd@</go2_description/FL_calf_rotor/visuals> (recomposing stage on stage @/tmp/IsaacLab/usd_20260516_033641_4964/go2_description.usd@ <0x55af72c64290>)

2026-05-15T19:36:42Z [17,635ms] [Warning] [omni.usd] Warning: in _ReportErrors at line 3172 of /builds/omniverse/usd-ci/USD/pxr/usd/usd/stage.cpp -- In </go2_description/FL_thigh_rotor/visuals>: Unresolved reference prim path @/tmp/IsaacLab/usd_20260516_033641_4964/configuration/go2_description_physics.usd@</visuals/FL_thigh_rotor> introduced by @/tmp/IsaacLab/usd_20260516_033641_4964/configuration/go2_description_base.usd@</go2_description/FL_thigh_rotor/visuals> (recomposing stage on stage @/tmp/IsaacLab/usd_20260516_033641_4964/go2_description.usd@ <0x55af72c64290>)

2026-05-15T19:36:42Z [17,635ms] [Warning] [omni.usd] Warning: in _ReportErrors at line 3172 of /builds/omniverse/usd-ci/USD/pxr/usd/usd/stage.cpp -- In </go2_description/RR_calf_rotor/visuals>: Unresolved reference prim path @/tmp/IsaacLab/usd_20260516_033641_4964/configuration/go2_description_physics.usd@</visuals/RR_calf_rotor> introduced by @/tmp/IsaacLab/usd_20260516_033641_4964/configuration/go2_description_base.usd@</go2_description/RR_calf_rotor/visuals> (recomposing stage on stage @/tmp/IsaacLab/usd_20260516_033641_4964/go2_description.usd@ <0x55af72c64290>)

2026-05-15T19:36:42Z [17,635ms] [Warning] [omni.usd] Warning: in _ReportErrors at line 3172 of /builds/omniverse/usd-ci/USD/pxr/usd/usd/stage.cpp -- In </go2_description/FR_thigh_rotor/visuals>: Unresolved reference prim path @/tmp/IsaacLab/usd_20260516_033641_4964/configuration/go2_description_physics.usd@</visuals/FR_thigh_rotor> introduced by @/tmp/IsaacLab/usd_20260516_033641_4964/configuration/go2_description_base.usd@</go2_description/FR_thigh_rotor/visuals> (recomposing stage on stage @/tmp/IsaacLab/usd_20260516_033641_4964/go2_description.usd@ <0x55af72c64290>)

2026-05-15T19:36:42Z [17,635ms] [Warning] [omni.usd] Warning: in _ReportErrors at line 3172 of /builds/omniverse/usd-ci/USD/pxr/usd/usd/stage.cpp -- In </go2_description/FL_hip_rotor/visuals>: Unresolved reference prim path @/tmp/IsaacLab/usd_20260516_033641_4964/configuration/go2_description_physics.usd@</visuals/FL_hip_rotor> introduced by @/tmp/IsaacLab/usd_20260516_033641_4964/configuration/go2_description_base.usd@</go2_description/FL_hip_rotor/visuals> (recomposing stage on stage @/tmp/IsaacLab/usd_20260516_033641_4964/go2_description.usd@ <0x55af72c64290>)

2026-05-15T19:36:42Z [17,635ms] [Warning] [omni.usd] Warning: in _ReportErrors at line 3172 of /builds/omniverse/usd-ci/USD/pxr/usd/usd/stage.cpp -- In </go2_description/Head_upper/visuals>: Unresolved reference prim path @/tmp/IsaacLab/usd_20260516_033641_4964/configuration/go2_description_physics.usd@</visuals/Head_upper> introduced by @/tmp/IsaacLab/usd_20260516_033641_4964/configuration/go2_description_base.usd@</go2_description/Head_upper/visuals> (recomposing stage on stage @/tmp/IsaacLab/usd_20260516_033641_4964/go2_description.usd@ <0x55af72c64290>)

2026-05-15T19:36:42Z [17,635ms] [Warning] [omni.usd] Warning: in _ReportErrors at line 3172 of /builds/omniverse/usd-ci/USD/pxr/usd/usd/stage.cpp -- In </go2_description/Head_lower/visuals>: Unresolved reference prim path @/tmp/IsaacLab/usd_20260516_033641_4964/configuration/go2_description_physics.usd@</visuals/Head_lower> introduced by @/tmp/IsaacLab/usd_20260516_033641_4964/configuration/go2_description_base.usd@</go2_description/Head_lower/visuals> (recomposing stage on stage @/tmp/IsaacLab/usd_20260516_033641_4964/go2_description.usd@ <0x55af72c64290>)

2026-05-15T19:36:42Z [17,635ms] [Warning] [omni.usd] Warning: in _ReportErrors at line 3172 of /builds/omniverse/usd-ci/USD/pxr/usd/usd/stage.cpp -- In </go2_description/FR_calf_rotor/visuals>: Unresolved reference prim path @/tmp/IsaacLab/usd_20260516_033641_4964/configuration/go2_description_physics.usd@</visuals/FR_calf_rotor> introduced by @/tmp/IsaacLab/usd_20260516_033641_4964/configuration/go2_description_base.usd@</go2_description/FR_calf_rotor/visuals> (recomposing stage on stage @/tmp/IsaacLab/usd_20260516_033641_4964/go2_description.usd@ <0x55af72c64290>)

2026-05-15T19:36:42Z [17,635ms] [Warning] [omni.usd] Warning: in _ReportErrors at line 3172 of /builds/omniverse/usd-ci/USD/pxr/usd/usd/stage.cpp -- In </go2_description/FR_hip_rotor/visuals>: Unresolved reference prim path @/tmp/IsaacLab/usd_20260516_033641_4964/configuration/go2_description_physics.usd@</visuals/FR_hip_rotor> introduced by @/tmp/IsaacLab/usd_20260516_033641_4964/configuration/go2_description_base.usd@</go2_description/FR_hip_rotor/visuals> (recomposing stage on stage @/tmp/IsaacLab/usd_20260516_033641_4964/go2_description.usd@ <0x55af72c64290>)

2026-05-15T19:36:42Z [17,635ms] [Warning] [omni.usd] Warning: in _ReportErrors at line 3172 of /builds/omniverse/usd-ci/USD/pxr/usd/usd/stage.cpp -- In </go2_description/RL_calf_rotor/visuals>: Unresolved reference prim path @/tmp/IsaacLab/usd_20260516_033641_4964/configuration/go2_description_physics.usd@</visuals/RL_calf_rotor> introduced by @/tmp/IsaacLab/usd_20260516_033641_4964/configuration/go2_description_base.usd@</go2_description/RL_calf_rotor/visuals> (recomposing stage on stage @/tmp/IsaacLab/usd_20260516_033641_4964/go2_description.usd@ <0x55af72c64290>)

2026-05-15T19:36:42Z [17,635ms] [Warning] [omni.usd] Warning: in _ReportErrors at line 3172 of /builds/omniverse/usd-ci/USD/pxr/usd/usd/stage.cpp -- In </go2_description/RL_thigh_rotor/visuals>: Unresolved reference prim path @/tmp/IsaacLab/usd_20260516_033641_4964/configuration/go2_description_physics.usd@</visuals/RL_thigh_rotor> introduced by @/tmp/IsaacLab/usd_20260516_033641_4964/configuration/go2_description_base.usd@</go2_description/RL_thigh_rotor/visuals> (recomposing stage on stage @/tmp/IsaacLab/usd_20260516_033641_4964/go2_description.usd@ <0x55af72c64290>)

2026-05-15T19:36:42Z [17,635ms] [Warning] [omni.usd] Warning: in _ReportErrors at line 3172 of /builds/omniverse/usd-ci/USD/pxr/usd/usd/stage.cpp -- In </go2_description/RL_hip_rotor/visuals>: Unresolved reference prim path @/tmp/IsaacLab/usd_20260516_033641_4964/configuration/go2_description_physics.usd@</visuals/RL_hip_rotor> introduced by @/tmp/IsaacLab/usd_20260516_033641_4964/configuration/go2_description_base.usd@</go2_description/RL_hip_rotor/visuals> (recomposing stage on stage @/tmp/IsaacLab/usd_20260516_033641_4964/go2_description.usd@ <0x55af72c64290>)

2026-05-15T19:36:42Z [17,638ms] [Warning] [omni.usd] Warning: in _ReportErrors at line 3172 of /builds/omniverse/usd-ci/USD/pxr/usd/usd/stage.cpp -- In </go2_description/RR_hip_rotor/visuals>: Unresolved reference prim path @/tmp/IsaacLab/usd_20260516_033641_4964/configuration/go2_description_physics.usd@</visuals/RR_hip_rotor> introduced by @/tmp/IsaacLab/usd_20260516_033641_4964/configuration/go2_description_base.usd@</go2_description/RR_hip_rotor/visuals> (recomposing stage on stage @/tmp/IsaacLab/usd_20260516_033641_4964/go2_description.usd@ <0x55af6f2d33b0>)

2026-05-15T19:36:42Z [17,638ms] [Warning] [omni.usd] Warning: in _ReportErrors at line 3172 of /builds/omniverse/usd-ci/USD/pxr/usd/usd/stage.cpp -- In </go2_description/FR_calf_rotor/visuals>: Unresolved reference prim path @/tmp/IsaacLab/usd_20260516_033641_4964/configuration/go2_description_physics.usd@</visuals/FR_calf_rotor> introduced by @/tmp/IsaacLab/usd_20260516_033641_4964/configuration/go2_description_base.usd@</go2_description/FR_calf_rotor/visuals> (recomposing stage on stage @/tmp/IsaacLab/usd_20260516_033641_4964/go2_description.usd@ <0x55af6f2d33b0>)

2026-05-15T19:36:42Z [17,638ms] [Warning] [omni.usd] Warning: in _ReportErrors at line 3172 of /builds/omniverse/usd-ci/USD/pxr/usd/usd/stage.cpp -- In </go2_description/FL_hip_rotor/visuals>: Unresolved reference prim path @/tmp/IsaacLab/usd_20260516_033641_4964/configuration/go2_description_physics.usd@</visuals/FL_hip_rotor> introduced by @/tmp/IsaacLab/usd_20260516_033641_4964/configuration/go2_description_base.usd@</go2_description/FL_hip_rotor/visuals> (recomposing stage on stage @/tmp/IsaacLab/usd_20260516_033641_4964/go2_description.usd@ <0x55af6f2d33b0>)

2026-05-15T19:36:42Z [17,638ms] [Warning] [omni.usd] Warning: in _ReportErrors at line 3172 of /builds/omniverse/usd-ci/USD/pxr/usd/usd/stage.cpp -- In </go2_description/FL_thigh_rotor/visuals>: Unresolved reference prim path @/tmp/IsaacLab/usd_20260516_033641_4964/configuration/go2_description_physics.usd@</visuals/FL_thigh_rotor> introduced by @/tmp/IsaacLab/usd_20260516_033641_4964/configuration/go2_description_base.usd@</go2_description/FL_thigh_rotor/visuals> (recomposing stage on stage @/tmp/IsaacLab/usd_20260516_033641_4964/go2_description.usd@ <0x55af6f2d33b0>)

2026-05-15T19:36:42Z [17,638ms] [Warning] [omni.usd] Warning: in _ReportErrors at line 3172 of /builds/omniverse/usd-ci/USD/pxr/usd/usd/stage.cpp -- In </go2_description/RR_thigh_rotor/visuals>: Unresolved reference prim path @/tmp/IsaacLab/usd_20260516_033641_4964/configuration/go2_description_physics.usd@</visuals/RR_thigh_rotor> introduced by @/tmp/IsaacLab/usd_20260516_033641_4964/configuration/go2_description_base.usd@</go2_description/RR_thigh_rotor/visuals> (recomposing stage on stage @/tmp/IsaacLab/usd_20260516_033641_4964/go2_description.usd@ <0x55af6f2d33b0>)

2026-05-15T19:36:42Z [17,638ms] [Warning] [omni.usd] Warning: in _ReportErrors at line 3172 of /builds/omniverse/usd-ci/USD/pxr/usd/usd/stage.cpp -- In </go2_description/FR_hip_rotor/visuals>: Unresolved reference prim path @/tmp/IsaacLab/usd_20260516_033641_4964/configuration/go2_description_physics.usd@</visuals/FR_hip_rotor> introduced by @/tmp/IsaacLab/usd_20260516_033641_4964/configuration/go2_description_base.usd@</go2_description/FR_hip_rotor/visuals> (recomposing stage on stage @/tmp/IsaacLab/usd_20260516_033641_4964/go2_description.usd@ <0x55af6f2d33b0>)

2026-05-15T19:36:42Z [17,638ms] [Warning] [omni.usd] Warning: in _ReportErrors at line 3172 of /builds/omniverse/usd-ci/USD/pxr/usd/usd/stage.cpp -- In </go2_description/FR_thigh_rotor/visuals>: Unresolved reference prim path @/tmp/IsaacLab/usd_20260516_033641_4964/configuration/go2_description_physics.usd@</visuals/FR_thigh_rotor> introduced by @/tmp/IsaacLab/usd_20260516_033641_4964/configuration/go2_description_base.usd@</go2_description/FR_thigh_rotor/visuals> (recomposing stage on stage @/tmp/IsaacLab/usd_20260516_033641_4964/go2_description.usd@ <0x55af6f2d33b0>)

2026-05-15T19:36:42Z [17,638ms] [Warning] [omni.usd] Warning: in _ReportErrors at line 3172 of /builds/omniverse/usd-ci/USD/pxr/usd/usd/stage.cpp -- In </go2_description/FL_calf_rotor/visuals>: Unresolved reference prim path @/tmp/IsaacLab/usd_20260516_033641_4964/configuration/go2_description_physics.usd@</visuals/FL_calf_rotor> introduced by @/tmp/IsaacLab/usd_20260516_033641_4964/configuration/go2_description_base.usd@</go2_description/FL_calf_rotor/visuals> (recomposing stage on stage @/tmp/IsaacLab/usd_20260516_033641_4964/go2_description.usd@ <0x55af6f2d33b0>)

2026-05-15T19:36:42Z [17,638ms] [Warning] [omni.usd] Warning: in _ReportErrors at line 3172 of /builds/omniverse/usd-ci/USD/pxr/usd/usd/stage.cpp -- In </go2_description/RR_calf_rotor/visuals>: Unresolved reference prim path @/tmp/IsaacLab/usd_20260516_033641_4964/configuration/go2_description_physics.usd@</visuals/RR_calf_rotor> introduced by @/tmp/IsaacLab/usd_20260516_033641_4964/configuration/go2_description_base.usd@</go2_description/RR_calf_rotor/visuals> (recomposing stage on stage @/tmp/IsaacLab/usd_20260516_033641_4964/go2_description.usd@ <0x55af6f2d33b0>)

2026-05-15T19:36:42Z [17,638ms] [Warning] [omni.usd] Warning: in _ReportErrors at line 3172 of /builds/omniverse/usd-ci/USD/pxr/usd/usd/stage.cpp -- In </go2_description/Head_upper/visuals>: Unresolved reference prim path @/tmp/IsaacLab/usd_20260516_033641_4964/configuration/go2_description_physics.usd@</visuals/Head_upper> introduced by @/tmp/IsaacLab/usd_20260516_033641_4964/configuration/go2_description_base.usd@</go2_description/Head_upper/visuals> (recomposing stage on stage @/tmp/IsaacLab/usd_20260516_033641_4964/go2_description.usd@ <0x55af6f2d33b0>)

2026-05-15T19:36:42Z [17,638ms] [Warning] [omni.usd] Warning: in _ReportErrors at line 3172 of /builds/omniverse/usd-ci/USD/pxr/usd/usd/stage.cpp -- In </go2_description/Head_lower/visuals>: Unresolved reference prim path @/tmp/IsaacLab/usd_20260516_033641_4964/configuration/go2_description_physics.usd@</visuals/Head_lower> introduced by @/tmp/IsaacLab/usd_20260516_033641_4964/configuration/go2_description_base.usd@</go2_description/Head_lower/visuals> (recomposing stage on stage @/tmp/IsaacLab/usd_20260516_033641_4964/go2_description.usd@ <0x55af6f2d33b0>)

2026-05-15T19:36:42Z [17,638ms] [Warning] [omni.usd] Warning: in _ReportErrors at line 3172 of /builds/omniverse/usd-ci/USD/pxr/usd/usd/stage.cpp -- In </go2_description/RL_hip_rotor/visuals>: Unresolved reference prim path @/tmp/IsaacLab/usd_20260516_033641_4964/configuration/go2_description_physics.usd@</visuals/RL_hip_rotor> introduced by @/tmp/IsaacLab/usd_20260516_033641_4964/configuration/go2_description_base.usd@</go2_description/RL_hip_rotor/visuals> (recomposing stage on stage @/tmp/IsaacLab/usd_20260516_033641_4964/go2_description.usd@ <0x55af6f2d33b0>)

2026-05-15T19:36:42Z [17,638ms] [Warning] [omni.usd] Warning: in _ReportErrors at line 3172 of /builds/omniverse/usd-ci/USD/pxr/usd/usd/stage.cpp -- In </go2_description/RL_thigh_rotor/visuals>: Unresolved reference prim path @/tmp/IsaacLab/usd_20260516_033641_4964/configuration/go2_description_physics.usd@</visuals/RL_thigh_rotor> introduced by @/tmp/IsaacLab/usd_20260516_033641_4964/configuration/go2_description_base.usd@</go2_description/RL_thigh_rotor/visuals> (recomposing stage on stage @/tmp/IsaacLab/usd_20260516_033641_4964/go2_description.usd@ <0x55af6f2d33b0>)

2026-05-15T19:36:42Z [17,638ms] [Warning] [omni.usd] Warning: in _ReportErrors at line 3172 of /builds/omniverse/usd-ci/USD/pxr/usd/usd/stage.cpp -- In </go2_description/RL_calf_rotor/visuals>: Unresolved reference prim path @/tmp/IsaacLab/usd_20260516_033641_4964/configuration/go2_description_physics.usd@</visuals/RL_calf_rotor> introduced by @/tmp/IsaacLab/usd_20260516_033641_4964/configuration/go2_description_base.usd@</go2_description/RL_calf_rotor/visuals> (recomposing stage on stage @/tmp/IsaacLab/usd_20260516_033641_4964/go2_description.usd@ <0x55af6f2d33b0>)

2026-05-15T19:36:42Z [17,641ms] [Warning] [omni.usd] Warning: in _ReportErrors at line 3172 of /builds/omniverse/usd-ci/USD/pxr/usd/usd/stage.cpp -- In </go2_description/RR_hip_rotor/visuals>: Unresolved reference prim path @/tmp/IsaacLab/usd_20260516_033641_4964/configuration/go2_description_physics.usd@</visuals/RR_hip_rotor> introduced by @/tmp/IsaacLab/usd_20260516_033641_4964/configuration/go2_description_base.usd@</go2_description/RR_hip_rotor/visuals> (recomposing stage on stage @/tmp/IsaacLab/usd_20260516_033641_4964/go2_description.usd@ <0x55af72c64290>)

2026-05-15T19:36:42Z [17,641ms] [Warning] [omni.usd] Warning: in _ReportErrors at line 3172 of /builds/omniverse/usd-ci/USD/pxr/usd/usd/stage.cpp -- In </go2_description/FL_hip_rotor/visuals>: Unresolved reference prim path @/tmp/IsaacLab/usd_20260516_033641_4964/configuration/go2_description_physics.usd@</visuals/FL_hip_rotor> introduced by @/tmp/IsaacLab/usd_20260516_033641_4964/configuration/go2_description_base.usd@</go2_description/FL_hip_rotor/visuals> (recomposing stage on stage @/tmp/IsaacLab/usd_20260516_033641_4964/go2_description.usd@ <0x55af72c64290>)

2026-05-15T19:36:42Z [17,641ms] [Warning] [omni.usd] Warning: in _ReportErrors at line 3172 of /builds/omniverse/usd-ci/USD/pxr/usd/usd/stage.cpp -- In </go2_description/RR_thigh_rotor/visuals>: Unresolved reference prim path @/tmp/IsaacLab/usd_20260516_033641_4964/configuration/go2_description_physics.usd@</visuals/RR_thigh_rotor> introduced by @/tmp/IsaacLab/usd_20260516_033641_4964/configuration/go2_description_base.usd@</go2_description/RR_thigh_rotor/visuals> (recomposing stage on stage @/tmp/IsaacLab/usd_20260516_033641_4964/go2_description.usd@ <0x55af72c64290>)

2026-05-15T19:36:42Z [17,641ms] [Warning] [omni.usd] Warning: in _ReportErrors at line 3172 of /builds/omniverse/usd-ci/USD/pxr/usd/usd/stage.cpp -- In </go2_description/FR_thigh_rotor/visuals>: Unresolved reference prim path @/tmp/IsaacLab/usd_20260516_033641_4964/configuration/go2_description_physics.usd@</visuals/FR_thigh_rotor> introduced by @/tmp/IsaacLab/usd_20260516_033641_4964/configuration/go2_description_base.usd@</go2_description/FR_thigh_rotor/visuals> (recomposing stage on stage @/tmp/IsaacLab/usd_20260516_033641_4964/go2_description.usd@ <0x55af72c64290>)

2026-05-15T19:36:42Z [17,641ms] [Warning] [omni.usd] Warning: in _ReportErrors at line 3172 of /builds/omniverse/usd-ci/USD/pxr/usd/usd/stage.cpp -- In </go2_description/FL_thigh_rotor/visuals>: Unresolved reference prim path @/tmp/IsaacLab/usd_20260516_033641_4964/configuration/go2_description_physics.usd@</visuals/FL_thigh_rotor> introduced by @/tmp/IsaacLab/usd_20260516_033641_4964/configuration/go2_description_base.usd@</go2_description/FL_thigh_rotor/visuals> (recomposing stage on stage @/tmp/IsaacLab/usd_20260516_033641_4964/go2_description.usd@ <0x55af72c64290>)

2026-05-15T19:36:42Z [17,641ms] [Warning] [omni.usd] Warning: in _ReportErrors at line 3172 of /builds/omniverse/usd-ci/USD/pxr/usd/usd/stage.cpp -- In </go2_description/FL_calf_rotor/visuals>: Unresolved reference prim path @/tmp/IsaacLab/usd_20260516_033641_4964/configuration/go2_description_physics.usd@</visuals/FL_calf_rotor> introduced by @/tmp/IsaacLab/usd_20260516_033641_4964/configuration/go2_description_base.usd@</go2_description/FL_calf_rotor/visuals> (recomposing stage on stage @/tmp/IsaacLab/usd_20260516_033641_4964/go2_description.usd@ <0x55af72c64290>)

2026-05-15T19:36:42Z [17,641ms] [Warning] [omni.usd] Warning: in _ReportErrors at line 3172 of /builds/omniverse/usd-ci/USD/pxr/usd/usd/stage.cpp -- In </go2_description/FR_hip_rotor/visuals>: Unresolved reference prim path @/tmp/IsaacLab/usd_20260516_033641_4964/configuration/go2_description_physics.usd@</visuals/FR_hip_rotor> introduced by @/tmp/IsaacLab/usd_20260516_033641_4964/configuration/go2_description_base.usd@</go2_description/FR_hip_rotor/visuals> (recomposing stage on stage @/tmp/IsaacLab/usd_20260516_033641_4964/go2_description.usd@ <0x55af72c64290>)

2026-05-15T19:36:42Z [17,641ms] [Warning] [omni.usd] Warning: in _ReportErrors at line 3172 of /builds/omniverse/usd-ci/USD/pxr/usd/usd/stage.cpp -- In </go2_description/FR_calf_rotor/visuals>: Unresolved reference prim path @/tmp/IsaacLab/usd_20260516_033641_4964/configuration/go2_description_physics.usd@</visuals/FR_calf_rotor> introduced by @/tmp/IsaacLab/usd_20260516_033641_4964/configuration/go2_description_base.usd@</go2_description/FR_calf_rotor/visuals> (recomposing stage on stage @/tmp/IsaacLab/usd_20260516_033641_4964/go2_description.usd@ <0x55af72c64290>)

2026-05-15T19:36:42Z [17,641ms] [Warning] [omni.usd] Warning: in _ReportErrors at line 3172 of /builds/omniverse/usd-ci/USD/pxr/usd/usd/stage.cpp -- In </go2_description/RR_calf_rotor/visuals>: Unresolved reference prim path @/tmp/IsaacLab/usd_20260516_033641_4964/configuration/go2_description_physics.usd@</visuals/RR_calf_rotor> introduced by @/tmp/IsaacLab/usd_20260516_033641_4964/configuration/go2_description_base.usd@</go2_description/RR_calf_rotor/visuals> (recomposing stage on stage @/tmp/IsaacLab/usd_20260516_033641_4964/go2_description.usd@ <0x55af72c64290>)

2026-05-15T19:36:42Z [17,641ms] [Warning] [omni.usd] Warning: in _ReportErrors at line 3172 of /builds/omniverse/usd-ci/USD/pxr/usd/usd/stage.cpp -- In </go2_description/Head_lower/visuals>: Unresolved reference prim path @/tmp/IsaacLab/usd_20260516_033641_4964/configuration/go2_description_physics.usd@</visuals/Head_lower> introduced by @/tmp/IsaacLab/usd_20260516_033641_4964/configuration/go2_description_base.usd@</go2_description/Head_lower/visuals> (recomposing stage on stage @/tmp/IsaacLab/usd_20260516_033641_4964/go2_description.usd@ <0x55af72c64290>)

2026-05-15T19:36:42Z [17,641ms] [Warning] [omni.usd] Warning: in _ReportErrors at line 3172 of /builds/omniverse/usd-ci/USD/pxr/usd/usd/stage.cpp -- In </go2_description/Head_upper/visuals>: Unresolved reference prim path @/tmp/IsaacLab/usd_20260516_033641_4964/configuration/go2_description_physics.usd@</visuals/Head_upper> introduced by @/tmp/IsaacLab/usd_20260516_033641_4964/configuration/go2_description_base.usd@</go2_description/Head_upper/visuals> (recomposing stage on stage @/tmp/IsaacLab/usd_20260516_033641_4964/go2_description.usd@ <0x55af72c64290>)

2026-05-15T19:36:42Z [17,641ms] [Warning] [omni.usd] Warning: in _ReportErrors at line 3172 of /builds/omniverse/usd-ci/USD/pxr/usd/usd/stage.cpp -- In </go2_description/RL_calf_rotor/visuals>: Unresolved reference prim path @/tmp/IsaacLab/usd_20260516_033641_4964/configuration/go2_description_physics.usd@</visuals/RL_calf_rotor> introduced by @/tmp/IsaacLab/usd_20260516_033641_4964/configuration/go2_description_base.usd@</go2_description/RL_calf_rotor/visuals> (recomposing stage on stage @/tmp/IsaacLab/usd_20260516_033641_4964/go2_description.usd@ <0x55af72c64290>)

2026-05-15T19:36:42Z [17,641ms] [Warning] [omni.usd] Warning: in _ReportErrors at line 3172 of /builds/omniverse/usd-ci/USD/pxr/usd/usd/stage.cpp -- In </go2_description/RL_thigh_rotor/visuals>: Unresolved reference prim path @/tmp/IsaacLab/usd_20260516_033641_4964/configuration/go2_description_physics.usd@</visuals/RL_thigh_rotor> introduced by @/tmp/IsaacLab/usd_20260516_033641_4964/configuration/go2_description_base.usd@</go2_description/RL_thigh_rotor/visuals> (recomposing stage on stage @/tmp/IsaacLab/usd_20260516_033641_4964/go2_description.usd@ <0x55af72c64290>)

2026-05-15T19:36:42Z [17,641ms] [Warning] [omni.usd] Warning: in _ReportErrors at line 3172 of /builds/omniverse/usd-ci/USD/pxr/usd/usd/stage.cpp -- In </go2_description/RL_hip_rotor/visuals>: Unresolved reference prim path @/tmp/IsaacLab/usd_20260516_033641_4964/configuration/go2_description_physics.usd@</visuals/RL_hip_rotor> introduced by @/tmp/IsaacLab/usd_20260516_033641_4964/configuration/go2_description_base.usd@</go2_description/RL_hip_rotor/visuals> (recomposing stage on stage @/tmp/IsaacLab/usd_20260516_033641_4964/go2_description.usd@ <0x55af72c64290>)

2026-05-15T19:36:42Z [17,643ms] [Warning] [omni.usd] Warning: in _ReportErrors at line 3172 of /builds/omniverse/usd-ci/USD/pxr/usd/usd/stage.cpp -- In </go2_description/RR_hip_rotor/visuals>: Unresolved reference prim path @/tmp/IsaacLab/usd_20260516_033641_4964/configuration/go2_description_physics.usd@</visuals/RR_hip_rotor> introduced by @/tmp/IsaacLab/usd_20260516_033641_4964/configuration/go2_description_base.usd@</go2_description/RR_hip_rotor/visuals> (recomposing stage on stage @/tmp/IsaacLab/usd_20260516_033641_4964/go2_description.usd@ <0x55af6f2d33b0>)

2026-05-15T19:36:42Z [17,643ms] [Warning] [omni.usd] Warning: in _ReportErrors at line 3172 of /builds/omniverse/usd-ci/USD/pxr/usd/usd/stage.cpp -- In </go2_description/FL_thigh_rotor/visuals>: Unresolved reference prim path @/tmp/IsaacLab/usd_20260516_033641_4964/configuration/go2_description_physics.usd@</visuals/FL_thigh_rotor> introduced by @/tmp/IsaacLab/usd_20260516_033641_4964/configuration/go2_description_base.usd@</go2_description/FL_thigh_rotor/visuals> (recomposing stage on stage @/tmp/IsaacLab/usd_20260516_033641_4964/go2_description.usd@ <0x55af6f2d33b0>)

2026-05-15T19:36:42Z [17,643ms] [Warning] [omni.usd] Warning: in _ReportErrors at line 3172 of /builds/omniverse/usd-ci/USD/pxr/usd/usd/stage.cpp -- In </go2_description/RR_thigh_rotor/visuals>: Unresolved reference prim path @/tmp/IsaacLab/usd_20260516_033641_4964/configuration/go2_description_physics.usd@</visuals/RR_thigh_rotor> introduced by @/tmp/IsaacLab/usd_20260516_033641_4964/configuration/go2_description_base.usd@</go2_description/RR_thigh_rotor/visuals> (recomposing stage on stage @/tmp/IsaacLab/usd_20260516_033641_4964/go2_description.usd@ <0x55af6f2d33b0>)

2026-05-15T19:36:42Z [17,643ms] [Warning] [omni.usd] Warning: in _ReportErrors at line 3172 of /builds/omniverse/usd-ci/USD/pxr/usd/usd/stage.cpp -- In </go2_description/FR_thigh_rotor/visuals>: Unresolved reference prim path @/tmp/IsaacLab/usd_20260516_033641_4964/configuration/go2_description_physics.usd@</visuals/FR_thigh_rotor> introduced by @/tmp/IsaacLab/usd_20260516_033641_4964/configuration/go2_description_base.usd@</go2_description/FR_thigh_rotor/visuals> (recomposing stage on stage @/tmp/IsaacLab/usd_20260516_033641_4964/go2_description.usd@ <0x55af6f2d33b0>)

2026-05-15T19:36:42Z [17,643ms] [Warning] [omni.usd] Warning: in _ReportErrors at line 3172 of /builds/omniverse/usd-ci/USD/pxr/usd/usd/stage.cpp -- In </go2_description/FR_calf_rotor/visuals>: Unresolved reference prim path @/tmp/IsaacLab/usd_20260516_033641_4964/configuration/go2_description_physics.usd@</visuals/FR_calf_rotor> introduced by @/tmp/IsaacLab/usd_20260516_033641_4964/configuration/go2_description_base.usd@</go2_description/FR_calf_rotor/visuals> (recomposing stage on stage @/tmp/IsaacLab/usd_20260516_033641_4964/go2_description.usd@ <0x55af6f2d33b0>)

2026-05-15T19:36:42Z [17,643ms] [Warning] [omni.usd] Warning: in _ReportErrors at line 3172 of /builds/omniverse/usd-ci/USD/pxr/usd/usd/stage.cpp -- In </go2_description/FL_hip_rotor/visuals>: Unresolved reference prim path @/tmp/IsaacLab/usd_20260516_033641_4964/configuration/go2_description_physics.usd@</visuals/FL_hip_rotor> introduced by @/tmp/IsaacLab/usd_20260516_033641_4964/configuration/go2_description_base.usd@</go2_description/FL_hip_rotor/visuals> (recomposing stage on stage @/tmp/IsaacLab/usd_20260516_033641_4964/go2_description.usd@ <0x55af6f2d33b0>)

2026-05-15T19:36:42Z [17,643ms] [Warning] [omni.usd] Warning: in _ReportErrors at line 3172 of /builds/omniverse/usd-ci/USD/pxr/usd/usd/stage.cpp -- In </go2_description/FL_calf_rotor/visuals>: Unresolved reference prim path @/tmp/IsaacLab/usd_20260516_033641_4964/configuration/go2_description_physics.usd@</visuals/FL_calf_rotor> introduced by @/tmp/IsaacLab/usd_20260516_033641_4964/configuration/go2_description_base.usd@</go2_description/FL_calf_rotor/visuals> (recomposing stage on stage @/tmp/IsaacLab/usd_20260516_033641_4964/go2_description.usd@ <0x55af6f2d33b0>)

2026-05-15T19:36:42Z [17,643ms] [Warning] [omni.usd] Warning: in _ReportErrors at line 3172 of /builds/omniverse/usd-ci/USD/pxr/usd/usd/stage.cpp -- In </go2_description/FR_hip_rotor/visuals>: Unresolved reference prim path @/tmp/IsaacLab/usd_20260516_033641_4964/configuration/go2_description_physics.usd@</visuals/FR_hip_rotor> introduced by @/tmp/IsaacLab/usd_20260516_033641_4964/configuration/go2_description_base.usd@</go2_description/FR_hip_rotor/visuals> (recomposing stage on stage @/tmp/IsaacLab/usd_20260516_033641_4964/go2_description.usd@ <0x55af6f2d33b0>)

2026-05-15T19:36:42Z [17,643ms] [Warning] [omni.usd] Warning: in _ReportErrors at line 3172 of /builds/omniverse/usd-ci/USD/pxr/usd/usd/stage.cpp -- In </go2_description/Head_upper/visuals>: Unresolved reference prim path @/tmp/IsaacLab/usd_20260516_033641_4964/configuration/go2_description_physics.usd@</visuals/Head_upper> introduced by @/tmp/IsaacLab/usd_20260516_033641_4964/configuration/go2_description_base.usd@</go2_description/Head_upper/visuals> (recomposing stage on stage @/tmp/IsaacLab/usd_20260516_033641_4964/go2_description.usd@ <0x55af6f2d33b0>)

2026-05-15T19:36:42Z [17,643ms] [Warning] [omni.usd] Warning: in _ReportErrors at line 3172 of /builds/omniverse/usd-ci/USD/pxr/usd/usd/stage.cpp -- In </go2_description/Head_lower/visuals>: Unresolved reference prim path @/tmp/IsaacLab/usd_20260516_033641_4964/configuration/go2_description_physics.usd@</visuals/Head_lower> introduced by @/tmp/IsaacLab/usd_20260516_033641_4964/configuration/go2_description_base.usd@</go2_description/Head_lower/visuals> (recomposing stage on stage @/tmp/IsaacLab/usd_20260516_033641_4964/go2_description.usd@ <0x55af6f2d33b0>)

2026-05-15T19:36:42Z [17,643ms] [Warning] [omni.usd] Warning: in _ReportErrors at line 3172 of /builds/omniverse/usd-ci/USD/pxr/usd/usd/stage.cpp -- In </go2_description/RR_calf_rotor/visuals>: Unresolved reference prim path @/tmp/IsaacLab/usd_20260516_033641_4964/configuration/go2_description_physics.usd@</visuals/RR_calf_rotor> introduced by @/tmp/IsaacLab/usd_20260516_033641_4964/configuration/go2_description_base.usd@</go2_description/RR_calf_rotor/visuals> (recomposing stage on stage @/tmp/IsaacLab/usd_20260516_033641_4964/go2_description.usd@ <0x55af6f2d33b0>)

2026-05-15T19:36:42Z [17,643ms] [Warning] [omni.usd] Warning: in _ReportErrors at line 3172 of /builds/omniverse/usd-ci/USD/pxr/usd/usd/stage.cpp -- In </go2_description/RL_calf_rotor/visuals>: Unresolved reference prim path @/tmp/IsaacLab/usd_20260516_033641_4964/configuration/go2_description_physics.usd@</visuals/RL_calf_rotor> introduced by @/tmp/IsaacLab/usd_20260516_033641_4964/configuration/go2_description_base.usd@</go2_description/RL_calf_rotor/visuals> (recomposing stage on stage @/tmp/IsaacLab/usd_20260516_033641_4964/go2_description.usd@ <0x55af6f2d33b0>)

2026-05-15T19:36:42Z [17,643ms] [Warning] [omni.usd] Warning: in _ReportErrors at line 3172 of /builds/omniverse/usd-ci/USD/pxr/usd/usd/stage.cpp -- In </go2_description/RL_thigh_rotor/visuals>: Unresolved reference prim path @/tmp/IsaacLab/usd_20260516_033641_4964/configuration/go2_description_physics.usd@</visuals/RL_thigh_rotor> introduced by @/tmp/IsaacLab/usd_20260516_033641_4964/configuration/go2_description_base.usd@</go2_description/RL_thigh_rotor/visuals> (recomposing stage on stage @/tmp/IsaacLab/usd_20260516_033641_4964/go2_description.usd@ <0x55af6f2d33b0>)

2026-05-15T19:36:42Z [17,644ms] [Warning] [omni.usd] Warning: in _ReportErrors at line 3172 of /builds/omniverse/usd-ci/USD/pxr/usd/usd/stage.cpp -- In </go2_description/RL_hip_rotor/visuals>: Unresolved reference prim path @/tmp/IsaacLab/usd_20260516_033641_4964/configuration/go2_description_physics.usd@</visuals/RL_hip_rotor> introduced by @/tmp/IsaacLab/usd_20260516_033641_4964/configuration/go2_description_base.usd@</go2_description/RL_hip_rotor/visuals> (recomposing stage on stage @/tmp/IsaacLab/usd_20260516_033641_4964/go2_description.usd@ <0x55af6f2d33b0>)

2026-05-15T19:36:42Z [17,647ms] [Warning] [omni.usd] Warning: in _ReportErrors at line 3172 of /builds/omniverse/usd-ci/USD/pxr/usd/usd/stage.cpp -- In </go2_description/RR_hip_rotor/visuals>: Unresolved reference prim path @/tmp/IsaacLab/usd_20260516_033641_4964/configuration/go2_description_physics.usd@</visuals/RR_hip_rotor> introduced by @/tmp/IsaacLab/usd_20260516_033641_4964/configuration/go2_description_base.usd@</go2_description/RR_hip_rotor/visuals> (recomposing stage on stage @/tmp/IsaacLab/usd_20260516_033641_4964/go2_description.usd@ <0x55af72c64290>)

2026-05-15T19:36:42Z [17,647ms] [Warning] [omni.usd] Warning: in _ReportErrors at line 3172 of /builds/omniverse/usd-ci/USD/pxr/usd/usd/stage.cpp -- In </go2_description/RR_thigh_rotor/visuals>: Unresolved reference prim path @/tmp/IsaacLab/usd_20260516_033641_4964/configuration/go2_description_physics.usd@</visuals/RR_thigh_rotor> introduced by @/tmp/IsaacLab/usd_20260516_033641_4964/configuration/go2_description_base.usd@</go2_description/RR_thigh_rotor/visuals> (recomposing stage on stage @/tmp/IsaacLab/usd_20260516_033641_4964/go2_description.usd@ <0x55af72c64290>)

2026-05-15T19:36:42Z [17,647ms] [Warning] [omni.usd] Warning: in _ReportErrors at line 3172 of /builds/omniverse/usd-ci/USD/pxr/usd/usd/stage.cpp -- In </go2_description/RR_calf_rotor/visuals>: Unresolved reference prim path @/tmp/IsaacLab/usd_20260516_033641_4964/configuration/go2_description_physics.usd@</visuals/RR_calf_rotor> introduced by @/tmp/IsaacLab/usd_20260516_033641_4964/configuration/go2_description_base.usd@</go2_description/RR_calf_rotor/visuals> (recomposing stage on stage @/tmp/IsaacLab/usd_20260516_033641_4964/go2_description.usd@ <0x55af72c64290>)

2026-05-15T19:36:42Z [17,647ms] [Warning] [omni.usd] Warning: in _ReportErrors at line 3172 of /builds/omniverse/usd-ci/USD/pxr/usd/usd/stage.cpp -- In </go2_description/FL_hip_rotor/visuals>: Unresolved reference prim path @/tmp/IsaacLab/usd_20260516_033641_4964/configuration/go2_description_physics.usd@</visuals/FL_hip_rotor> introduced by @/tmp/IsaacLab/usd_20260516_033641_4964/configuration/go2_description_base.usd@</go2_description/FL_hip_rotor/visuals> (recomposing stage on stage @/tmp/IsaacLab/usd_20260516_033641_4964/go2_description.usd@ <0x55af72c64290>)

2026-05-15T19:36:42Z [17,647ms] [Warning] [omni.usd] Warning: in _ReportErrors at line 3172 of /builds/omniverse/usd-ci/USD/pxr/usd/usd/stage.cpp -- In </go2_description/FR_thigh_rotor/visuals>: Unresolved reference prim path @/tmp/IsaacLab/usd_20260516_033641_4964/configuration/go2_description_physics.usd@</visuals/FR_thigh_rotor> introduced by @/tmp/IsaacLab/usd_20260516_033641_4964/configuration/go2_description_base.usd@</go2_description/FR_thigh_rotor/visuals> (recomposing stage on stage @/tmp/IsaacLab/usd_20260516_033641_4964/go2_description.usd@ <0x55af72c64290>)

2026-05-15T19:36:42Z [17,647ms] [Warning] [omni.usd] Warning: in _ReportErrors at line 3172 of /builds/omniverse/usd-ci/USD/pxr/usd/usd/stage.cpp -- In </go2_description/FR_calf_rotor/visuals>: Unresolved reference prim path @/tmp/IsaacLab/usd_20260516_033641_4964/configuration/go2_description_physics.usd@</visuals/FR_calf_rotor> introduced by @/tmp/IsaacLab/usd_20260516_033641_4964/configuration/go2_description_base.usd@</go2_description/FR_calf_rotor/visuals> (recomposing stage on stage @/tmp/IsaacLab/usd_20260516_033641_4964/go2_description.usd@ <0x55af72c64290>)

2026-05-15T19:36:42Z [17,647ms] [Warning] [omni.usd] Warning: in _ReportErrors at line 3172 of /builds/omniverse/usd-ci/USD/pxr/usd/usd/stage.cpp -- In </go2_description/FL_calf_rotor/visuals>: Unresolved reference prim path @/tmp/IsaacLab/usd_20260516_033641_4964/configuration/go2_description_physics.usd@</visuals/FL_calf_rotor> introduced by @/tmp/IsaacLab/usd_20260516_033641_4964/configuration/go2_description_base.usd@</go2_description/FL_calf_rotor/visuals> (recomposing stage on stage @/tmp/IsaacLab/usd_20260516_033641_4964/go2_description.usd@ <0x55af72c64290>)

2026-05-15T19:36:42Z [17,647ms] [Warning] [omni.usd] Warning: in _ReportErrors at line 3172 of /builds/omniverse/usd-ci/USD/pxr/usd/usd/stage.cpp -- In </go2_description/FL_thigh_rotor/visuals>: Unresolved reference prim path @/tmp/IsaacLab/usd_20260516_033641_4964/configuration/go2_description_physics.usd@</visuals/FL_thigh_rotor> introduced by @/tmp/IsaacLab/usd_20260516_033641_4964/configuration/go2_description_base.usd@</go2_description/FL_thigh_rotor/visuals> (recomposing stage on stage @/tmp/IsaacLab/usd_20260516_033641_4964/go2_description.usd@ <0x55af72c64290>)

2026-05-15T19:36:42Z [17,647ms] [Warning] [omni.usd] Warning: in _ReportErrors at line 3172 of /builds/omniverse/usd-ci/USD/pxr/usd/usd/stage.cpp -- In </go2_description/FR_hip_rotor/visuals>: Unresolved reference prim path @/tmp/IsaacLab/usd_20260516_033641_4964/configuration/go2_description_physics.usd@</visuals/FR_hip_rotor> introduced by @/tmp/IsaacLab/usd_20260516_033641_4964/configuration/go2_description_base.usd@</go2_description/FR_hip_rotor/visuals> (recomposing stage on stage @/tmp/IsaacLab/usd_20260516_033641_4964/go2_description.usd@ <0x55af72c64290>)

2026-05-15T19:36:42Z [17,647ms] [Warning] [omni.usd] Warning: in _ReportErrors at line 3172 of /builds/omniverse/usd-ci/USD/pxr/usd/usd/stage.cpp -- In </go2_description/Head_lower/visuals>: Unresolved reference prim path @/tmp/IsaacLab/usd_20260516_033641_4964/configuration/go2_description_physics.usd@</visuals/Head_lower> introduced by @/tmp/IsaacLab/usd_20260516_033641_4964/configuration/go2_description_base.usd@</go2_description/Head_lower/visuals> (recomposing stage on stage @/tmp/IsaacLab/usd_20260516_033641_4964/go2_description.usd@ <0x55af72c64290>)

2026-05-15T19:36:42Z [17,647ms] [Warning] [omni.usd] Warning: in _ReportErrors at line 3172 of /builds/omniverse/usd-ci/USD/pxr/usd/usd/stage.cpp -- In </go2_description/Head_upper/visuals>: Unresolved reference prim path @/tmp/IsaacLab/usd_20260516_033641_4964/configuration/go2_description_physics.usd@</visuals/Head_upper> introduced by @/tmp/IsaacLab/usd_20260516_033641_4964/configuration/go2_description_base.usd@</go2_description/Head_upper/visuals> (recomposing stage on stage @/tmp/IsaacLab/usd_20260516_033641_4964/go2_description.usd@ <0x55af72c64290>)

2026-05-15T19:36:42Z [17,647ms] [Warning] [omni.usd] Warning: in _ReportErrors at line 3172 of /builds/omniverse/usd-ci/USD/pxr/usd/usd/stage.cpp -- In </go2_description/RL_calf_rotor/visuals>: Unresolved reference prim path @/tmp/IsaacLab/usd_20260516_033641_4964/configuration/go2_description_physics.usd@</visuals/RL_calf_rotor> introduced by @/tmp/IsaacLab/usd_20260516_033641_4964/configuration/go2_description_base.usd@</go2_description/RL_calf_rotor/visuals> (recomposing stage on stage @/tmp/IsaacLab/usd_20260516_033641_4964/go2_description.usd@ <0x55af72c64290>)

2026-05-15T19:36:42Z [17,647ms] [Warning] [omni.usd] Warning: in _ReportErrors at line 3172 of /builds/omniverse/usd-ci/USD/pxr/usd/usd/stage.cpp -- In </go2_description/RL_thigh_rotor/visuals>: Unresolved reference prim path @/tmp/IsaacLab/usd_20260516_033641_4964/configuration/go2_description_physics.usd@</visuals/RL_thigh_rotor> introduced by @/tmp/IsaacLab/usd_20260516_033641_4964/configuration/go2_description_base.usd@</go2_description/RL_thigh_rotor/visuals> (recomposing stage on stage @/tmp/IsaacLab/usd_20260516_033641_4964/go2_description.usd@ <0x55af72c64290>)

2026-05-15T19:36:42Z [17,647ms] [Warning] [omni.usd] Warning: in _ReportErrors at line 3172 of /builds/omniverse/usd-ci/USD/pxr/usd/usd/stage.cpp -- In </go2_description/RL_hip_rotor/visuals>: Unresolved reference prim path @/tmp/IsaacLab/usd_20260516_033641_4964/configuration/go2_description_physics.usd@</visuals/RL_hip_rotor> introduced by @/tmp/IsaacLab/usd_20260516_033641_4964/configuration/go2_description_base.usd@</go2_description/RL_hip_rotor/visuals> (recomposing stage on stage @/tmp/IsaacLab/usd_20260516_033641_4964/go2_description.usd@ <0x55af72c64290>)

2026-05-15T19:36:42Z [17,649ms] [Warning] [omni.usd] Warning: in _ReportErrors at line 3172 of /builds/omniverse/usd-ci/USD/pxr/usd/usd/stage.cpp -- In </go2_description/RR_hip_rotor/visuals>: Unresolved reference prim path @/tmp/IsaacLab/usd_20260516_033641_4964/configuration/go2_description_physics.usd@</visuals/RR_hip_rotor> introduced by @/tmp/IsaacLab/usd_20260516_033641_4964/configuration/go2_description_base.usd@</go2_description/RR_hip_rotor/visuals> (recomposing stage on stage @/tmp/IsaacLab/usd_20260516_033641_4964/go2_description.usd@ <0x55af6f2d33b0>)

2026-05-15T19:36:42Z [17,649ms] [Warning] [omni.usd] Warning: in _ReportErrors at line 3172 of /builds/omniverse/usd-ci/USD/pxr/usd/usd/stage.cpp -- In </go2_description/RR_thigh_rotor/visuals>: Unresolved reference prim path @/tmp/IsaacLab/usd_20260516_033641_4964/configuration/go2_description_physics.usd@</visuals/RR_thigh_rotor> introduced by @/tmp/IsaacLab/usd_20260516_033641_4964/configuration/go2_description_base.usd@</go2_description/RR_thigh_rotor/visuals> (recomposing stage on stage @/tmp/IsaacLab/usd_20260516_033641_4964/go2_description.usd@ <0x55af6f2d33b0>)

2026-05-15T19:36:42Z [17,649ms] [Warning] [omni.usd] Warning: in _ReportErrors at line 3172 of /builds/omniverse/usd-ci/USD/pxr/usd/usd/stage.cpp -- In </go2_description/FL_thigh_rotor/visuals>: Unresolved reference prim path @/tmp/IsaacLab/usd_20260516_033641_4964/configuration/go2_description_physics.usd@</visuals/FL_thigh_rotor> introduced by @/tmp/IsaacLab/usd_20260516_033641_4964/configuration/go2_description_base.usd@</go2_description/FL_thigh_rotor/visuals> (recomposing stage on stage @/tmp/IsaacLab/usd_20260516_033641_4964/go2_description.usd@ <0x55af6f2d33b0>)

2026-05-15T19:36:42Z [17,649ms] [Warning] [omni.usd] Warning: in _ReportErrors at line 3172 of /builds/omniverse/usd-ci/USD/pxr/usd/usd/stage.cpp -- In </go2_description/FL_hip_rotor/visuals>: Unresolved reference prim path @/tmp/IsaacLab/usd_20260516_033641_4964/configuration/go2_description_physics.usd@</visuals/FL_hip_rotor> introduced by @/tmp/IsaacLab/usd_20260516_033641_4964/configuration/go2_description_base.usd@</go2_description/FL_hip_rotor/visuals> (recomposing stage on stage @/tmp/IsaacLab/usd_20260516_033641_4964/go2_description.usd@ <0x55af6f2d33b0>)

2026-05-15T19:36:42Z [17,649ms] [Warning] [omni.usd] Warning: in _ReportErrors at line 3172 of /builds/omniverse/usd-ci/USD/pxr/usd/usd/stage.cpp -- In </go2_description/FL_calf_rotor/visuals>: Unresolved reference prim path @/tmp/IsaacLab/usd_20260516_033641_4964/configuration/go2_description_physics.usd@</visuals/FL_calf_rotor> introduced by @/tmp/IsaacLab/usd_20260516_033641_4964/configuration/go2_description_base.usd@</go2_description/FL_calf_rotor/visuals> (recomposing stage on stage @/tmp/IsaacLab/usd_20260516_033641_4964/go2_description.usd@ <0x55af6f2d33b0>)

2026-05-15T19:36:42Z [17,649ms] [Warning] [omni.usd] Warning: in _ReportErrors at line 3172 of /builds/omniverse/usd-ci/USD/pxr/usd/usd/stage.cpp -- In </go2_description/RR_calf_rotor/visuals>: Unresolved reference prim path @/tmp/IsaacLab/usd_20260516_033641_4964/configuration/go2_description_physics.usd@</visuals/RR_calf_rotor> introduced by @/tmp/IsaacLab/usd_20260516_033641_4964/configuration/go2_description_base.usd@</go2_description/RR_calf_rotor/visuals> (recomposing stage on stage @/tmp/IsaacLab/usd_20260516_033641_4964/go2_description.usd@ <0x55af6f2d33b0>)

2026-05-15T19:36:42Z [17,649ms] [Warning] [omni.usd] Warning: in _ReportErrors at line 3172 of /builds/omniverse/usd-ci/USD/pxr/usd/usd/stage.cpp -- In </go2_description/FR_calf_rotor/visuals>: Unresolved reference prim path @/tmp/IsaacLab/usd_20260516_033641_4964/configuration/go2_description_physics.usd@</visuals/FR_calf_rotor> introduced by @/tmp/IsaacLab/usd_20260516_033641_4964/configuration/go2_description_base.usd@</go2_description/FR_calf_rotor/visuals> (recomposing stage on stage @/tmp/IsaacLab/usd_20260516_033641_4964/go2_description.usd@ <0x55af6f2d33b0>)

2026-05-15T19:36:42Z [17,649ms] [Warning] [omni.usd] Warning: in _ReportErrors at line 3172 of /builds/omniverse/usd-ci/USD/pxr/usd/usd/stage.cpp -- In </go2_description/FR_hip_rotor/visuals>: Unresolved reference prim path @/tmp/IsaacLab/usd_20260516_033641_4964/configuration/go2_description_physics.usd@</visuals/FR_hip_rotor> introduced by @/tmp/IsaacLab/usd_20260516_033641_4964/configuration/go2_description_base.usd@</go2_description/FR_hip_rotor/visuals> (recomposing stage on stage @/tmp/IsaacLab/usd_20260516_033641_4964/go2_description.usd@ <0x55af6f2d33b0>)

2026-05-15T19:36:42Z [17,649ms] [Warning] [omni.usd] Warning: in _ReportErrors at line 3172 of /builds/omniverse/usd-ci/USD/pxr/usd/usd/stage.cpp -- In </go2_description/FR_thigh_rotor/visuals>: Unresolved reference prim path @/tmp/IsaacLab/usd_20260516_033641_4964/configuration/go2_description_physics.usd@</visuals/FR_thigh_rotor> introduced by @/tmp/IsaacLab/usd_20260516_033641_4964/configuration/go2_description_base.usd@</go2_description/FR_thigh_rotor/visuals> (recomposing stage on stage @/tmp/IsaacLab/usd_20260516_033641_4964/go2_description.usd@ <0x55af6f2d33b0>)

2026-05-15T19:36:42Z [17,649ms] [Warning] [omni.usd] Warning: in _ReportErrors at line 3172 of /builds/omniverse/usd-ci/USD/pxr/usd/usd/stage.cpp -- In </go2_description/Head_upper/visuals>: Unresolved reference prim path @/tmp/IsaacLab/usd_20260516_033641_4964/configuration/go2_description_physics.usd@</visuals/Head_upper> introduced by @/tmp/IsaacLab/usd_20260516_033641_4964/configuration/go2_description_base.usd@</go2_description/Head_upper/visuals> (recomposing stage on stage @/tmp/IsaacLab/usd_20260516_033641_4964/go2_description.usd@ <0x55af6f2d33b0>)

2026-05-15T19:36:42Z [17,649ms] [Warning] [omni.usd] Warning: in _ReportErrors at line 3172 of /builds/omniverse/usd-ci/USD/pxr/usd/usd/stage.cpp -- In </go2_description/RL_calf_rotor/visuals>: Unresolved reference prim path @/tmp/IsaacLab/usd_20260516_033641_4964/configuration/go2_description_physics.usd@</visuals/RL_calf_rotor> introduced by @/tmp/IsaacLab/usd_20260516_033641_4964/configuration/go2_description_base.usd@</go2_description/RL_calf_rotor/visuals> (recomposing stage on stage @/tmp/IsaacLab/usd_20260516_033641_4964/go2_description.usd@ <0x55af6f2d33b0>)

2026-05-15T19:36:42Z [17,649ms] [Warning] [omni.usd] Warning: in _ReportErrors at line 3172 of /builds/omniverse/usd-ci/USD/pxr/usd/usd/stage.cpp -- In </go2_description/RL_thigh_rotor/visuals>: Unresolved reference prim path @/tmp/IsaacLab/usd_20260516_033641_4964/configuration/go2_description_physics.usd@</visuals/RL_thigh_rotor> introduced by @/tmp/IsaacLab/usd_20260516_033641_4964/configuration/go2_description_base.usd@</go2_description/RL_thigh_rotor/visuals> (recomposing stage on stage @/tmp/IsaacLab/usd_20260516_033641_4964/go2_description.usd@ <0x55af6f2d33b0>)

2026-05-15T19:36:42Z [17,649ms] [Warning] [omni.usd] Warning: in _ReportErrors at line 3172 of /builds/omniverse/usd-ci/USD/pxr/usd/usd/stage.cpp -- In </go2_description/Head_lower/visuals>: Unresolved reference prim path @/tmp/IsaacLab/usd_20260516_033641_4964/configuration/go2_description_physics.usd@</visuals/Head_lower> introduced by @/tmp/IsaacLab/usd_20260516_033641_4964/configuration/go2_description_base.usd@</go2_description/Head_lower/visuals> (recomposing stage on stage @/tmp/IsaacLab/usd_20260516_033641_4964/go2_description.usd@ <0x55af6f2d33b0>)

2026-05-15T19:36:42Z [17,649ms] [Warning] [omni.usd] Warning: in _ReportErrors at line 3172 of /builds/omniverse/usd-ci/USD/pxr/usd/usd/stage.cpp -- In </go2_description/RL_hip_rotor/visuals>: Unresolved reference prim path @/tmp/IsaacLab/usd_20260516_033641_4964/configuration/go2_description_physics.usd@</visuals/RL_hip_rotor> introduced by @/tmp/IsaacLab/usd_20260516_033641_4964/configuration/go2_description_base.usd@</go2_description/RL_hip_rotor/visuals> (recomposing stage on stage @/tmp/IsaacLab/usd_20260516_033641_4964/go2_description.usd@ <0x55af6f2d33b0>)

2026-05-15T19:36:42Z [17,651ms] [Warning] [omni.usd] Warning: in _ReportErrors at line 3172 of /builds/omniverse/usd-ci/USD/pxr/usd/usd/stage.cpp -- In </go2_description/RR_hip_rotor/visuals>: Unresolved reference prim path @/tmp/IsaacLab/usd_20260516_033641_4964/configuration/go2_description_physics.usd@</visuals/RR_hip_rotor> introduced by @/tmp/IsaacLab/usd_20260516_033641_4964/configuration/go2_description_base.usd@</go2_description/RR_hip_rotor/visuals> (recomposing stage on stage @/tmp/IsaacLab/usd_20260516_033641_4964/go2_description.usd@ <0x55af72c64290>)

2026-05-15T19:36:42Z [17,651ms] [Warning] [omni.usd] Warning: in _ReportErrors at line 3172 of /builds/omniverse/usd-ci/USD/pxr/usd/usd/stage.cpp -- In </go2_description/FL_calf_rotor/visuals>: Unresolved reference prim path @/tmp/IsaacLab/usd_20260516_033641_4964/configuration/go2_description_physics.usd@</visuals/FL_calf_rotor> introduced by @/tmp/IsaacLab/usd_20260516_033641_4964/configuration/go2_description_base.usd@</go2_description/FL_calf_rotor/visuals> (recomposing stage on stage @/tmp/IsaacLab/usd_20260516_033641_4964/go2_description.usd@ <0x55af72c64290>)

2026-05-15T19:36:42Z [17,651ms] [Warning] [omni.usd] Warning: in _ReportErrors at line 3172 of /builds/omniverse/usd-ci/USD/pxr/usd/usd/stage.cpp -- In </go2_description/FL_hip_rotor/visuals>: Unresolved reference prim path @/tmp/IsaacLab/usd_20260516_033641_4964/configuration/go2_description_physics.usd@</visuals/FL_hip_rotor> introduced by @/tmp/IsaacLab/usd_20260516_033641_4964/configuration/go2_description_base.usd@</go2_description/FL_hip_rotor/visuals> (recomposing stage on stage @/tmp/IsaacLab/usd_20260516_033641_4964/go2_description.usd@ <0x55af72c64290>)

2026-05-15T19:36:42Z [17,651ms] [Warning] [omni.usd] Warning: in _ReportErrors at line 3172 of /builds/omniverse/usd-ci/USD/pxr/usd/usd/stage.cpp -- In </go2_description/FR_hip_rotor/visuals>: Unresolved reference prim path @/tmp/IsaacLab/usd_20260516_033641_4964/configuration/go2_description_physics.usd@</visuals/FR_hip_rotor> introduced by @/tmp/IsaacLab/usd_20260516_033641_4964/configuration/go2_description_base.usd@</go2_description/FR_hip_rotor/visuals> (recomposing stage on stage @/tmp/IsaacLab/usd_20260516_033641_4964/go2_description.usd@ <0x55af72c64290>)

2026-05-15T19:36:42Z [17,651ms] [Warning] [omni.usd] Warning: in _ReportErrors at line 3172 of /builds/omniverse/usd-ci/USD/pxr/usd/usd/stage.cpp -- In </go2_description/FL_thigh_rotor/visuals>: Unresolved reference prim path @/tmp/IsaacLab/usd_20260516_033641_4964/configuration/go2_description_physics.usd@</visuals/FL_thigh_rotor> introduced by @/tmp/IsaacLab/usd_20260516_033641_4964/configuration/go2_description_base.usd@</go2_description/FL_thigh_rotor/visuals> (recomposing stage on stage @/tmp/IsaacLab/usd_20260516_033641_4964/go2_description.usd@ <0x55af72c64290>)

2026-05-15T19:36:42Z [17,651ms] [Warning] [omni.usd] Warning: in _ReportErrors at line 3172 of /builds/omniverse/usd-ci/USD/pxr/usd/usd/stage.cpp -- In </go2_description/RR_thigh_rotor/visuals>: Unresolved reference prim path @/tmp/IsaacLab/usd_20260516_033641_4964/configuration/go2_description_physics.usd@</visuals/RR_thigh_rotor> introduced by @/tmp/IsaacLab/usd_20260516_033641_4964/configuration/go2_description_base.usd@</go2_description/RR_thigh_rotor/visuals> (recomposing stage on stage @/tmp/IsaacLab/usd_20260516_033641_4964/go2_description.usd@ <0x55af72c64290>)

2026-05-15T19:36:42Z [17,651ms] [Warning] [omni.usd] Warning: in _ReportErrors at line 3172 of /builds/omniverse/usd-ci/USD/pxr/usd/usd/stage.cpp -- In </go2_description/Head_upper/visuals>: Unresolved reference prim path @/tmp/IsaacLab/usd_20260516_033641_4964/configuration/go2_description_physics.usd@</visuals/Head_upper> introduced by @/tmp/IsaacLab/usd_20260516_033641_4964/configuration/go2_description_base.usd@</go2_description/Head_upper/visuals> (recomposing stage on stage @/tmp/IsaacLab/usd_20260516_033641_4964/go2_description.usd@ <0x55af72c64290>)

2026-05-15T19:36:42Z [17,651ms] [Warning] [omni.usd] Warning: in _ReportErrors at line 3172 of /builds/omniverse/usd-ci/USD/pxr/usd/usd/stage.cpp -- In </go2_description/FR_calf_rotor/visuals>: Unresolved reference prim path @/tmp/IsaacLab/usd_20260516_033641_4964/configuration/go2_description_physics.usd@</visuals/FR_calf_rotor> introduced by @/tmp/IsaacLab/usd_20260516_033641_4964/configuration/go2_description_base.usd@</go2_description/FR_calf_rotor/visuals> (recomposing stage on stage @/tmp/IsaacLab/usd_20260516_033641_4964/go2_description.usd@ <0x55af72c64290>)

2026-05-15T19:36:42Z [17,651ms] [Warning] [omni.usd] Warning: in _ReportErrors at line 3172 of /builds/omniverse/usd-ci/USD/pxr/usd/usd/stage.cpp -- In </go2_description/FR_thigh_rotor/visuals>: Unresolved reference prim path @/tmp/IsaacLab/usd_20260516_033641_4964/configuration/go2_description_physics.usd@</visuals/FR_thigh_rotor> introduced by @/tmp/IsaacLab/usd_20260516_033641_4964/configuration/go2_description_base.usd@</go2_description/FR_thigh_rotor/visuals> (recomposing stage on stage @/tmp/IsaacLab/usd_20260516_033641_4964/go2_description.usd@ <0x55af72c64290>)

2026-05-15T19:36:42Z [17,651ms] [Warning] [omni.usd] Warning: in _ReportErrors at line 3172 of /builds/omniverse/usd-ci/USD/pxr/usd/usd/stage.cpp -- In </go2_description/RR_calf_rotor/visuals>: Unresolved reference prim path @/tmp/IsaacLab/usd_20260516_033641_4964/configuration/go2_description_physics.usd@</visuals/RR_calf_rotor> introduced by @/tmp/IsaacLab/usd_20260516_033641_4964/configuration/go2_description_base.usd@</go2_description/RR_calf_rotor/visuals> (recomposing stage on stage @/tmp/IsaacLab/usd_20260516_033641_4964/go2_description.usd@ <0x55af72c64290>)

2026-05-15T19:36:42Z [17,651ms] [Warning] [omni.usd] Warning: in _ReportErrors at line 3172 of /builds/omniverse/usd-ci/USD/pxr/usd/usd/stage.cpp -- In </go2_description/RL_calf_rotor/visuals>: Unresolved reference prim path @/tmp/IsaacLab/usd_20260516_033641_4964/configuration/go2_description_physics.usd@</visuals/RL_calf_rotor> introduced by @/tmp/IsaacLab/usd_20260516_033641_4964/configuration/go2_description_base.usd@</go2_description/RL_calf_rotor/visuals> (recomposing stage on stage @/tmp/IsaacLab/usd_20260516_033641_4964/go2_description.usd@ <0x55af72c64290>)

2026-05-15T19:36:42Z [17,651ms] [Warning] [omni.usd] Warning: in _ReportErrors at line 3172 of /builds/omniverse/usd-ci/USD/pxr/usd/usd/stage.cpp -- In </go2_description/Head_lower/visuals>: Unresolved reference prim path @/tmp/IsaacLab/usd_20260516_033641_4964/configuration/go2_description_physics.usd@</visuals/Head_lower> introduced by @/tmp/IsaacLab/usd_20260516_033641_4964/configuration/go2_description_base.usd@</go2_description/Head_lower/visuals> (recomposing stage on stage @/tmp/IsaacLab/usd_20260516_033641_4964/go2_description.usd@ <0x55af72c64290>)

2026-05-15T19:36:42Z [17,651ms] [Warning] [omni.usd] Warning: in _ReportErrors at line 3172 of /builds/omniverse/usd-ci/USD/pxr/usd/usd/stage.cpp -- In </go2_description/RL_hip_rotor/visuals>: Unresolved reference prim path @/tmp/IsaacLab/usd_20260516_033641_4964/configuration/go2_description_physics.usd@</visuals/RL_hip_rotor> introduced by @/tmp/IsaacLab/usd_20260516_033641_4964/configuration/go2_description_base.usd@</go2_description/RL_hip_rotor/visuals> (recomposing stage on stage @/tmp/IsaacLab/usd_20260516_033641_4964/go2_description.usd@ <0x55af72c64290>)

2026-05-15T19:36:42Z [17,651ms] [Warning] [omni.usd] Warning: in _ReportErrors at line 3172 of /builds/omniverse/usd-ci/USD/pxr/usd/usd/stage.cpp -- In </go2_description/RL_thigh_rotor/visuals>: Unresolved reference prim path @/tmp/IsaacLab/usd_20260516_033641_4964/configuration/go2_description_physics.usd@</visuals/RL_thigh_rotor> introduced by @/tmp/IsaacLab/usd_20260516_033641_4964/configuration/go2_description_base.usd@</go2_description/RL_thigh_rotor/visuals> (recomposing stage on stage @/tmp/IsaacLab/usd_20260516_033641_4964/go2_description.usd@ <0x55af72c64290>)

2026-05-15T19:36:42Z [17,653ms] [Warning] [omni.usd] Warning: in _ReportErrors at line 3172 of /builds/omniverse/usd-ci/USD/pxr/usd/usd/stage.cpp -- In </go2_description/RR_hip_rotor/visuals>: Unresolved reference prim path @/tmp/IsaacLab/usd_20260516_033641_4964/configuration/go2_description_physics.usd@</visuals/RR_hip_rotor> introduced by @/tmp/IsaacLab/usd_20260516_033641_4964/configuration/go2_description_base.usd@</go2_description/RR_hip_rotor/visuals> (recomposing stage on stage @/tmp/IsaacLab/usd_20260516_033641_4964/go2_description.usd@ <0x55af6f2d33b0>)

2026-05-15T19:36:42Z [17,653ms] [Warning] [omni.usd] Warning: in _ReportErrors at line 3172 of /builds/omniverse/usd-ci/USD/pxr/usd/usd/stage.cpp -- In </go2_description/FL_thigh_rotor/visuals>: Unresolved reference prim path @/tmp/IsaacLab/usd_20260516_033641_4964/configuration/go2_description_physics.usd@</visuals/FL_thigh_rotor> introduced by @/tmp/IsaacLab/usd_20260516_033641_4964/configuration/go2_description_base.usd@</go2_description/FL_thigh_rotor/visuals> (recomposing stage on stage @/tmp/IsaacLab/usd_20260516_033641_4964/go2_description.usd@ <0x55af6f2d33b0>)

2026-05-15T19:36:42Z [17,653ms] [Warning] [omni.usd] Warning: in _ReportErrors at line 3172 of /builds/omniverse/usd-ci/USD/pxr/usd/usd/stage.cpp -- In </go2_description/FR_thigh_rotor/visuals>: Unresolved reference prim path @/tmp/IsaacLab/usd_20260516_033641_4964/configuration/go2_description_physics.usd@</visuals/FR_thigh_rotor> introduced by @/tmp/IsaacLab/usd_20260516_033641_4964/configuration/go2_description_base.usd@</go2_description/FR_thigh_rotor/visuals> (recomposing stage on stage @/tmp/IsaacLab/usd_20260516_033641_4964/go2_description.usd@ <0x55af6f2d33b0>)

2026-05-15T19:36:42Z [17,653ms] [Warning] [omni.usd] Warning: in _ReportErrors at line 3172 of /builds/omniverse/usd-ci/USD/pxr/usd/usd/stage.cpp -- In </go2_description/FR_hip_rotor/visuals>: Unresolved reference prim path @/tmp/IsaacLab/usd_20260516_033641_4964/configuration/go2_description_physics.usd@</visuals/FR_hip_rotor> introduced by @/tmp/IsaacLab/usd_20260516_033641_4964/configuration/go2_description_base.usd@</go2_description/FR_hip_rotor/visuals> (recomposing stage on stage @/tmp/IsaacLab/usd_20260516_033641_4964/go2_description.usd@ <0x55af6f2d33b0>)

2026-05-15T19:36:42Z [17,653ms] [Warning] [omni.usd] Warning: in _ReportErrors at line 3172 of /builds/omniverse/usd-ci/USD/pxr/usd/usd/stage.cpp -- In </go2_description/FL_calf_rotor/visuals>: Unresolved reference prim path @/tmp/IsaacLab/usd_20260516_033641_4964/configuration/go2_description_physics.usd@</visuals/FL_calf_rotor> introduced by @/tmp/IsaacLab/usd_20260516_033641_4964/configuration/go2_description_base.usd@</go2_description/FL_calf_rotor/visuals> (recomposing stage on stage @/tmp/IsaacLab/usd_20260516_033641_4964/go2_description.usd@ <0x55af6f2d33b0>)

2026-05-15T19:36:42Z [17,653ms] [Warning] [omni.usd] Warning: in _ReportErrors at line 3172 of /builds/omniverse/usd-ci/USD/pxr/usd/usd/stage.cpp -- In </go2_description/FL_hip_rotor/visuals>: Unresolved reference prim path @/tmp/IsaacLab/usd_20260516_033641_4964/configuration/go2_description_physics.usd@</visuals/FL_hip_rotor> introduced by @/tmp/IsaacLab/usd_20260516_033641_4964/configuration/go2_description_base.usd@</go2_description/FL_hip_rotor/visuals> (recomposing stage on stage @/tmp/IsaacLab/usd_20260516_033641_4964/go2_description.usd@ <0x55af6f2d33b0>)

2026-05-15T19:36:42Z [17,653ms] [Warning] [omni.usd] Warning: in _ReportErrors at line 3172 of /builds/omniverse/usd-ci/USD/pxr/usd/usd/stage.cpp -- In </go2_description/RR_thigh_rotor/visuals>: Unresolved reference prim path @/tmp/IsaacLab/usd_20260516_033641_4964/configuration/go2_description_physics.usd@</visuals/RR_thigh_rotor> introduced by @/tmp/IsaacLab/usd_20260516_033641_4964/configuration/go2_description_base.usd@</go2_description/RR_thigh_rotor/visuals> (recomposing stage on stage @/tmp/IsaacLab/usd_20260516_033641_4964/go2_description.usd@ <0x55af6f2d33b0>)

2026-05-15T19:36:42Z [17,653ms] [Warning] [omni.usd] Warning: in _ReportErrors at line 3172 of /builds/omniverse/usd-ci/USD/pxr/usd/usd/stage.cpp -- In </go2_description/Head_upper/visuals>: Unresolved reference prim path @/tmp/IsaacLab/usd_20260516_033641_4964/configuration/go2_description_physics.usd@</visuals/Head_upper> introduced by @/tmp/IsaacLab/usd_20260516_033641_4964/configuration/go2_description_base.usd@</go2_description/Head_upper/visuals> (recomposing stage on stage @/tmp/IsaacLab/usd_20260516_033641_4964/go2_description.usd@ <0x55af6f2d33b0>)

2026-05-15T19:36:42Z [17,653ms] [Warning] [omni.usd] Warning: in _ReportErrors at line 3172 of /builds/omniverse/usd-ci/USD/pxr/usd/usd/stage.cpp -- In </go2_description/FR_calf_rotor/visuals>: Unresolved reference prim path @/tmp/IsaacLab/usd_20260516_033641_4964/configuration/go2_description_physics.usd@</visuals/FR_calf_rotor> introduced by @/tmp/IsaacLab/usd_20260516_033641_4964/configuration/go2_description_base.usd@</go2_description/FR_calf_rotor/visuals> (recomposing stage on stage @/tmp/IsaacLab/usd_20260516_033641_4964/go2_description.usd@ <0x55af6f2d33b0>)

2026-05-15T19:36:42Z [17,653ms] [Warning] [omni.usd] Warning: in _ReportErrors at line 3172 of /builds/omniverse/usd-ci/USD/pxr/usd/usd/stage.cpp -- In </go2_description/Head_lower/visuals>: Unresolved reference prim path @/tmp/IsaacLab/usd_20260516_033641_4964/configuration/go2_description_physics.usd@</visuals/Head_lower> introduced by @/tmp/IsaacLab/usd_20260516_033641_4964/configuration/go2_description_base.usd@</go2_description/Head_lower/visuals> (recomposing stage on stage @/tmp/IsaacLab/usd_20260516_033641_4964/go2_description.usd@ <0x55af6f2d33b0>)

2026-05-15T19:36:42Z [17,653ms] [Warning] [omni.usd] Warning: in _ReportErrors at line 3172 of /builds/omniverse/usd-ci/USD/pxr/usd/usd/stage.cpp -- In </go2_description/RL_thigh_rotor/visuals>: Unresolved reference prim path @/tmp/IsaacLab/usd_20260516_033641_4964/configuration/go2_description_physics.usd@</visuals/RL_thigh_rotor> introduced by @/tmp/IsaacLab/usd_20260516_033641_4964/configuration/go2_description_base.usd@</go2_description/RL_thigh_rotor/visuals> (recomposing stage on stage @/tmp/IsaacLab/usd_20260516_033641_4964/go2_description.usd@ <0x55af6f2d33b0>)

2026-05-15T19:36:42Z [17,653ms] [Warning] [omni.usd] Warning: in _ReportErrors at line 3172 of /builds/omniverse/usd-ci/USD/pxr/usd/usd/stage.cpp -- In </go2_description/RL_calf_rotor/visuals>: Unresolved reference prim path @/tmp/IsaacLab/usd_20260516_033641_4964/configuration/go2_description_physics.usd@</visuals/RL_calf_rotor> introduced by @/tmp/IsaacLab/usd_20260516_033641_4964/configuration/go2_description_base.usd@</go2_description/RL_calf_rotor/visuals> (recomposing stage on stage @/tmp/IsaacLab/usd_20260516_033641_4964/go2_description.usd@ <0x55af6f2d33b0>)

2026-05-15T19:36:42Z [17,653ms] [Warning] [omni.usd] Warning: in _ReportErrors at line 3172 of /builds/omniverse/usd-ci/USD/pxr/usd/usd/stage.cpp -- In </go2_description/RL_hip_rotor/visuals>: Unresolved reference prim path @/tmp/IsaacLab/usd_20260516_033641_4964/configuration/go2_description_physics.usd@</visuals/RL_hip_rotor> introduced by @/tmp/IsaacLab/usd_20260516_033641_4964/configuration/go2_description_base.usd@</go2_description/RL_hip_rotor/visuals> (recomposing stage on stage @/tmp/IsaacLab/usd_20260516_033641_4964/go2_description.usd@ <0x55af6f2d33b0>)

2026-05-15T19:36:42Z [17,653ms] [Warning] [omni.usd] Warning: in _ReportErrors at line 3172 of /builds/omniverse/usd-ci/USD/pxr/usd/usd/stage.cpp -- In </go2_description/RR_calf_rotor/visuals>: Unresolved reference prim path @/tmp/IsaacLab/usd_20260516_033641_4964/configuration/go2_description_physics.usd@</visuals/RR_calf_rotor> introduced by @/tmp/IsaacLab/usd_20260516_033641_4964/configuration/go2_description_base.usd@</go2_description/RR_calf_rotor/visuals> (recomposing stage on stage @/tmp/IsaacLab/usd_20260516_033641_4964/go2_description.usd@ <0x55af6f2d33b0>)

2026-05-15T19:36:42Z [17,655ms] [Warning] [omni.usd] Warning: in _ReportErrors at line 3172 of /builds/omniverse/usd-ci/USD/pxr/usd/usd/stage.cpp -- In </go2_description/RR_hip_rotor/visuals>: Unresolved reference prim path @/tmp/IsaacLab/usd_20260516_033641_4964/configuration/go2_description_physics.usd@</visuals/RR_hip_rotor> introduced by @/tmp/IsaacLab/usd_20260516_033641_4964/configuration/go2_description_base.usd@</go2_description/RR_hip_rotor/visuals> (recomposing stage on stage @/tmp/IsaacLab/usd_20260516_033641_4964/go2_description.usd@ <0x55af72c64290>)

2026-05-15T19:36:42Z [17,655ms] [Warning] [omni.usd] Warning: in _ReportErrors at line 3172 of /builds/omniverse/usd-ci/USD/pxr/usd/usd/stage.cpp -- In </go2_description/FL_hip_rotor/visuals>: Unresolved reference prim path @/tmp/IsaacLab/usd_20260516_033641_4964/configuration/go2_description_physics.usd@</visuals/FL_hip_rotor> introduced by @/tmp/IsaacLab/usd_20260516_033641_4964/configuration/go2_description_base.usd@</go2_description/FL_hip_rotor/visuals> (recomposing stage on stage @/tmp/IsaacLab/usd_20260516_033641_4964/go2_description.usd@ <0x55af72c64290>)

2026-05-15T19:36:42Z [17,655ms] [Warning] [omni.usd] Warning: in _ReportErrors at line 3172 of /builds/omniverse/usd-ci/USD/pxr/usd/usd/stage.cpp -- In </go2_description/FL_thigh_rotor/visuals>: Unresolved reference prim path @/tmp/IsaacLab/usd_20260516_033641_4964/configuration/go2_description_physics.usd@</visuals/FL_thigh_rotor> introduced by @/tmp/IsaacLab/usd_20260516_033641_4964/configuration/go2_description_base.usd@</go2_description/FL_thigh_rotor/visuals> (recomposing stage on stage @/tmp/IsaacLab/usd_20260516_033641_4964/go2_description.usd@ <0x55af72c64290>)

2026-05-15T19:36:42Z [17,655ms] [Warning] [omni.usd] Warning: in _ReportErrors at line 3172 of /builds/omniverse/usd-ci/USD/pxr/usd/usd/stage.cpp -- In </go2_description/RR_thigh_rotor/visuals>: Unresolved reference prim path @/tmp/IsaacLab/usd_20260516_033641_4964/configuration/go2_description_physics.usd@</visuals/RR_thigh_rotor> introduced by @/tmp/IsaacLab/usd_20260516_033641_4964/configuration/go2_description_base.usd@</go2_description/RR_thigh_rotor/visuals> (recomposing stage on stage @/tmp/IsaacLab/usd_20260516_033641_4964/go2_description.usd@ <0x55af72c64290>)

2026-05-15T19:36:42Z [17,655ms] [Warning] [omni.usd] Warning: in _ReportErrors at line 3172 of /builds/omniverse/usd-ci/USD/pxr/usd/usd/stage.cpp -- In </go2_description/FL_calf_rotor/visuals>: Unresolved reference prim path @/tmp/IsaacLab/usd_20260516_033641_4964/configuration/go2_description_physics.usd@</visuals/FL_calf_rotor> introduced by @/tmp/IsaacLab/usd_20260516_033641_4964/configuration/go2_description_base.usd@</go2_description/FL_calf_rotor/visuals> (recomposing stage on stage @/tmp/IsaacLab/usd_20260516_033641_4964/go2_description.usd@ <0x55af72c64290>)

2026-05-15T19:36:42Z [17,655ms] [Warning] [omni.usd] Warning: in _ReportErrors at line 3172 of /builds/omniverse/usd-ci/USD/pxr/usd/usd/stage.cpp -- In </go2_description/RR_calf_rotor/visuals>: Unresolved reference prim path @/tmp/IsaacLab/usd_20260516_033641_4964/configuration/go2_description_physics.usd@</visuals/RR_calf_rotor> introduced by @/tmp/IsaacLab/usd_20260516_033641_4964/configuration/go2_description_base.usd@</go2_description/RR_calf_rotor/visuals> (recomposing stage on stage @/tmp/IsaacLab/usd_20260516_033641_4964/go2_description.usd@ <0x55af72c64290>)

2026-05-15T19:36:42Z [17,655ms] [Warning] [omni.usd] Warning: in _ReportErrors at line 3172 of /builds/omniverse/usd-ci/USD/pxr/usd/usd/stage.cpp -- In </go2_description/FR_calf_rotor/visuals>: Unresolved reference prim path @/tmp/IsaacLab/usd_20260516_033641_4964/configuration/go2_description_physics.usd@</visuals/FR_calf_rotor> introduced by @/tmp/IsaacLab/usd_20260516_033641_4964/configuration/go2_description_base.usd@</go2_description/FR_calf_rotor/visuals> (recomposing stage on stage @/tmp/IsaacLab/usd_20260516_033641_4964/go2_description.usd@ <0x55af72c64290>)

2026-05-15T19:36:42Z [17,655ms] [Warning] [omni.usd] Warning: in _ReportErrors at line 3172 of /builds/omniverse/usd-ci/USD/pxr/usd/usd/stage.cpp -- In </go2_description/FR_thigh_rotor/visuals>: Unresolved reference prim path @/tmp/IsaacLab/usd_20260516_033641_4964/configuration/go2_description_physics.usd@</visuals/FR_thigh_rotor> introduced by @/tmp/IsaacLab/usd_20260516_033641_4964/configuration/go2_description_base.usd@</go2_description/FR_thigh_rotor/visuals> (recomposing stage on stage @/tmp/IsaacLab/usd_20260516_033641_4964/go2_description.usd@ <0x55af72c64290>)

2026-05-15T19:36:42Z [17,655ms] [Warning] [omni.usd] Warning: in _ReportErrors at line 3172 of /builds/omniverse/usd-ci/USD/pxr/usd/usd/stage.cpp -- In </go2_description/Head_lower/visuals>: Unresolved reference prim path @/tmp/IsaacLab/usd_20260516_033641_4964/configuration/go2_description_physics.usd@</visuals/Head_lower> introduced by @/tmp/IsaacLab/usd_20260516_033641_4964/configuration/go2_description_base.usd@</go2_description/Head_lower/visuals> (recomposing stage on stage @/tmp/IsaacLab/usd_20260516_033641_4964/go2_description.usd@ <0x55af72c64290>)

2026-05-15T19:36:42Z [17,655ms] [Warning] [omni.usd] Warning: in _ReportErrors at line 3172 of /builds/omniverse/usd-ci/USD/pxr/usd/usd/stage.cpp -- In </go2_description/Head_upper/visuals>: Unresolved reference prim path @/tmp/IsaacLab/usd_20260516_033641_4964/configuration/go2_description_physics.usd@</visuals/Head_upper> introduced by @/tmp/IsaacLab/usd_20260516_033641_4964/configuration/go2_description_base.usd@</go2_description/Head_upper/visuals> (recomposing stage on stage @/tmp/IsaacLab/usd_20260516_033641_4964/go2_description.usd@ <0x55af72c64290>)

2026-05-15T19:36:42Z [17,655ms] [Warning] [omni.usd] Warning: in _ReportErrors at line 3172 of /builds/omniverse/usd-ci/USD/pxr/usd/usd/stage.cpp -- In </go2_description/FR_hip_rotor/visuals>: Unresolved reference prim path @/tmp/IsaacLab/usd_20260516_033641_4964/configuration/go2_description_physics.usd@</visuals/FR_hip_rotor> introduced by @/tmp/IsaacLab/usd_20260516_033641_4964/configuration/go2_description_base.usd@</go2_description/FR_hip_rotor/visuals> (recomposing stage on stage @/tmp/IsaacLab/usd_20260516_033641_4964/go2_description.usd@ <0x55af72c64290>)

2026-05-15T19:36:42Z [17,655ms] [Warning] [omni.usd] Warning: in _ReportErrors at line 3172 of /builds/omniverse/usd-ci/USD/pxr/usd/usd/stage.cpp -- In </go2_description/RL_calf_rotor/visuals>: Unresolved reference prim path @/tmp/IsaacLab/usd_20260516_033641_4964/configuration/go2_description_physics.usd@</visuals/RL_calf_rotor> introduced by @/tmp/IsaacLab/usd_20260516_033641_4964/configuration/go2_description_base.usd@</go2_description/RL_calf_rotor/visuals> (recomposing stage on stage @/tmp/IsaacLab/usd_20260516_033641_4964/go2_description.usd@ <0x55af72c64290>)

2026-05-15T19:36:42Z [17,655ms] [Warning] [omni.usd] Warning: in _ReportErrors at line 3172 of /builds/omniverse/usd-ci/USD/pxr/usd/usd/stage.cpp -- In </go2_description/RL_hip_rotor/visuals>: Unresolved reference prim path @/tmp/IsaacLab/usd_20260516_033641_4964/configuration/go2_description_physics.usd@</visuals/RL_hip_rotor> introduced by @/tmp/IsaacLab/usd_20260516_033641_4964/configuration/go2_description_base.usd@</go2_description/RL_hip_rotor/visuals> (recomposing stage on stage @/tmp/IsaacLab/usd_20260516_033641_4964/go2_description.usd@ <0x55af72c64290>)

2026-05-15T19:36:42Z [17,655ms] [Warning] [omni.usd] Warning: in _ReportErrors at line 3172 of /builds/omniverse/usd-ci/USD/pxr/usd/usd/stage.cpp -- In </go2_description/RL_thigh_rotor/visuals>: Unresolved reference prim path @/tmp/IsaacLab/usd_20260516_033641_4964/configuration/go2_description_physics.usd@</visuals/RL_thigh_rotor> introduced by @/tmp/IsaacLab/usd_20260516_033641_4964/configuration/go2_description_base.usd@</go2_description/RL_thigh_rotor/visuals> (recomposing stage on stage @/tmp/IsaacLab/usd_20260516_033641_4964/go2_description.usd@ <0x55af72c64290>)

2026-05-15T19:36:42Z [17,657ms] [Warning] [omni.usd] Warning: in _ReportErrors at line 3172 of /builds/omniverse/usd-ci/USD/pxr/usd/usd/stage.cpp -- In </go2_description/RR_hip_rotor/visuals>: Unresolved reference prim path @/tmp/IsaacLab/usd_20260516_033641_4964/configuration/go2_description_physics.usd@</visuals/RR_hip_rotor> introduced by @/tmp/IsaacLab/usd_20260516_033641_4964/configuration/go2_description_base.usd@</go2_description/RR_hip_rotor/visuals> (recomposing stage on stage @/tmp/IsaacLab/usd_20260516_033641_4964/go2_description.usd@ <0x55af6f2d33b0>)

2026-05-15T19:36:42Z [17,657ms] [Warning] [omni.usd] Warning: in _ReportErrors at line 3172 of /builds/omniverse/usd-ci/USD/pxr/usd/usd/stage.cpp -- In </go2_description/FL_calf_rotor/visuals>: Unresolved reference prim path @/tmp/IsaacLab/usd_20260516_033641_4964/configuration/go2_description_physics.usd@</visuals/FL_calf_rotor> introduced by @/tmp/IsaacLab/usd_20260516_033641_4964/configuration/go2_description_base.usd@</go2_description/FL_calf_rotor/visuals> (recomposing stage on stage @/tmp/IsaacLab/usd_20260516_033641_4964/go2_description.usd@ <0x55af6f2d33b0>)

2026-05-15T19:36:42Z [17,657ms] [Warning] [omni.usd] Warning: in _ReportErrors at line 3172 of /builds/omniverse/usd-ci/USD/pxr/usd/usd/stage.cpp -- In </go2_description/FR_calf_rotor/visuals>: Unresolved reference prim path @/tmp/IsaacLab/usd_20260516_033641_4964/configuration/go2_description_physics.usd@</visuals/FR_calf_rotor> introduced by @/tmp/IsaacLab/usd_20260516_033641_4964/configuration/go2_description_base.usd@</go2_description/FR_calf_rotor/visuals> (recomposing stage on stage @/tmp/IsaacLab/usd_20260516_033641_4964/go2_description.usd@ <0x55af6f2d33b0>)

2026-05-15T19:36:42Z [17,657ms] [Warning] [omni.usd] Warning: in _ReportErrors at line 3172 of /builds/omniverse/usd-ci/USD/pxr/usd/usd/stage.cpp -- In </go2_description/RR_thigh_rotor/visuals>: Unresolved reference prim path @/tmp/IsaacLab/usd_20260516_033641_4964/configuration/go2_description_physics.usd@</visuals/RR_thigh_rotor> introduced by @/tmp/IsaacLab/usd_20260516_033641_4964/configuration/go2_description_base.usd@</go2_description/RR_thigh_rotor/visuals> (recomposing stage on stage @/tmp/IsaacLab/usd_20260516_033641_4964/go2_description.usd@ <0x55af6f2d33b0>)

2026-05-15T19:36:42Z [17,657ms] [Warning] [omni.usd] Warning: in _ReportErrors at line 3172 of /builds/omniverse/usd-ci/USD/pxr/usd/usd/stage.cpp -- In </go2_description/FL_thigh_rotor/visuals>: Unresolved reference prim path @/tmp/IsaacLab/usd_20260516_033641_4964/configuration/go2_description_physics.usd@</visuals/FL_thigh_rotor> introduced by @/tmp/IsaacLab/usd_20260516_033641_4964/configuration/go2_description_base.usd@</go2_description/FL_thigh_rotor/visuals> (recomposing stage on stage @/tmp/IsaacLab/usd_20260516_033641_4964/go2_description.usd@ <0x55af6f2d33b0>)

2026-05-15T19:36:42Z [17,657ms] [Warning] [omni.usd] Warning: in _ReportErrors at line 3172 of /builds/omniverse/usd-ci/USD/pxr/usd/usd/stage.cpp -- In </go2_description/RR_calf_rotor/visuals>: Unresolved reference prim path @/tmp/IsaacLab/usd_20260516_033641_4964/configuration/go2_description_physics.usd@</visuals/RR_calf_rotor> introduced by @/tmp/IsaacLab/usd_20260516_033641_4964/configuration/go2_description_base.usd@</go2_description/RR_calf_rotor/visuals> (recomposing stage on stage @/tmp/IsaacLab/usd_20260516_033641_4964/go2_description.usd@ <0x55af6f2d33b0>)

2026-05-15T19:36:42Z [17,657ms] [Warning] [omni.usd] Warning: in _ReportErrors at line 3172 of /builds/omniverse/usd-ci/USD/pxr/usd/usd/stage.cpp -- In </go2_description/FL_hip_rotor/visuals>: Unresolved reference prim path @/tmp/IsaacLab/usd_20260516_033641_4964/configuration/go2_description_physics.usd@</visuals/FL_hip_rotor> introduced by @/tmp/IsaacLab/usd_20260516_033641_4964/configuration/go2_description_base.usd@</go2_description/FL_hip_rotor/visuals> (recomposing stage on stage @/tmp/IsaacLab/usd_20260516_033641_4964/go2_description.usd@ <0x55af6f2d33b0>)

2026-05-15T19:36:42Z [17,657ms] [Warning] [omni.usd] Warning: in _ReportErrors at line 3172 of /builds/omniverse/usd-ci/USD/pxr/usd/usd/stage.cpp -- In </go2_description/FR_thigh_rotor/visuals>: Unresolved reference prim path @/tmp/IsaacLab/usd_20260516_033641_4964/configuration/go2_description_physics.usd@</visuals/FR_thigh_rotor> introduced by @/tmp/IsaacLab/usd_20260516_033641_4964/configuration/go2_description_base.usd@</go2_description/FR_thigh_rotor/visuals> (recomposing stage on stage @/tmp/IsaacLab/usd_20260516_033641_4964/go2_description.usd@ <0x55af6f2d33b0>)

2026-05-15T19:36:42Z [17,657ms] [Warning] [omni.usd] Warning: in _ReportErrors at line 3172 of /builds/omniverse/usd-ci/USD/pxr/usd/usd/stage.cpp -- In </go2_description/Head_upper/visuals>: Unresolved reference prim path @/tmp/IsaacLab/usd_20260516_033641_4964/configuration/go2_description_physics.usd@</visuals/Head_upper> introduced by @/tmp/IsaacLab/usd_20260516_033641_4964/configuration/go2_description_base.usd@</go2_description/Head_upper/visuals> (recomposing stage on stage @/tmp/IsaacLab/usd_20260516_033641_4964/go2_description.usd@ <0x55af6f2d33b0>)

2026-05-15T19:36:42Z [17,657ms] [Warning] [omni.usd] Warning: in _ReportErrors at line 3172 of /builds/omniverse/usd-ci/USD/pxr/usd/usd/stage.cpp -- In </go2_description/Head_lower/visuals>: Unresolved reference prim path @/tmp/IsaacLab/usd_20260516_033641_4964/configuration/go2_description_physics.usd@</visuals/Head_lower> introduced by @/tmp/IsaacLab/usd_20260516_033641_4964/configuration/go2_description_base.usd@</go2_description/Head_lower/visuals> (recomposing stage on stage @/tmp/IsaacLab/usd_20260516_033641_4964/go2_description.usd@ <0x55af6f2d33b0>)

2026-05-15T19:36:42Z [17,657ms] [Warning] [omni.usd] Warning: in _ReportErrors at line 3172 of /builds/omniverse/usd-ci/USD/pxr/usd/usd/stage.cpp -- In </go2_description/RL_calf_rotor/visuals>: Unresolved reference prim path @/tmp/IsaacLab/usd_20260516_033641_4964/configuration/go2_description_physics.usd@</visuals/RL_calf_rotor> introduced by @/tmp/IsaacLab/usd_20260516_033641_4964/configuration/go2_description_base.usd@</go2_description/RL_calf_rotor/visuals> (recomposing stage on stage @/tmp/IsaacLab/usd_20260516_033641_4964/go2_description.usd@ <0x55af6f2d33b0>)

2026-05-15T19:36:42Z [17,657ms] [Warning] [omni.usd] Warning: in _ReportErrors at line 3172 of /builds/omniverse/usd-ci/USD/pxr/usd/usd/stage.cpp -- In </go2_description/RL_thigh_rotor/visuals>: Unresolved reference prim path @/tmp/IsaacLab/usd_20260516_033641_4964/configuration/go2_description_physics.usd@</visuals/RL_thigh_rotor> introduced by @/tmp/IsaacLab/usd_20260516_033641_4964/configuration/go2_description_base.usd@</go2_description/RL_thigh_rotor/visuals> (recomposing stage on stage @/tmp/IsaacLab/usd_20260516_033641_4964/go2_description.usd@ <0x55af6f2d33b0>)

2026-05-15T19:36:42Z [17,657ms] [Warning] [omni.usd] Warning: in _ReportErrors at line 3172 of /builds/omniverse/usd-ci/USD/pxr/usd/usd/stage.cpp -- In </go2_description/FR_hip_rotor/visuals>: Unresolved reference prim path @/tmp/IsaacLab/usd_20260516_033641_4964/configuration/go2_description_physics.usd@</visuals/FR_hip_rotor> introduced by @/tmp/IsaacLab/usd_20260516_033641_4964/configuration/go2_description_base.usd@</go2_description/FR_hip_rotor/visuals> (recomposing stage on stage @/tmp/IsaacLab/usd_20260516_033641_4964/go2_description.usd@ <0x55af6f2d33b0>)

2026-05-15T19:36:42Z [17,657ms] [Warning] [omni.usd] Warning: in _ReportErrors at line 3172 of /builds/omniverse/usd-ci/USD/pxr/usd/usd/stage.cpp -- In </go2_description/RL_hip_rotor/visuals>: Unresolved reference prim path @/tmp/IsaacLab/usd_20260516_033641_4964/configuration/go2_description_physics.usd@</visuals/RL_hip_rotor> introduced by @/tmp/IsaacLab/usd_20260516_033641_4964/configuration/go2_description_base.usd@</go2_description/RL_hip_rotor/visuals> (recomposing stage on stage @/tmp/IsaacLab/usd_20260516_033641_4964/go2_description.usd@ <0x55af6f2d33b0>)

2026-05-15T19:36:42Z [17,660ms] [Warning] [omni.usd] Warning: in _ReportErrors at line 3172 of /builds/omniverse/usd-ci/USD/pxr/usd/usd/stage.cpp -- In </go2_description/FL_calf_rotor/visuals>: Unresolved reference prim path @/tmp/IsaacLab/usd_20260516_033641_4964/configuration/go2_description_physics.usd@</visuals/FL_calf_rotor> introduced by @/tmp/IsaacLab/usd_20260516_033641_4964/configuration/go2_description_base.usd@</go2_description/FL_calf_rotor/visuals> (recomposing stage on stage @/tmp/IsaacLab/usd_20260516_033641_4964/go2_description.usd@ <0x55af72c64290>)

2026-05-15T19:36:42Z [17,660ms] [Warning] [omni.usd] Warning: in _ReportErrors at line 3172 of /builds/omniverse/usd-ci/USD/pxr/usd/usd/stage.cpp -- In </go2_description/RR_hip_rotor/visuals>: Unresolved reference prim path @/tmp/IsaacLab/usd_20260516_033641_4964/configuration/go2_description_physics.usd@</visuals/RR_hip_rotor> introduced by @/tmp/IsaacLab/usd_20260516_033641_4964/configuration/go2_description_base.usd@</go2_description/RR_hip_rotor/visuals> (recomposing stage on stage @/tmp/IsaacLab/usd_20260516_033641_4964/go2_description.usd@ <0x55af72c64290>)

2026-05-15T19:36:42Z [17,660ms] [Warning] [omni.usd] Warning: in _ReportErrors at line 3172 of /builds/omniverse/usd-ci/USD/pxr/usd/usd/stage.cpp -- In </go2_description/FL_hip_rotor/visuals>: Unresolved reference prim path @/tmp/IsaacLab/usd_20260516_033641_4964/configuration/go2_description_physics.usd@</visuals/FL_hip_rotor> introduced by @/tmp/IsaacLab/usd_20260516_033641_4964/configuration/go2_description_base.usd@</go2_description/FL_hip_rotor/visuals> (recomposing stage on stage @/tmp/IsaacLab/usd_20260516_033641_4964/go2_description.usd@ <0x55af72c64290>)

2026-05-15T19:36:42Z [17,660ms] [Warning] [omni.usd] Warning: in _ReportErrors at line 3172 of /builds/omniverse/usd-ci/USD/pxr/usd/usd/stage.cpp -- In </go2_description/FR_calf_rotor/visuals>: Unresolved reference prim path @/tmp/IsaacLab/usd_20260516_033641_4964/configuration/go2_description_physics.usd@</visuals/FR_calf_rotor> introduced by @/tmp/IsaacLab/usd_20260516_033641_4964/configuration/go2_description_base.usd@</go2_description/FR_calf_rotor/visuals> (recomposing stage on stage @/tmp/IsaacLab/usd_20260516_033641_4964/go2_description.usd@ <0x55af72c64290>)

2026-05-15T19:36:42Z [17,660ms] [Warning] [omni.usd] Warning: in _ReportErrors at line 3172 of /builds/omniverse/usd-ci/USD/pxr/usd/usd/stage.cpp -- In </go2_description/FR_thigh_rotor/visuals>: Unresolved reference prim path @/tmp/IsaacLab/usd_20260516_033641_4964/configuration/go2_description_physics.usd@</visuals/FR_thigh_rotor> introduced by @/tmp/IsaacLab/usd_20260516_033641_4964/configuration/go2_description_base.usd@</go2_description/FR_thigh_rotor/visuals> (recomposing stage on stage @/tmp/IsaacLab/usd_20260516_033641_4964/go2_description.usd@ <0x55af72c64290>)

2026-05-15T19:36:42Z [17,660ms] [Warning] [omni.usd] Warning: in _ReportErrors at line 3172 of /builds/omniverse/usd-ci/USD/pxr/usd/usd/stage.cpp -- In </go2_description/FL_thigh_rotor/visuals>: Unresolved reference prim path @/tmp/IsaacLab/usd_20260516_033641_4964/configuration/go2_description_physics.usd@</visuals/FL_thigh_rotor> introduced by @/tmp/IsaacLab/usd_20260516_033641_4964/configuration/go2_description_base.usd@</go2_description/FL_thigh_rotor/visuals> (recomposing stage on stage @/tmp/IsaacLab/usd_20260516_033641_4964/go2_description.usd@ <0x55af72c64290>)

2026-05-15T19:36:42Z [17,660ms] [Warning] [omni.usd] Warning: in _ReportErrors at line 3172 of /builds/omniverse/usd-ci/USD/pxr/usd/usd/stage.cpp -- In </go2_description/FR_hip_rotor/visuals>: Unresolved reference prim path @/tmp/IsaacLab/usd_20260516_033641_4964/configuration/go2_description_physics.usd@</visuals/FR_hip_rotor> introduced by @/tmp/IsaacLab/usd_20260516_033641_4964/configuration/go2_description_base.usd@</go2_description/FR_hip_rotor/visuals> (recomposing stage on stage @/tmp/IsaacLab/usd_20260516_033641_4964/go2_description.usd@ <0x55af72c64290>)

2026-05-15T19:36:42Z [17,660ms] [Warning] [omni.usd] Warning: in _ReportErrors at line 3172 of /builds/omniverse/usd-ci/USD/pxr/usd/usd/stage.cpp -- In </go2_description/Head_lower/visuals>: Unresolved reference prim path @/tmp/IsaacLab/usd_20260516_033641_4964/configuration/go2_description_physics.usd@</visuals/Head_lower> introduced by @/tmp/IsaacLab/usd_20260516_033641_4964/configuration/go2_description_base.usd@</go2_description/Head_lower/visuals> (recomposing stage on stage @/tmp/IsaacLab/usd_20260516_033641_4964/go2_description.usd@ <0x55af72c64290>)

2026-05-15T19:36:42Z [17,660ms] [Warning] [omni.usd] Warning: in _ReportErrors at line 3172 of /builds/omniverse/usd-ci/USD/pxr/usd/usd/stage.cpp -- In </go2_description/RR_thigh_rotor/visuals>: Unresolved reference prim path @/tmp/IsaacLab/usd_20260516_033641_4964/configuration/go2_description_physics.usd@</visuals/RR_thigh_rotor> introduced by @/tmp/IsaacLab/usd_20260516_033641_4964/configuration/go2_description_base.usd@</go2_description/RR_thigh_rotor/visuals> (recomposing stage on stage @/tmp/IsaacLab/usd_20260516_033641_4964/go2_description.usd@ <0x55af72c64290>)

2026-05-15T19:36:42Z [17,660ms] [Warning] [omni.usd] Warning: in _ReportErrors at line 3172 of /builds/omniverse/usd-ci/USD/pxr/usd/usd/stage.cpp -- In </go2_description/Head_upper/visuals>: Unresolved reference prim path @/tmp/IsaacLab/usd_20260516_033641_4964/configuration/go2_description_physics.usd@</visuals/Head_upper> introduced by @/tmp/IsaacLab/usd_20260516_033641_4964/configuration/go2_description_base.usd@</go2_description/Head_upper/visuals> (recomposing stage on stage @/tmp/IsaacLab/usd_20260516_033641_4964/go2_description.usd@ <0x55af72c64290>)

2026-05-15T19:36:42Z [17,660ms] [Warning] [omni.usd] Warning: in _ReportErrors at line 3172 of /builds/omniverse/usd-ci/USD/pxr/usd/usd/stage.cpp -- In </go2_description/RL_calf_rotor/visuals>: Unresolved reference prim path @/tmp/IsaacLab/usd_20260516_033641_4964/configuration/go2_description_physics.usd@</visuals/RL_calf_rotor> introduced by @/tmp/IsaacLab/usd_20260516_033641_4964/configuration/go2_description_base.usd@</go2_description/RL_calf_rotor/visuals> (recomposing stage on stage @/tmp/IsaacLab/usd_20260516_033641_4964/go2_description.usd@ <0x55af72c64290>)

2026-05-15T19:36:42Z [17,660ms] [Warning] [omni.usd] Warning: in _ReportErrors at line 3172 of /builds/omniverse/usd-ci/USD/pxr/usd/usd/stage.cpp -- In </go2_description/RL_hip_rotor/visuals>: Unresolved reference prim path @/tmp/IsaacLab/usd_20260516_033641_4964/configuration/go2_description_physics.usd@</visuals/RL_hip_rotor> introduced by @/tmp/IsaacLab/usd_20260516_033641_4964/configuration/go2_description_base.usd@</go2_description/RL_hip_rotor/visuals> (recomposing stage on stage @/tmp/IsaacLab/usd_20260516_033641_4964/go2_description.usd@ <0x55af72c64290>)

2026-05-15T19:36:42Z [17,660ms] [Warning] [omni.usd] Warning: in _ReportErrors at line 3172 of /builds/omniverse/usd-ci/USD/pxr/usd/usd/stage.cpp -- In </go2_description/RL_thigh_rotor/visuals>: Unresolved reference prim path @/tmp/IsaacLab/usd_20260516_033641_4964/configuration/go2_description_physics.usd@</visuals/RL_thigh_rotor> introduced by @/tmp/IsaacLab/usd_20260516_033641_4964/configuration/go2_description_base.usd@</go2_description/RL_thigh_rotor/visuals> (recomposing stage on stage @/tmp/IsaacLab/usd_20260516_033641_4964/go2_description.usd@ <0x55af72c64290>)

2026-05-15T19:36:42Z [17,660ms] [Warning] [omni.usd] Warning: in _ReportErrors at line 3172 of /builds/omniverse/usd-ci/USD/pxr/usd/usd/stage.cpp -- In </go2_description/RR_calf_rotor/visuals>: Unresolved reference prim path @/tmp/IsaacLab/usd_20260516_033641_4964/configuration/go2_description_physics.usd@</visuals/RR_calf_rotor> introduced by @/tmp/IsaacLab/usd_20260516_033641_4964/configuration/go2_description_base.usd@</go2_description/RR_calf_rotor/visuals> (recomposing stage on stage @/tmp/IsaacLab/usd_20260516_033641_4964/go2_description.usd@ <0x55af72c64290>)

2026-05-15T19:36:42Z [17,662ms] [Warning] [omni.usd] Warning: in _ReportErrors at line 3172 of /builds/omniverse/usd-ci/USD/pxr/usd/usd/stage.cpp -- In </go2_description/RR_hip_rotor/visuals>: Unresolved reference prim path @/tmp/IsaacLab/usd_20260516_033641_4964/configuration/go2_description_physics.usd@</visuals/RR_hip_rotor> introduced by @/tmp/IsaacLab/usd_20260516_033641_4964/configuration/go2_description_base.usd@</go2_description/RR_hip_rotor/visuals> (recomposing stage on stage @/tmp/IsaacLab/usd_20260516_033641_4964/go2_description.usd@ <0x55af6f2d33b0>)

2026-05-15T19:36:42Z [17,662ms] [Warning] [omni.usd] Warning: in _ReportErrors at line 3172 of /builds/omniverse/usd-ci/USD/pxr/usd/usd/stage.cpp -- In </go2_description/FL_thigh_rotor/visuals>: Unresolved reference prim path @/tmp/IsaacLab/usd_20260516_033641_4964/configuration/go2_description_physics.usd@</visuals/FL_thigh_rotor> introduced by @/tmp/IsaacLab/usd_20260516_033641_4964/configuration/go2_description_base.usd@</go2_description/FL_thigh_rotor/visuals> (recomposing stage on stage @/tmp/IsaacLab/usd_20260516_033641_4964/go2_description.usd@ <0x55af6f2d33b0>)

2026-05-15T19:36:42Z [17,662ms] [Warning] [omni.usd] Warning: in _ReportErrors at line 3172 of /builds/omniverse/usd-ci/USD/pxr/usd/usd/stage.cpp -- In </go2_description/FL_hip_rotor/visuals>: Unresolved reference prim path @/tmp/IsaacLab/usd_20260516_033641_4964/configuration/go2_description_physics.usd@</visuals/FL_hip_rotor> introduced by @/tmp/IsaacLab/usd_20260516_033641_4964/configuration/go2_description_base.usd@</go2_description/FL_hip_rotor/visuals> (recomposing stage on stage @/tmp/IsaacLab/usd_20260516_033641_4964/go2_description.usd@ <0x55af6f2d33b0>)

2026-05-15T19:36:42Z [17,662ms] [Warning] [omni.usd] Warning: in _ReportErrors at line 3172 of /builds/omniverse/usd-ci/USD/pxr/usd/usd/stage.cpp -- In </go2_description/FR_calf_rotor/visuals>: Unresolved reference prim path @/tmp/IsaacLab/usd_20260516_033641_4964/configuration/go2_description_physics.usd@</visuals/FR_calf_rotor> introduced by @/tmp/IsaacLab/usd_20260516_033641_4964/configuration/go2_description_base.usd@</go2_description/FR_calf_rotor/visuals> (recomposing stage on stage @/tmp/IsaacLab/usd_20260516_033641_4964/go2_description.usd@ <0x55af6f2d33b0>)

2026-05-15T19:36:42Z [17,662ms] [Warning] [omni.usd] Warning: in _ReportErrors at line 3172 of /builds/omniverse/usd-ci/USD/pxr/usd/usd/stage.cpp -- In </go2_description/RR_thigh_rotor/visuals>: Unresolved reference prim path @/tmp/IsaacLab/usd_20260516_033641_4964/configuration/go2_description_physics.usd@</visuals/RR_thigh_rotor> introduced by @/tmp/IsaacLab/usd_20260516_033641_4964/configuration/go2_description_base.usd@</go2_description/RR_thigh_rotor/visuals> (recomposing stage on stage @/tmp/IsaacLab/usd_20260516_033641_4964/go2_description.usd@ <0x55af6f2d33b0>)

2026-05-15T19:36:42Z [17,662ms] [Warning] [omni.usd] Warning: in _ReportErrors at line 3172 of /builds/omniverse/usd-ci/USD/pxr/usd/usd/stage.cpp -- In </go2_description/FR_thigh_rotor/visuals>: Unresolved reference prim path @/tmp/IsaacLab/usd_20260516_033641_4964/configuration/go2_description_physics.usd@</visuals/FR_thigh_rotor> introduced by @/tmp/IsaacLab/usd_20260516_033641_4964/configuration/go2_description_base.usd@</go2_description/FR_thigh_rotor/visuals> (recomposing stage on stage @/tmp/IsaacLab/usd_20260516_033641_4964/go2_description.usd@ <0x55af6f2d33b0>)

2026-05-15T19:36:42Z [17,662ms] [Warning] [omni.usd] Warning: in _ReportErrors at line 3172 of /builds/omniverse/usd-ci/USD/pxr/usd/usd/stage.cpp -- In </go2_description/FR_hip_rotor/visuals>: Unresolved reference prim path @/tmp/IsaacLab/usd_20260516_033641_4964/configuration/go2_description_physics.usd@</visuals/FR_hip_rotor> introduced by @/tmp/IsaacLab/usd_20260516_033641_4964/configuration/go2_description_base.usd@</go2_description/FR_hip_rotor/visuals> (recomposing stage on stage @/tmp/IsaacLab/usd_20260516_033641_4964/go2_description.usd@ <0x55af6f2d33b0>)

2026-05-15T19:36:42Z [17,662ms] [Warning] [omni.usd] Warning: in _ReportErrors at line 3172 of /builds/omniverse/usd-ci/USD/pxr/usd/usd/stage.cpp -- In </go2_description/FL_calf_rotor/visuals>: Unresolved reference prim path @/tmp/IsaacLab/usd_20260516_033641_4964/configuration/go2_description_physics.usd@</visuals/FL_calf_rotor> introduced by @/tmp/IsaacLab/usd_20260516_033641_4964/configuration/go2_description_base.usd@</go2_description/FL_calf_rotor/visuals> (recomposing stage on stage @/tmp/IsaacLab/usd_20260516_033641_4964/go2_description.usd@ <0x55af6f2d33b0>)

2026-05-15T19:36:42Z [17,662ms] [Warning] [omni.usd] Warning: in _ReportErrors at line 3172 of /builds/omniverse/usd-ci/USD/pxr/usd/usd/stage.cpp -- In </go2_description/Head_upper/visuals>: Unresolved reference prim path @/tmp/IsaacLab/usd_20260516_033641_4964/configuration/go2_description_physics.usd@</visuals/Head_upper> introduced by @/tmp/IsaacLab/usd_20260516_033641_4964/configuration/go2_description_base.usd@</go2_description/Head_upper/visuals> (recomposing stage on stage @/tmp/IsaacLab/usd_20260516_033641_4964/go2_description.usd@ <0x55af6f2d33b0>)

2026-05-15T19:36:42Z [17,662ms] [Warning] [omni.usd] Warning: in _ReportErrors at line 3172 of /builds/omniverse/usd-ci/USD/pxr/usd/usd/stage.cpp -- In </go2_description/RR_calf_rotor/visuals>: Unresolved reference prim path @/tmp/IsaacLab/usd_20260516_033641_4964/configuration/go2_description_physics.usd@</visuals/RR_calf_rotor> introduced by @/tmp/IsaacLab/usd_20260516_033641_4964/configuration/go2_description_base.usd@</go2_description/RR_calf_rotor/visuals> (recomposing stage on stage @/tmp/IsaacLab/usd_20260516_033641_4964/go2_description.usd@ <0x55af6f2d33b0>)

2026-05-15T19:36:42Z [17,662ms] [Warning] [omni.usd] Warning: in _ReportErrors at line 3172 of /builds/omniverse/usd-ci/USD/pxr/usd/usd/stage.cpp -- In </go2_description/Head_lower/visuals>: Unresolved reference prim path @/tmp/IsaacLab/usd_20260516_033641_4964/configuration/go2_description_physics.usd@</visuals/Head_lower> introduced by @/tmp/IsaacLab/usd_20260516_033641_4964/configuration/go2_description_base.usd@</go2_description/Head_lower/visuals> (recomposing stage on stage @/tmp/IsaacLab/usd_20260516_033641_4964/go2_description.usd@ <0x55af6f2d33b0>)

2026-05-15T19:36:42Z [17,662ms] [Warning] [omni.usd] Warning: in _ReportErrors at line 3172 of /builds/omniverse/usd-ci/USD/pxr/usd/usd/stage.cpp -- In </go2_description/RL_calf_rotor/visuals>: Unresolved reference prim path @/tmp/IsaacLab/usd_20260516_033641_4964/configuration/go2_description_physics.usd@</visuals/RL_calf_rotor> introduced by @/tmp/IsaacLab/usd_20260516_033641_4964/configuration/go2_description_base.usd@</go2_description/RL_calf_rotor/visuals> (recomposing stage on stage @/tmp/IsaacLab/usd_20260516_033641_4964/go2_description.usd@ <0x55af6f2d33b0>)

2026-05-15T19:36:42Z [17,662ms] [Warning] [omni.usd] Warning: in _ReportErrors at line 3172 of /builds/omniverse/usd-ci/USD/pxr/usd/usd/stage.cpp -- In </go2_description/RL_hip_rotor/visuals>: Unresolved reference prim path @/tmp/IsaacLab/usd_20260516_033641_4964/configuration/go2_description_physics.usd@</visuals/RL_hip_rotor> introduced by @/tmp/IsaacLab/usd_20260516_033641_4964/configuration/go2_description_base.usd@</go2_description/RL_hip_rotor/visuals> (recomposing stage on stage @/tmp/IsaacLab/usd_20260516_033641_4964/go2_description.usd@ <0x55af6f2d33b0>)

2026-05-15T19:36:42Z [17,662ms] [Warning] [omni.usd] Warning: in _ReportErrors at line 3172 of /builds/omniverse/usd-ci/USD/pxr/usd/usd/stage.cpp -- In </go2_description/RL_thigh_rotor/visuals>: Unresolved reference prim path @/tmp/IsaacLab/usd_20260516_033641_4964/configuration/go2_description_physics.usd@</visuals/RL_thigh_rotor> introduced by @/tmp/IsaacLab/usd_20260516_033641_4964/configuration/go2_description_base.usd@</go2_description/RL_thigh_rotor/visuals> (recomposing stage on stage @/tmp/IsaacLab/usd_20260516_033641_4964/go2_description.usd@ <0x55af6f2d33b0>)

2026-05-15T19:36:42Z [17,664ms] [Warning] [omni.usd] Warning: in _ReportErrors at line 3172 of /builds/omniverse/usd-ci/USD/pxr/usd/usd/stage.cpp -- In </go2_description/RR_hip_rotor/visuals>: Unresolved reference prim path @/tmp/IsaacLab/usd_20260516_033641_4964/configuration/go2_description_physics.usd@</visuals/RR_hip_rotor> introduced by @/tmp/IsaacLab/usd_20260516_033641_4964/configuration/go2_description_base.usd@</go2_description/RR_hip_rotor/visuals> (recomposing stage on stage @/tmp/IsaacLab/usd_20260516_033641_4964/go2_description.usd@ <0x55af72c64290>)

2026-05-15T19:36:42Z [17,664ms] [Warning] [omni.usd] Warning: in _ReportErrors at line 3172 of /builds/omniverse/usd-ci/USD/pxr/usd/usd/stage.cpp -- In </go2_description/FL_calf_rotor/visuals>: Unresolved reference prim path @/tmp/IsaacLab/usd_20260516_033641_4964/configuration/go2_description_physics.usd@</visuals/FL_calf_rotor> introduced by @/tmp/IsaacLab/usd_20260516_033641_4964/configuration/go2_description_base.usd@</go2_description/FL_calf_rotor/visuals> (recomposing stage on stage @/tmp/IsaacLab/usd_20260516_033641_4964/go2_description.usd@ <0x55af72c64290>)

2026-05-15T19:36:42Z [17,664ms] [Warning] [omni.usd] Warning: in _ReportErrors at line 3172 of /builds/omniverse/usd-ci/USD/pxr/usd/usd/stage.cpp -- In </go2_description/FL_hip_rotor/visuals>: Unresolved reference prim path @/tmp/IsaacLab/usd_20260516_033641_4964/configuration/go2_description_physics.usd@</visuals/FL_hip_rotor> introduced by @/tmp/IsaacLab/usd_20260516_033641_4964/configuration/go2_description_base.usd@</go2_description/FL_hip_rotor/visuals> (recomposing stage on stage @/tmp/IsaacLab/usd_20260516_033641_4964/go2_description.usd@ <0x55af72c64290>)

2026-05-15T19:36:42Z [17,664ms] [Warning] [omni.usd] Warning: in _ReportErrors at line 3172 of /builds/omniverse/usd-ci/USD/pxr/usd/usd/stage.cpp -- In </go2_description/FR_hip_rotor/visuals>: Unresolved reference prim path @/tmp/IsaacLab/usd_20260516_033641_4964/configuration/go2_description_physics.usd@</visuals/FR_hip_rotor> introduced by @/tmp/IsaacLab/usd_20260516_033641_4964/configuration/go2_description_base.usd@</go2_description/FR_hip_rotor/visuals> (recomposing stage on stage @/tmp/IsaacLab/usd_20260516_033641_4964/go2_description.usd@ <0x55af72c64290>)

2026-05-15T19:36:42Z [17,664ms] [Warning] [omni.usd] Warning: in _ReportErrors at line 3172 of /builds/omniverse/usd-ci/USD/pxr/usd/usd/stage.cpp -- In </go2_description/FL_thigh_rotor/visuals>: Unresolved reference prim path @/tmp/IsaacLab/usd_20260516_033641_4964/configuration/go2_description_physics.usd@</visuals/FL_thigh_rotor> introduced by @/tmp/IsaacLab/usd_20260516_033641_4964/configuration/go2_description_base.usd@</go2_description/FL_thigh_rotor/visuals> (recomposing stage on stage @/tmp/IsaacLab/usd_20260516_033641_4964/go2_description.usd@ <0x55af72c64290>)

2026-05-15T19:36:42Z [17,664ms] [Warning] [omni.usd] Warning: in _ReportErrors at line 3172 of /builds/omniverse/usd-ci/USD/pxr/usd/usd/stage.cpp -- In </go2_description/RR_thigh_rotor/visuals>: Unresolved reference prim path @/tmp/IsaacLab/usd_20260516_033641_4964/configuration/go2_description_physics.usd@</visuals/RR_thigh_rotor> introduced by @/tmp/IsaacLab/usd_20260516_033641_4964/configuration/go2_description_base.usd@</go2_description/RR_thigh_rotor/visuals> (recomposing stage on stage @/tmp/IsaacLab/usd_20260516_033641_4964/go2_description.usd@ <0x55af72c64290>)

2026-05-15T19:36:42Z [17,664ms] [Warning] [omni.usd] Warning: in _ReportErrors at line 3172 of /builds/omniverse/usd-ci/USD/pxr/usd/usd/stage.cpp -- In </go2_description/FR_calf_rotor/visuals>: Unresolved reference prim path @/tmp/IsaacLab/usd_20260516_033641_4964/configuration/go2_description_physics.usd@</visuals/FR_calf_rotor> introduced by @/tmp/IsaacLab/usd_20260516_033641_4964/configuration/go2_description_base.usd@</go2_description/FR_calf_rotor/visuals> (recomposing stage on stage @/tmp/IsaacLab/usd_20260516_033641_4964/go2_description.usd@ <0x55af72c64290>)

2026-05-15T19:36:42Z [17,664ms] [Warning] [omni.usd] Warning: in _ReportErrors at line 3172 of /builds/omniverse/usd-ci/USD/pxr/usd/usd/stage.cpp -- In </go2_description/FR_thigh_rotor/visuals>: Unresolved reference prim path @/tmp/IsaacLab/usd_20260516_033641_4964/configuration/go2_description_physics.usd@</visuals/FR_thigh_rotor> introduced by @/tmp/IsaacLab/usd_20260516_033641_4964/configuration/go2_description_base.usd@</go2_description/FR_thigh_rotor/visuals> (recomposing stage on stage @/tmp/IsaacLab/usd_20260516_033641_4964/go2_description.usd@ <0x55af72c64290>)

2026-05-15T19:36:42Z [17,664ms] [Warning] [omni.usd] Warning: in _ReportErrors at line 3172 of /builds/omniverse/usd-ci/USD/pxr/usd/usd/stage.cpp -- In </go2_description/RR_calf_rotor/visuals>: Unresolved reference prim path @/tmp/IsaacLab/usd_20260516_033641_4964/configuration/go2_description_physics.usd@</visuals/RR_calf_rotor> introduced by @/tmp/IsaacLab/usd_20260516_033641_4964/configuration/go2_description_base.usd@</go2_description/RR_calf_rotor/visuals> (recomposing stage on stage @/tmp/IsaacLab/usd_20260516_033641_4964/go2_description.usd@ <0x55af72c64290>)

2026-05-15T19:36:42Z [17,664ms] [Warning] [omni.usd] Warning: in _ReportErrors at line 3172 of /builds/omniverse/usd-ci/USD/pxr/usd/usd/stage.cpp -- In </go2_description/Head_lower/visuals>: Unresolved reference prim path @/tmp/IsaacLab/usd_20260516_033641_4964/configuration/go2_description_physics.usd@</visuals/Head_lower> introduced by @/tmp/IsaacLab/usd_20260516_033641_4964/configuration/go2_description_base.usd@</go2_description/Head_lower/visuals> (recomposing stage on stage @/tmp/IsaacLab/usd_20260516_033641_4964/go2_description.usd@ <0x55af72c64290>)

2026-05-15T19:36:42Z [17,664ms] [Warning] [omni.usd] Warning: in _ReportErrors at line 3172 of /builds/omniverse/usd-ci/USD/pxr/usd/usd/stage.cpp -- In </go2_description/Head_upper/visuals>: Unresolved reference prim path @/tmp/IsaacLab/usd_20260516_033641_4964/configuration/go2_description_physics.usd@</visuals/Head_upper> introduced by @/tmp/IsaacLab/usd_20260516_033641_4964/configuration/go2_description_base.usd@</go2_description/Head_upper/visuals> (recomposing stage on stage @/tmp/IsaacLab/usd_20260516_033641_4964/go2_description.usd@ <0x55af72c64290>)

2026-05-15T19:36:42Z [17,664ms] [Warning] [omni.usd] Warning: in _ReportErrors at line 3172 of /builds/omniverse/usd-ci/USD/pxr/usd/usd/stage.cpp -- In </go2_description/RL_calf_rotor/visuals>: Unresolved reference prim path @/tmp/IsaacLab/usd_20260516_033641_4964/configuration/go2_description_physics.usd@</visuals/RL_calf_rotor> introduced by @/tmp/IsaacLab/usd_20260516_033641_4964/configuration/go2_description_base.usd@</go2_description/RL_calf_rotor/visuals> (recomposing stage on stage @/tmp/IsaacLab/usd_20260516_033641_4964/go2_description.usd@ <0x55af72c64290>)

2026-05-15T19:36:42Z [17,664ms] [Warning] [omni.usd] Warning: in _ReportErrors at line 3172 of /builds/omniverse/usd-ci/USD/pxr/usd/usd/stage.cpp -- In </go2_description/RL_hip_rotor/visuals>: Unresolved reference prim path @/tmp/IsaacLab/usd_20260516_033641_4964/configuration/go2_description_physics.usd@</visuals/RL_hip_rotor> introduced by @/tmp/IsaacLab/usd_20260516_033641_4964/configuration/go2_description_base.usd@</go2_description/RL_hip_rotor/visuals> (recomposing stage on stage @/tmp/IsaacLab/usd_20260516_033641_4964/go2_description.usd@ <0x55af72c64290>)

2026-05-15T19:36:42Z [17,664ms] [Warning] [omni.usd] Warning: in _ReportErrors at line 3172 of /builds/omniverse/usd-ci/USD/pxr/usd/usd/stage.cpp -- In </go2_description/RL_thigh_rotor/visuals>: Unresolved reference prim path @/tmp/IsaacLab/usd_20260516_033641_4964/configuration/go2_description_physics.usd@</visuals/RL_thigh_rotor> introduced by @/tmp/IsaacLab/usd_20260516_033641_4964/configuration/go2_description_base.usd@</go2_description/RL_thigh_rotor/visuals> (recomposing stage on stage @/tmp/IsaacLab/usd_20260516_033641_4964/go2_description.usd@ <0x55af72c64290>)

2026-05-15T19:36:42Z [17,666ms] [Warning] [omni.usd] Warning: in _ReportErrors at line 3172 of /builds/omniverse/usd-ci/USD/pxr/usd/usd/stage.cpp -- In </go2_description/RR_hip_rotor/visuals>: Unresolved reference prim path @/tmp/IsaacLab/usd_20260516_033641_4964/configuration/go2_description_physics.usd@</visuals/RR_hip_rotor> introduced by @/tmp/IsaacLab/usd_20260516_033641_4964/configuration/go2_description_base.usd@</go2_description/RR_hip_rotor/visuals> (recomposing stage on stage @/tmp/IsaacLab/usd_20260516_033641_4964/go2_description.usd@ <0x55af6f2d33b0>)

2026-05-15T19:36:42Z [17,666ms] [Warning] [omni.usd] Warning: in _ReportErrors at line 3172 of /builds/omniverse/usd-ci/USD/pxr/usd/usd/stage.cpp -- In </go2_description/FL_calf_rotor/visuals>: Unresolved reference prim path @/tmp/IsaacLab/usd_20260516_033641_4964/configuration/go2_description_physics.usd@</visuals/FL_calf_rotor> introduced by @/tmp/IsaacLab/usd_20260516_033641_4964/configuration/go2_description_base.usd@</go2_description/FL_calf_rotor/visuals> (recomposing stage on stage @/tmp/IsaacLab/usd_20260516_033641_4964/go2_description.usd@ <0x55af6f2d33b0>)

2026-05-15T19:36:42Z [17,666ms] [Warning] [omni.usd] Warning: in _ReportErrors at line 3172 of /builds/omniverse/usd-ci/USD/pxr/usd/usd/stage.cpp -- In </go2_description/FL_thigh_rotor/visuals>: Unresolved reference prim path @/tmp/IsaacLab/usd_20260516_033641_4964/configuration/go2_description_physics.usd@</visuals/FL_thigh_rotor> introduced by @/tmp/IsaacLab/usd_20260516_033641_4964/configuration/go2_description_base.usd@</go2_description/FL_thigh_rotor/visuals> (recomposing stage on stage @/tmp/IsaacLab/usd_20260516_033641_4964/go2_description.usd@ <0x55af6f2d33b0>)

2026-05-15T19:36:42Z [17,666ms] [Warning] [omni.usd] Warning: in _ReportErrors at line 3172 of /builds/omniverse/usd-ci/USD/pxr/usd/usd/stage.cpp -- In </go2_description/FL_hip_rotor/visuals>: Unresolved reference prim path @/tmp/IsaacLab/usd_20260516_033641_4964/configuration/go2_description_physics.usd@</visuals/FL_hip_rotor> introduced by @/tmp/IsaacLab/usd_20260516_033641_4964/configuration/go2_description_base.usd@</go2_description/FL_hip_rotor/visuals> (recomposing stage on stage @/tmp/IsaacLab/usd_20260516_033641_4964/go2_description.usd@ <0x55af6f2d33b0>)

2026-05-15T19:36:42Z [17,666ms] [Warning] [omni.usd] Warning: in _ReportErrors at line 3172 of /builds/omniverse/usd-ci/USD/pxr/usd/usd/stage.cpp -- In </go2_description/RR_thigh_rotor/visuals>: Unresolved reference prim path @/tmp/IsaacLab/usd_20260516_033641_4964/configuration/go2_description_physics.usd@</visuals/RR_thigh_rotor> introduced by @/tmp/IsaacLab/usd_20260516_033641_4964/configuration/go2_description_base.usd@</go2_description/RR_thigh_rotor/visuals> (recomposing stage on stage @/tmp/IsaacLab/usd_20260516_033641_4964/go2_description.usd@ <0x55af6f2d33b0>)

2026-05-15T19:36:42Z [17,666ms] [Warning] [omni.usd] Warning: in _ReportErrors at line 3172 of /builds/omniverse/usd-ci/USD/pxr/usd/usd/stage.cpp -- In </go2_description/FR_calf_rotor/visuals>: Unresolved reference prim path @/tmp/IsaacLab/usd_20260516_033641_4964/configuration/go2_description_physics.usd@</visuals/FR_calf_rotor> introduced by @/tmp/IsaacLab/usd_20260516_033641_4964/configuration/go2_description_base.usd@</go2_description/FR_calf_rotor/visuals> (recomposing stage on stage @/tmp/IsaacLab/usd_20260516_033641_4964/go2_description.usd@ <0x55af6f2d33b0>)

2026-05-15T19:36:42Z [17,666ms] [Warning] [omni.usd] Warning: in _ReportErrors at line 3172 of /builds/omniverse/usd-ci/USD/pxr/usd/usd/stage.cpp -- In </go2_description/FR_thigh_rotor/visuals>: Unresolved reference prim path @/tmp/IsaacLab/usd_20260516_033641_4964/configuration/go2_description_physics.usd@</visuals/FR_thigh_rotor> introduced by @/tmp/IsaacLab/usd_20260516_033641_4964/configuration/go2_description_base.usd@</go2_description/FR_thigh_rotor/visuals> (recomposing stage on stage @/tmp/IsaacLab/usd_20260516_033641_4964/go2_description.usd@ <0x55af6f2d33b0>)

2026-05-15T19:36:42Z [17,666ms] [Warning] [omni.usd] Warning: in _ReportErrors at line 3172 of /builds/omniverse/usd-ci/USD/pxr/usd/usd/stage.cpp -- In </go2_description/RR_calf_rotor/visuals>: Unresolved reference prim path @/tmp/IsaacLab/usd_20260516_033641_4964/configuration/go2_description_physics.usd@</visuals/RR_calf_rotor> introduced by @/tmp/IsaacLab/usd_20260516_033641_4964/configuration/go2_description_base.usd@</go2_description/RR_calf_rotor/visuals> (recomposing stage on stage @/tmp/IsaacLab/usd_20260516_033641_4964/go2_description.usd@ <0x55af6f2d33b0>)

2026-05-15T19:36:42Z [17,666ms] [Warning] [omni.usd] Warning: in _ReportErrors at line 3172 of /builds/omniverse/usd-ci/USD/pxr/usd/usd/stage.cpp -- In </go2_description/Head_lower/visuals>: Unresolved reference prim path @/tmp/IsaacLab/usd_20260516_033641_4964/configuration/go2_description_physics.usd@</visuals/Head_lower> introduced by @/tmp/IsaacLab/usd_20260516_033641_4964/configuration/go2_description_base.usd@</go2_description/Head_lower/visuals> (recomposing stage on stage @/tmp/IsaacLab/usd_20260516_033641_4964/go2_description.usd@ <0x55af6f2d33b0>)

2026-05-15T19:36:42Z [17,666ms] [Warning] [omni.usd] Warning: in _ReportErrors at line 3172 of /builds/omniverse/usd-ci/USD/pxr/usd/usd/stage.cpp -- In </go2_description/FR_hip_rotor/visuals>: Unresolved reference prim path @/tmp/IsaacLab/usd_20260516_033641_4964/configuration/go2_description_physics.usd@</visuals/FR_hip_rotor> introduced by @/tmp/IsaacLab/usd_20260516_033641_4964/configuration/go2_description_base.usd@</go2_description/FR_hip_rotor/visuals> (recomposing stage on stage @/tmp/IsaacLab/usd_20260516_033641_4964/go2_description.usd@ <0x55af6f2d33b0>)

2026-05-15T19:36:42Z [17,666ms] [Warning] [omni.usd] Warning: in _ReportErrors at line 3172 of /builds/omniverse/usd-ci/USD/pxr/usd/usd/stage.cpp -- In </go2_description/Head_upper/visuals>: Unresolved reference prim path @/tmp/IsaacLab/usd_20260516_033641_4964/configuration/go2_description_physics.usd@</visuals/Head_upper> introduced by @/tmp/IsaacLab/usd_20260516_033641_4964/configuration/go2_description_base.usd@</go2_description/Head_upper/visuals> (recomposing stage on stage @/tmp/IsaacLab/usd_20260516_033641_4964/go2_description.usd@ <0x55af6f2d33b0>)

2026-05-15T19:36:42Z [17,666ms] [Warning] [omni.usd] Warning: in _ReportErrors at line 3172 of /builds/omniverse/usd-ci/USD/pxr/usd/usd/stage.cpp -- In </go2_description/RL_hip_rotor/visuals>: Unresolved reference prim path @/tmp/IsaacLab/usd_20260516_033641_4964/configuration/go2_description_physics.usd@</visuals/RL_hip_rotor> introduced by @/tmp/IsaacLab/usd_20260516_033641_4964/configuration/go2_description_base.usd@</go2_description/RL_hip_rotor/visuals> (recomposing stage on stage @/tmp/IsaacLab/usd_20260516_033641_4964/go2_description.usd@ <0x55af6f2d33b0>)

2026-05-15T19:36:42Z [17,666ms] [Warning] [omni.usd] Warning: in _ReportErrors at line 3172 of /builds/omniverse/usd-ci/USD/pxr/usd/usd/stage.cpp -- In </go2_description/RL_calf_rotor/visuals>: Unresolved reference prim path @/tmp/IsaacLab/usd_20260516_033641_4964/configuration/go2_description_physics.usd@</visuals/RL_calf_rotor> introduced by @/tmp/IsaacLab/usd_20260516_033641_4964/configuration/go2_description_base.usd@</go2_description/RL_calf_rotor/visuals> (recomposing stage on stage @/tmp/IsaacLab/usd_20260516_033641_4964/go2_description.usd@ <0x55af6f2d33b0>)

2026-05-15T19:36:42Z [17,666ms] [Warning] [omni.usd] Warning: in _ReportErrors at line 3172 of /builds/omniverse/usd-ci/USD/pxr/usd/usd/stage.cpp -- In </go2_description/RL_thigh_rotor/visuals>: Unresolved reference prim path @/tmp/IsaacLab/usd_20260516_033641_4964/configuration/go2_description_physics.usd@</visuals/RL_thigh_rotor> introduced by @/tmp/IsaacLab/usd_20260516_033641_4964/configuration/go2_description_base.usd@</go2_description/RL_thigh_rotor/visuals> (recomposing stage on stage @/tmp/IsaacLab/usd_20260516_033641_4964/go2_description.usd@ <0x55af6f2d33b0>)

2026-05-15T19:36:42Z [17,782ms] [Warning] [omni.usd] Warning: in _ReportErrors at line 3172 of /builds/omniverse/usd-ci/USD/pxr/usd/usd/stage.cpp -- In </World/envs/env_0/Robot/FR_thigh_rotor/visuals>: Unresolved reference prim path @/tmp/IsaacLab/usd_20260516_033641_4964/configuration/go2_description_physics.usd@</visuals/FR_thigh_rotor> introduced by @/tmp/IsaacLab/usd_20260516_033641_4964/configuration/go2_description_base.usd@</go2_description/FR_thigh_rotor/visuals> (recomposing stage on stage @anon:0x55af7a262a40:World0.usd@ <0x55af7035fce0>)

2026-05-15T19:36:42Z [17,782ms] [Warning] [omni.usd] Warning: in _ReportErrors at line 3172 of /builds/omniverse/usd-ci/USD/pxr/usd/usd/stage.cpp -- In </World/envs/env_0/Robot/FL_calf_rotor/visuals>: Unresolved reference prim path @/tmp/IsaacLab/usd_20260516_033641_4964/configuration/go2_description_physics.usd@</visuals/FL_calf_rotor> introduced by @/tmp/IsaacLab/usd_20260516_033641_4964/configuration/go2_description_base.usd@</go2_description/FL_calf_rotor/visuals> (recomposing stage on stage @anon:0x55af7a262a40:World0.usd@ <0x55af7035fce0>)

2026-05-15T19:36:42Z [17,782ms] [Warning] [omni.usd] Warning: in _ReportErrors at line 3172 of /builds/omniverse/usd-ci/USD/pxr/usd/usd/stage.cpp -- In </World/envs/env_0/Robot/RR_hip_rotor/visuals>: Unresolved reference prim path @/tmp/IsaacLab/usd_20260516_033641_4964/configuration/go2_description_physics.usd@</visuals/RR_hip_rotor> introduced by @/tmp/IsaacLab/usd_20260516_033641_4964/configuration/go2_description_base.usd@</go2_description/RR_hip_rotor/visuals> (recomposing stage on stage @anon:0x55af7a262a40:World0.usd@ <0x55af7035fce0>)

2026-05-15T19:36:42Z [17,782ms] [Warning] [omni.usd] Warning: in _ReportErrors at line 3172 of /builds/omniverse/usd-ci/USD/pxr/usd/usd/stage.cpp -- In </World/envs/env_0/Robot/FL_hip_rotor/visuals>: Unresolved reference prim path @/tmp/IsaacLab/usd_20260516_033641_4964/configuration/go2_description_physics.usd@</visuals/FL_hip_rotor> introduced by @/tmp/IsaacLab/usd_20260516_033641_4964/configuration/go2_description_base.usd@</go2_description/FL_hip_rotor/visuals> (recomposing stage on stage @anon:0x55af7a262a40:World0.usd@ <0x55af7035fce0>)

2026-05-15T19:36:42Z [17,782ms] [Warning] [omni.usd] Warning: in _ReportErrors at line 3172 of /builds/omniverse/usd-ci/USD/pxr/usd/usd/stage.cpp -- In </World/envs/env_0/Robot/FR_calf_rotor/visuals>: Unresolved reference prim path @/tmp/IsaacLab/usd_20260516_033641_4964/configuration/go2_description_physics.usd@</visuals/FR_calf_rotor> introduced by @/tmp/IsaacLab/usd_20260516_033641_4964/configuration/go2_description_base.usd@</go2_description/FR_calf_rotor/visuals> (recomposing stage on stage @anon:0x55af7a262a40:World0.usd@ <0x55af7035fce0>)

2026-05-15T19:36:42Z [17,782ms] [Warning] [omni.usd] Warning: in _ReportErrors at line 3172 of /builds/omniverse/usd-ci/USD/pxr/usd/usd/stage.cpp -- In </World/envs/env_0/Robot/FL_thigh_rotor/visuals>: Unresolved reference prim path @/tmp/IsaacLab/usd_20260516_033641_4964/configuration/go2_description_physics.usd@</visuals/FL_thigh_rotor> introduced by @/tmp/IsaacLab/usd_20260516_033641_4964/configuration/go2_description_base.usd@</go2_description/FL_thigh_rotor/visuals> (recomposing stage on stage @anon:0x55af7a262a40:World0.usd@ <0x55af7035fce0>)

2026-05-15T19:36:42Z [17,782ms] [Warning] [omni.usd] Warning: in _ReportErrors at line 3172 of /builds/omniverse/usd-ci/USD/pxr/usd/usd/stage.cpp -- In </World/envs/env_0/Robot/Head_upper/visuals>: Unresolved reference prim path @/tmp/IsaacLab/usd_20260516_033641_4964/configuration/go2_description_physics.usd@</visuals/Head_upper> introduced by @/tmp/IsaacLab/usd_20260516_033641_4964/configuration/go2_description_base.usd@</go2_description/Head_upper/visuals> (recomposing stage on stage @anon:0x55af7a262a40:World0.usd@ <0x55af7035fce0>)

2026-05-15T19:36:42Z [17,782ms] [Warning] [omni.usd] Warning: in _ReportErrors at line 3172 of /builds/omniverse/usd-ci/USD/pxr/usd/usd/stage.cpp -- In </World/envs/env_0/Robot/RR_thigh_rotor/visuals>: Unresolved reference prim path @/tmp/IsaacLab/usd_20260516_033641_4964/configuration/go2_description_physics.usd@</visuals/RR_thigh_rotor> introduced by @/tmp/IsaacLab/usd_20260516_033641_4964/configuration/go2_description_base.usd@</go2_description/RR_thigh_rotor/visuals> (recomposing stage on stage @anon:0x55af7a262a40:World0.usd@ <0x55af7035fce0>)

2026-05-15T19:36:42Z [17,782ms] [Warning] [omni.usd] Warning: in _ReportErrors at line 3172 of /builds/omniverse/usd-ci/USD/pxr/usd/usd/stage.cpp -- In </World/envs/env_0/Robot/FR_hip_rotor/visuals>: Unresolved reference prim path @/tmp/IsaacLab/usd_20260516_033641_4964/configuration/go2_description_physics.usd@</visuals/FR_hip_rotor> introduced by @/tmp/IsaacLab/usd_20260516_033641_4964/configuration/go2_description_base.usd@</go2_description/FR_hip_rotor/visuals> (recomposing stage on stage @anon:0x55af7a262a40:World0.usd@ <0x55af7035fce0>)

2026-05-15T19:36:42Z [17,782ms] [Warning] [omni.usd] Warning: in _ReportErrors at line 3172 of /builds/omniverse/usd-ci/USD/pxr/usd/usd/stage.cpp -- In </World/envs/env_0/Robot/Head_lower/visuals>: Unresolved reference prim path @/tmp/IsaacLab/usd_20260516_033641_4964/configuration/go2_description_physics.usd@</visuals/Head_lower> introduced by @/tmp/IsaacLab/usd_20260516_033641_4964/configuration/go2_description_base.usd@</go2_description/Head_lower/visuals> (recomposing stage on stage @anon:0x55af7a262a40:World0.usd@ <0x55af7035fce0>)

2026-05-15T19:36:42Z [17,782ms] [Warning] [omni.usd] Warning: in _ReportErrors at line 3172 of /builds/omniverse/usd-ci/USD/pxr/usd/usd/stage.cpp -- In </World/envs/env_0/Robot/RL_calf_rotor/visuals>: Unresolved reference prim path @/tmp/IsaacLab/usd_20260516_033641_4964/configuration/go2_description_physics.usd@</visuals/RL_calf_rotor> introduced by @/tmp/IsaacLab/usd_20260516_033641_4964/configuration/go2_description_base.usd@</go2_description/RL_calf_rotor/visuals> (recomposing stage on stage @anon:0x55af7a262a40:World0.usd@ <0x55af7035fce0>)

2026-05-15T19:36:42Z [17,782ms] [Warning] [omni.usd] Warning: in _ReportErrors at line 3172 of /builds/omniverse/usd-ci/USD/pxr/usd/usd/stage.cpp -- In </World/envs/env_0/Robot/RL_thigh_rotor/visuals>: Unresolved reference prim path @/tmp/IsaacLab/usd_20260516_033641_4964/configuration/go2_description_physics.usd@</visuals/RL_thigh_rotor> introduced by @/tmp/IsaacLab/usd_20260516_033641_4964/configuration/go2_description_base.usd@</go2_description/RL_thigh_rotor/visuals> (recomposing stage on stage @anon:0x55af7a262a40:World0.usd@ <0x55af7035fce0>)

2026-05-15T19:36:42Z [17,782ms] [Warning] [omni.usd] Warning: in _ReportErrors at line 3172 of /builds/omniverse/usd-ci/USD/pxr/usd/usd/stage.cpp -- In </World/envs/env_0/Robot/RL_hip_rotor/visuals>: Unresolved reference prim path @/tmp/IsaacLab/usd_20260516_033641_4964/configuration/go2_description_physics.usd@</visuals/RL_hip_rotor> introduced by @/tmp/IsaacLab/usd_20260516_033641_4964/configuration/go2_description_base.usd@</go2_description/RL_hip_rotor/visuals> (recomposing stage on stage @anon:0x55af7a262a40:World0.usd@ <0x55af7035fce0>)

2026-05-15T19:36:42Z [17,782ms] [Warning] [omni.usd] Warning: in _ReportErrors at line 3172 of /builds/omniverse/usd-ci/USD/pxr/usd/usd/stage.cpp -- In </World/envs/env_0/Robot/RR_calf_rotor/visuals>: Unresolved reference prim path @/tmp/IsaacLab/usd_20260516_033641_4964/configuration/go2_description_physics.usd@</visuals/RR_calf_rotor> introduced by @/tmp/IsaacLab/usd_20260516_033641_4964/configuration/go2_description_base.usd@</go2_description/RR_calf_rotor/visuals> (recomposing stage on stage @anon:0x55af7a262a40:World0.usd@ <0x55af7035fce0>)

2026-05-15T19:36:42Z [18,155ms] [Warning] [omni.usd] Warning: in _ReportErrors at line 3172 of /builds/omniverse/usd-ci/USD/pxr/usd/usd/stage.cpp -- In </World/envs/env_10/Robot/RR_hip_rotor/visuals>: Unresolved reference prim path @/tmp/IsaacLab/usd_20260516_033641_4964/configuration/go2_description_physics.usd@</visuals/RR_hip_rotor> introduced by @/tmp/IsaacLab/usd_20260516_033641_4964/configuration/go2_description_base.usd@</go2_description/RR_hip_rotor/visuals> (recomposing stage on stage @anon:0x55af7a262a40:World0.usd@ <0x55af7035fce0>)

2026-05-15T19:36:42Z [18,155ms] [Warning] [omni.usd] Warning: in _ReportErrors at line 3172 of /builds/omniverse/usd-ci/USD/pxr/usd/usd/stage.cpp -- In </World/envs/env_9/Robot/RR_hip_rotor/visuals>: Unresolved reference prim path @/tmp/IsaacLab/usd_20260516_033641_4964/configuration/go2_description_physics.usd@</visuals/RR_hip_rotor> introduced by @/tmp/IsaacLab/usd_20260516_033641_4964/configuration/go2_description_base.usd@</go2_description/RR_hip_rotor/visuals> (recomposing stage on stage @anon:0x55af7a262a40:World0.usd@ <0x55af7035fce0>)

2026-05-15T19:36:42Z [18,155ms] [Warning] [omni.usd] Warning: in _ReportErrors at line 3172 of /builds/omniverse/usd-ci/USD/pxr/usd/usd/stage.cpp -- In </World/envs/env_7/Robot/RR_hip_rotor/visuals>: Unresolved reference prim path @/tmp/IsaacLab/usd_20260516_033641_4964/configuration/go2_description_physics.usd@</visuals/RR_hip_rotor> introduced by @/tmp/IsaacLab/usd_20260516_033641_4964/configuration/go2_description_base.usd@</go2_description/RR_hip_rotor/visuals> (recomposing stage on stage @anon:0x55af7a262a40:World0.usd@ <0x55af7035fce0>)

2026-05-15T19:36:42Z [18,155ms] [Warning] [omni.usd] Warning: in _ReportErrors at line 3172 of /builds/omniverse/usd-ci/USD/pxr/usd/usd/stage.cpp -- In </World/envs/env_12/Robot/RR_hip_rotor/visuals>: Unresolved reference prim path @/tmp/IsaacLab/usd_20260516_033641_4964/configuration/go2_description_physics.usd@</visuals/RR_hip_rotor> introduced by @/tmp/IsaacLab/usd_20260516_033641_4964/configuration/go2_description_base.usd@</go2_description/RR_hip_rotor/visuals> (recomposing stage on stage @anon:0x55af7a262a40:World0.usd@ <0x55af7035fce0>)

2026-05-15T19:36:42Z [18,155ms] [Warning] [omni.usd] Warning: in _ReportErrors at line 3172 of /builds/omniverse/usd-ci/USD/pxr/usd/usd/stage.cpp -- In </World/envs/env_10/Robot/RR_thigh_rotor/visuals>: Unresolved reference prim path @/tmp/IsaacLab/usd_20260516_033641_4964/configuration/go2_description_physics.usd@</visuals/RR_thigh_rotor> introduced by @/tmp/IsaacLab/usd_20260516_033641_4964/configuration/go2_description_base.usd@</go2_description/RR_thigh_rotor/visuals> (recomposing stage on stage @anon:0x55af7a262a40:World0.usd@ <0x55af7035fce0>)

2026-05-15T19:36:42Z [18,155ms] [Warning] [omni.usd] Warning: in _ReportErrors at line 3172 of /builds/omniverse/usd-ci/USD/pxr/usd/usd/stage.cpp -- In </World/envs/env_1/Robot/RR_hip_rotor/visuals>: Unresolved reference prim path @/tmp/IsaacLab/usd_20260516_033641_4964/configuration/go2_description_physics.usd@</visuals/RR_hip_rotor> introduced by @/tmp/IsaacLab/usd_20260516_033641_4964/configuration/go2_description_base.usd@</go2_description/RR_hip_rotor/visuals> (recomposing stage on stage @anon:0x55af7a262a40:World0.usd@ <0x55af7035fce0>)

2026-05-15T19:36:42Z [18,155ms] [Warning] [omni.usd] Warning: in _ReportErrors at line 3172 of /builds/omniverse/usd-ci/USD/pxr/usd/usd/stage.cpp -- In </World/envs/env_4/Robot/RR_hip_rotor/visuals>: Unresolved reference prim path @/tmp/IsaacLab/usd_20260516_033641_4964/configuration/go2_description_physics.usd@</visuals/RR_hip_rotor> introduced by @/tmp/IsaacLab/usd_20260516_033641_4964/configuration/go2_description_base.usd@</go2_description/RR_hip_rotor/visuals> (recomposing stage on stage @anon:0x55af7a262a40:World0.usd@ <0x55af7035fce0>)

2026-05-15T19:36:42Z [18,155ms] [Warning] [omni.usd] Warning: in _ReportErrors at line 3172 of /builds/omniverse/usd-ci/USD/pxr/usd/usd/stage.cpp -- In </World/envs/env_13/Robot/RR_hip_rotor/visuals>: Unresolved reference prim path @/tmp/IsaacLab/usd_20260516_033641_4964/configuration/go2_description_physics.usd@</visuals/RR_hip_rotor> introduced by @/tmp/IsaacLab/usd_20260516_033641_4964/configuration/go2_description_base.usd@</go2_description/RR_hip_rotor/visuals> (recomposing stage on stage @anon:0x55af7a262a40:World0.usd@ <0x55af7035fce0>)

2026-05-15T19:36:42Z [18,155ms] [Warning] [omni.usd] Warning: in _ReportErrors at line 3172 of /builds/omniverse/usd-ci/USD/pxr/usd/usd/stage.cpp -- In </World/envs/env_9/Robot/RR_thigh_rotor/visuals>: Unresolved reference prim path @/tmp/IsaacLab/usd_20260516_033641_4964/configuration/go2_description_physics.usd@</visuals/RR_thigh_rotor> introduced by @/tmp/IsaacLab/usd_20260516_033641_4964/configuration/go2_description_base.usd@</go2_description/RR_thigh_rotor/visuals> (recomposing stage on stage @anon:0x55af7a262a40:World0.usd@ <0x55af7035fce0>)

2026-05-15T19:36:42Z [18,155ms] [Warning] [omni.usd] Warning: in _ReportErrors at line 3172 of /builds/omniverse/usd-ci/USD/pxr/usd/usd/stage.cpp -- In </World/envs/env_8/Robot/RR_hip_rotor/visuals>: Unresolved reference prim path @/tmp/IsaacLab/usd_20260516_033641_4964/configuration/go2_description_physics.usd@</visuals/RR_hip_rotor> introduced by @/tmp/IsaacLab/usd_20260516_033641_4964/configuration/go2_description_base.usd@</go2_description/RR_hip_rotor/visuals> (recomposing stage on stage @anon:0x55af7a262a40:World0.usd@ <0x55af7035fce0>)

2026-05-15T19:36:42Z [18,155ms] [Warning] [omni.usd] Warning: in _ReportErrors at line 3172 of /builds/omniverse/usd-ci/USD/pxr/usd/usd/stage.cpp -- In </World/envs/env_7/Robot/RR_thigh_rotor/visuals>: Unresolved reference prim path @/tmp/IsaacLab/usd_20260516_033641_4964/configuration/go2_description_physics.usd@</visuals/RR_thigh_rotor> introduced by @/tmp/IsaacLab/usd_20260516_033641_4964/configuration/go2_description_base.usd@</go2_description/RR_thigh_rotor/visuals> (recomposing stage on stage @anon:0x55af7a262a40:World0.usd@ <0x55af7035fce0>)

2026-05-15T19:36:42Z [18,155ms] [Warning] [omni.usd] Warning: in _ReportErrors at line 3172 of /builds/omniverse/usd-ci/USD/pxr/usd/usd/stage.cpp -- In </World/envs/env_10/Robot/RR_calf_rotor/visuals>: Unresolved reference prim path @/tmp/IsaacLab/usd_20260516_033641_4964/configuration/go2_description_physics.usd@</visuals/RR_calf_rotor> introduced by @/tmp/IsaacLab/usd_20260516_033641_4964/configuration/go2_description_base.usd@</go2_description/RR_calf_rotor/visuals> (recomposing stage on stage @anon:0x55af7a262a40:World0.usd@ <0x55af7035fce0>)

2026-05-15T19:36:42Z [18,155ms] [Warning] [omni.usd] Warning: in _ReportErrors at line 3172 of /builds/omniverse/usd-ci/USD/pxr/usd/usd/stage.cpp -- In </World/envs/env_1/Robot/RR_thigh_rotor/visuals>: Unresolved reference prim path @/tmp/IsaacLab/usd_20260516_033641_4964/configuration/go2_description_physics.usd@</visuals/RR_thigh_rotor> introduced by @/tmp/IsaacLab/usd_20260516_033641_4964/configuration/go2_description_base.usd@</go2_description/RR_thigh_rotor/visuals> (recomposing stage on stage @anon:0x55af7a262a40:World0.usd@ <0x55af7035fce0>)

2026-05-15T19:36:42Z [18,155ms] [Warning] [omni.usd] Warning: in _ReportErrors at line 3172 of /builds/omniverse/usd-ci/USD/pxr/usd/usd/stage.cpp -- In </World/envs/env_4/Robot/RR_thigh_rotor/visuals>: Unresolved reference prim path @/tmp/IsaacLab/usd_20260516_033641_4964/configuration/go2_description_physics.usd@</visuals/RR_thigh_rotor> introduced by @/tmp/IsaacLab/usd_20260516_033641_4964/configuration/go2_description_base.usd@</go2_description/RR_thigh_rotor/visuals> (recomposing stage on stage @anon:0x55af7a262a40:World0.usd@ <0x55af7035fce0>)

2026-05-15T19:36:42Z [18,155ms] [Warning] [omni.usd] Warning: in _ReportErrors at line 3172 of /builds/omniverse/usd-ci/USD/pxr/usd/usd/stage.cpp -- In </World/envs/env_7/Robot/RR_calf_rotor/visuals>: Unresolved reference prim path @/tmp/IsaacLab/usd_20260516_033641_4964/configuration/go2_description_physics.usd@</visuals/RR_calf_rotor> introduced by @/tmp/IsaacLab/usd_20260516_033641_4964/configuration/go2_description_base.usd@</go2_description/RR_calf_rotor/visuals> (recomposing stage on stage @anon:0x55af7a262a40:World0.usd@ <0x55af7035fce0>)

2026-05-15T19:36:42Z [18,155ms] [Warning] [omni.usd] Warning: in _ReportErrors at line 3172 of /builds/omniverse/usd-ci/USD/pxr/usd/usd/stage.cpp -- In </World/envs/env_5/Robot/RR_hip_rotor/visuals>: Unresolved reference prim path @/tmp/IsaacLab/usd_20260516_033641_4964/configuration/go2_description_physics.usd@</visuals/RR_hip_rotor> introduced by @/tmp/IsaacLab/usd_20260516_033641_4964/configuration/go2_description_base.usd@</go2_description/RR_hip_rotor/visuals> (recomposing stage on stage @anon:0x55af7a262a40:World0.usd@ <0x55af7035fce0>)

2026-05-15T19:36:42Z [18,155ms] [Warning] [omni.usd] Warning: in _ReportErrors at line 3172 of /builds/omniverse/usd-ci/USD/pxr/usd/usd/stage.cpp -- In </World/envs/env_1/Robot/RR_calf_rotor/visuals>: Unresolved reference prim path @/tmp/IsaacLab/usd_20260516_033641_4964/configuration/go2_description_physics.usd@</visuals/RR_calf_rotor> introduced by @/tmp/IsaacLab/usd_20260516_033641_4964/configuration/go2_description_base.usd@</go2_description/RR_calf_rotor/visuals> (recomposing stage on stage @anon:0x55af7a262a40:World0.usd@ <0x55af7035fce0>)

2026-05-15T19:36:42Z [18,155ms] [Warning] [omni.usd] Warning: in _ReportErrors at line 3172 of /builds/omniverse/usd-ci/USD/pxr/usd/usd/stage.cpp -- In </World/envs/env_13/Robot/RR_thigh_rotor/visuals>: Unresolved reference prim path @/tmp/IsaacLab/usd_20260516_033641_4964/configuration/go2_description_physics.usd@</visuals/RR_thigh_rotor> introduced by @/tmp/IsaacLab/usd_20260516_033641_4964/configuration/go2_description_base.usd@</go2_description/RR_thigh_rotor/visuals> (recomposing stage on stage @anon:0x55af7a262a40:World0.usd@ <0x55af7035fce0>)

2026-05-15T19:36:42Z [18,155ms] [Warning] [omni.usd] Warning: in _ReportErrors at line 3172 of /builds/omniverse/usd-ci/USD/pxr/usd/usd/stage.cpp -- In </World/envs/env_15/Robot/RR_hip_rotor/visuals>: Unresolved reference prim path @/tmp/IsaacLab/usd_20260516_033641_4964/configuration/go2_description_physics.usd@</visuals/RR_hip_rotor> introduced by @/tmp/IsaacLab/usd_20260516_033641_4964/configuration/go2_description_base.usd@</go2_description/RR_hip_rotor/visuals> (recomposing stage on stage @anon:0x55af7a262a40:World0.usd@ <0x55af7035fce0>)

2026-05-15T19:36:42Z [18,155ms] [Warning] [omni.usd] Warning: in _ReportErrors at line 3172 of /builds/omniverse/usd-ci/USD/pxr/usd/usd/stage.cpp -- In </World/envs/env_4/Robot/RR_calf_rotor/visuals>: Unresolved reference prim path @/tmp/IsaacLab/usd_20260516_033641_4964/configuration/go2_description_physics.usd@</visuals/RR_calf_rotor> introduced by @/tmp/IsaacLab/usd_20260516_033641_4964/configuration/go2_description_base.usd@</go2_description/RR_calf_rotor/visuals> (recomposing stage on stage @anon:0x55af7a262a40:World0.usd@ <0x55af7035fce0>)

2026-05-15T19:36:42Z [18,155ms] [Warning] [omni.usd] Warning: in _ReportErrors at line 3172 of /builds/omniverse/usd-ci/USD/pxr/usd/usd/stage.cpp -- In </World/envs/env_3/Robot/RR_hip_rotor/visuals>: Unresolved reference prim path @/tmp/IsaacLab/usd_20260516_033641_4964/configuration/go2_description_physics.usd@</visuals/RR_hip_rotor> introduced by @/tmp/IsaacLab/usd_20260516_033641_4964/configuration/go2_description_base.usd@</go2_description/RR_hip_rotor/visuals> (recomposing stage on stage @anon:0x55af7a262a40:World0.usd@ <0x55af7035fce0>)

2026-05-15T19:36:42Z [18,155ms] [Warning] [omni.usd] Warning: in _ReportErrors at line 3172 of /builds/omniverse/usd-ci/USD/pxr/usd/usd/stage.cpp -- In </World/envs/env_2/Robot/RR_hip_rotor/visuals>: Unresolved reference prim path @/tmp/IsaacLab/usd_20260516_033641_4964/configuration/go2_description_physics.usd@</visuals/RR_hip_rotor> introduced by @/tmp/IsaacLab/usd_20260516_033641_4964/configuration/go2_description_base.usd@</go2_description/RR_hip_rotor/visuals> (recomposing stage on stage @anon:0x55af7a262a40:World0.usd@ <0x55af7035fce0>)

2026-05-15T19:36:42Z [18,155ms] [Warning] [omni.usd] Warning: in _ReportErrors at line 3172 of /builds/omniverse/usd-ci/USD/pxr/usd/usd/stage.cpp -- In </World/envs/env_9/Robot/RR_calf_rotor/visuals>: Unresolved reference prim path @/tmp/IsaacLab/usd_20260516_033641_4964/configuration/go2_description_physics.usd@</visuals/RR_calf_rotor> introduced by @/tmp/IsaacLab/usd_20260516_033641_4964/configuration/go2_description_base.usd@</go2_description/RR_calf_rotor/visuals> (recomposing stage on stage @anon:0x55af7a262a40:World0.usd@ <0x55af7035fce0>)

2026-05-15T19:36:42Z [18,155ms] [Warning] [omni.usd] Warning: in _ReportErrors at line 3172 of /builds/omniverse/usd-ci/USD/pxr/usd/usd/stage.cpp -- In </World/envs/env_14/Robot/RR_hip_rotor/visuals>: Unresolved reference prim path @/tmp/IsaacLab/usd_20260516_033641_4964/configuration/go2_description_physics.usd@</visuals/RR_hip_rotor> introduced by @/tmp/IsaacLab/usd_20260516_033641_4964/configuration/go2_description_base.usd@</go2_description/RR_hip_rotor/visuals> (recomposing stage on stage @anon:0x55af7a262a40:World0.usd@ <0x55af7035fce0>)

2026-05-15T19:36:42Z [18,155ms] [Warning] [omni.usd] Warning: in _ReportErrors at line 3172 of /builds/omniverse/usd-ci/USD/pxr/usd/usd/stage.cpp -- In </World/envs/env_8/Robot/RR_thigh_rotor/visuals>: Unresolved reference prim path @/tmp/IsaacLab/usd_20260516_033641_4964/configuration/go2_description_physics.usd@</visuals/RR_thigh_rotor> introduced by @/tmp/IsaacLab/usd_20260516_033641_4964/configuration/go2_description_base.usd@</go2_description/RR_thigh_rotor/visuals> (recomposing stage on stage @anon:0x55af7a262a40:World0.usd@ <0x55af7035fce0>)

2026-05-15T19:36:42Z [18,155ms] [Warning] [omni.usd] Warning: in _ReportErrors at line 3172 of /builds/omniverse/usd-ci/USD/pxr/usd/usd/stage.cpp -- In </World/envs/env_11/Robot/RR_hip_rotor/visuals>: Unresolved reference prim path @/tmp/IsaacLab/usd_20260516_033641_4964/configuration/go2_description_physics.usd@</visuals/RR_hip_rotor> introduced by @/tmp/IsaacLab/usd_20260516_033641_4964/configuration/go2_description_base.usd@</go2_description/RR_hip_rotor/visuals> (recomposing stage on stage @anon:0x55af7a262a40:World0.usd@ <0x55af7035fce0>)

2026-05-15T19:36:42Z [18,155ms] [Warning] [omni.usd] Warning: in _ReportErrors at line 3172 of /builds/omniverse/usd-ci/USD/pxr/usd/usd/stage.cpp -- In </World/envs/env_5/Robot/RR_thigh_rotor/visuals>: Unresolved reference prim path @/tmp/IsaacLab/usd_20260516_033641_4964/configuration/go2_description_physics.usd@</visuals/RR_thigh_rotor> introduced by @/tmp/IsaacLab/usd_20260516_033641_4964/configuration/go2_description_base.usd@</go2_description/RR_thigh_rotor/visuals> (recomposing stage on stage @anon:0x55af7a262a40:World0.usd@ <0x55af7035fce0>)

2026-05-15T19:36:42Z [18,155ms] [Warning] [omni.usd] Warning: in _ReportErrors at line 3172 of /builds/omniverse/usd-ci/USD/pxr/usd/usd/stage.cpp -- In </World/envs/env_12/Robot/RR_thigh_rotor/visuals>: Unresolved reference prim path @/tmp/IsaacLab/usd_20260516_033641_4964/configuration/go2_description_physics.usd@</visuals/RR_thigh_rotor> introduced by @/tmp/IsaacLab/usd_20260516_033641_4964/configuration/go2_description_base.usd@</go2_description/RR_thigh_rotor/visuals> (recomposing stage on stage @anon:0x55af7a262a40:World0.usd@ <0x55af7035fce0>)

2026-05-15T19:36:42Z [18,155ms] [Warning] [omni.usd] Warning: in _ReportErrors at line 3172 of /builds/omniverse/usd-ci/USD/pxr/usd/usd/stage.cpp -- In </World/envs/env_2/Robot/RR_thigh_rotor/visuals>: Unresolved reference prim path @/tmp/IsaacLab/usd_20260516_033641_4964/configuration/go2_description_physics.usd@</visuals/RR_thigh_rotor> introduced by @/tmp/IsaacLab/usd_20260516_033641_4964/configuration/go2_description_base.usd@</go2_description/RR_thigh_rotor/visuals> (recomposing stage on stage @anon:0x55af7a262a40:World0.usd@ <0x55af7035fce0>)

2026-05-15T19:36:42Z [18,155ms] [Warning] [omni.usd] Warning: in _ReportErrors at line 3172 of /builds/omniverse/usd-ci/USD/pxr/usd/usd/stage.cpp -- In </World/envs/env_13/Robot/RR_calf_rotor/visuals>: Unresolved reference prim path @/tmp/IsaacLab/usd_20260516_033641_4964/configuration/go2_description_physics.usd@</visuals/RR_calf_rotor> introduced by @/tmp/IsaacLab/usd_20260516_033641_4964/configuration/go2_description_base.usd@</go2_description/RR_calf_rotor/visuals> (recomposing stage on stage @anon:0x55af7a262a40:World0.usd@ <0x55af7035fce0>)

2026-05-15T19:36:42Z [18,155ms] [Warning] [omni.usd] Warning: in _ReportErrors at line 3172 of /builds/omniverse/usd-ci/USD/pxr/usd/usd/stage.cpp -- In </World/envs/env_15/Robot/RR_thigh_rotor/visuals>: Unresolved reference prim path @/tmp/IsaacLab/usd_20260516_033641_4964/configuration/go2_description_physics.usd@</visuals/RR_thigh_rotor> introduced by @/tmp/IsaacLab/usd_20260516_033641_4964/configuration/go2_description_base.usd@</go2_description/RR_thigh_rotor/visuals> (recomposing stage on stage @anon:0x55af7a262a40:World0.usd@ <0x55af7035fce0>)

2026-05-15T19:36:42Z [18,155ms] [Warning] [omni.usd] Warning: in _ReportErrors at line 3172 of /builds/omniverse/usd-ci/USD/pxr/usd/usd/stage.cpp -- In </World/envs/env_3/Robot/RR_thigh_rotor/visuals>: Unresolved reference prim path @/tmp/IsaacLab/usd_20260516_033641_4964/configuration/go2_description_physics.usd@</visuals/RR_thigh_rotor> introduced by @/tmp/IsaacLab/usd_20260516_033641_4964/configuration/go2_description_base.usd@</go2_description/RR_thigh_rotor/visuals> (recomposing stage on stage @anon:0x55af7a262a40:World0.usd@ <0x55af7035fce0>)

2026-05-15T19:36:42Z [18,155ms] [Warning] [omni.usd] Warning: in _ReportErrors at line 3172 of /builds/omniverse/usd-ci/USD/pxr/usd/usd/stage.cpp -- In </World/envs/env_8/Robot/RR_calf_rotor/visuals>: Unresolved reference prim path @/tmp/IsaacLab/usd_20260516_033641_4964/configuration/go2_description_physics.usd@</visuals/RR_calf_rotor> introduced by @/tmp/IsaacLab/usd_20260516_033641_4964/configuration/go2_description_base.usd@</go2_description/RR_calf_rotor/visuals> (recomposing stage on stage @anon:0x55af7a262a40:World0.usd@ <0x55af7035fce0>)

2026-05-15T19:36:42Z [18,155ms] [Warning] [omni.usd] Warning: in _ReportErrors at line 3172 of /builds/omniverse/usd-ci/USD/pxr/usd/usd/stage.cpp -- In </World/envs/env_11/Robot/RR_thigh_rotor/visuals>: Unresolved reference prim path @/tmp/IsaacLab/usd_20260516_033641_4964/configuration/go2_description_physics.usd@</visuals/RR_thigh_rotor> introduced by @/tmp/IsaacLab/usd_20260516_033641_4964/configuration/go2_description_base.usd@</go2_description/RR_thigh_rotor/visuals> (recomposing stage on stage @anon:0x55af7a262a40:World0.usd@ <0x55af7035fce0>)

2026-05-15T19:36:42Z [18,155ms] [Warning] [omni.usd] Warning: in _ReportErrors at line 3172 of /builds/omniverse/usd-ci/USD/pxr/usd/usd/stage.cpp -- In </World/envs/env_5/Robot/RR_calf_rotor/visuals>: Unresolved reference prim path @/tmp/IsaacLab/usd_20260516_033641_4964/configuration/go2_description_physics.usd@</visuals/RR_calf_rotor> introduced by @/tmp/IsaacLab/usd_20260516_033641_4964/configuration/go2_description_base.usd@</go2_description/RR_calf_rotor/visuals> (recomposing stage on stage @anon:0x55af7a262a40:World0.usd@ <0x55af7035fce0>)

2026-05-15T19:36:42Z [18,155ms] [Warning] [omni.usd] Warning: in _ReportErrors at line 3172 of /builds/omniverse/usd-ci/USD/pxr/usd/usd/stage.cpp -- In </World/envs/env_14/Robot/RR_thigh_rotor/visuals>: Unresolved reference prim path @/tmp/IsaacLab/usd_20260516_033641_4964/configuration/go2_description_physics.usd@</visuals/RR_thigh_rotor> introduced by @/tmp/IsaacLab/usd_20260516_033641_4964/configuration/go2_description_base.usd@</go2_description/RR_thigh_rotor/visuals> (recomposing stage on stage @anon:0x55af7a262a40:World0.usd@ <0x55af7035fce0>)

2026-05-15T19:36:42Z [18,155ms] [Warning] [omni.usd] Warning: in _ReportErrors at line 3172 of /builds/omniverse/usd-ci/USD/pxr/usd/usd/stage.cpp -- In </World/envs/env_12/Robot/RR_calf_rotor/visuals>: Unresolved reference prim path @/tmp/IsaacLab/usd_20260516_033641_4964/configuration/go2_description_physics.usd@</visuals/RR_calf_rotor> introduced by @/tmp/IsaacLab/usd_20260516_033641_4964/configuration/go2_description_base.usd@</go2_description/RR_calf_rotor/visuals> (recomposing stage on stage @anon:0x55af7a262a40:World0.usd@ <0x55af7035fce0>)

2026-05-15T19:36:42Z [18,155ms] [Warning] [omni.usd] Warning: in _ReportErrors at line 3172 of /builds/omniverse/usd-ci/USD/pxr/usd/usd/stage.cpp -- In </World/envs/env_2/Robot/RR_calf_rotor/visuals>: Unresolved reference prim path @/tmp/IsaacLab/usd_20260516_033641_4964/configuration/go2_description_physics.usd@</visuals/RR_calf_rotor> introduced by @/tmp/IsaacLab/usd_20260516_033641_4964/configuration/go2_description_base.usd@</go2_description/RR_calf_rotor/visuals> (recomposing stage on stage @anon:0x55af7a262a40:World0.usd@ <0x55af7035fce0>)

2026-05-15T19:36:42Z [18,155ms] [Warning] [omni.usd] Warning: in _ReportErrors at line 3172 of /builds/omniverse/usd-ci/USD/pxr/usd/usd/stage.cpp -- In </World/envs/env_15/Robot/RR_calf_rotor/visuals>: Unresolved reference prim path @/tmp/IsaacLab/usd_20260516_033641_4964/configuration/go2_description_physics.usd@</visuals/RR_calf_rotor> introduced by @/tmp/IsaacLab/usd_20260516_033641_4964/configuration/go2_description_base.usd@</go2_description/RR_calf_rotor/visuals> (recomposing stage on stage @anon:0x55af7a262a40:World0.usd@ <0x55af7035fce0>)

2026-05-15T19:36:42Z [18,155ms] [Warning] [omni.usd] Warning: in _ReportErrors at line 3172 of /builds/omniverse/usd-ci/USD/pxr/usd/usd/stage.cpp -- In </World/envs/env_14/Robot/RR_calf_rotor/visuals>: Unresolved reference prim path @/tmp/IsaacLab/usd_20260516_033641_4964/configuration/go2_description_physics.usd@</visuals/RR_calf_rotor> introduced by @/tmp/IsaacLab/usd_20260516_033641_4964/configuration/go2_description_base.usd@</go2_description/RR_calf_rotor/visuals> (recomposing stage on stage @anon:0x55af7a262a40:World0.usd@ <0x55af7035fce0>)

2026-05-15T19:36:42Z [18,155ms] [Warning] [omni.usd] Warning: in _ReportErrors at line 3172 of /builds/omniverse/usd-ci/USD/pxr/usd/usd/stage.cpp -- In </World/envs/env_11/Robot/RR_calf_rotor/visuals>: Unresolved reference prim path @/tmp/IsaacLab/usd_20260516_033641_4964/configuration/go2_description_physics.usd@</visuals/RR_calf_rotor> introduced by @/tmp/IsaacLab/usd_20260516_033641_4964/configuration/go2_description_base.usd@</go2_description/RR_calf_rotor/visuals> (recomposing stage on stage @anon:0x55af7a262a40:World0.usd@ <0x55af7035fce0>)

2026-05-15T19:36:42Z [18,155ms] [Warning] [omni.usd] Warning: in _ReportErrors at line 3172 of /builds/omniverse/usd-ci/USD/pxr/usd/usd/stage.cpp -- In </World/envs/env_3/Robot/RR_calf_rotor/visuals>: Unresolved reference prim path @/tmp/IsaacLab/usd_20260516_033641_4964/configuration/go2_description_physics.usd@</visuals/RR_calf_rotor> introduced by @/tmp/IsaacLab/usd_20260516_033641_4964/configuration/go2_description_base.usd@</go2_description/RR_calf_rotor/visuals> (recomposing stage on stage @anon:0x55af7a262a40:World0.usd@ <0x55af7035fce0>)

2026-05-15T19:36:42Z [18,155ms] [Warning] [omni.usd] Warning: in _ReportErrors at line 3172 of /builds/omniverse/usd-ci/USD/pxr/usd/usd/stage.cpp -- In </World/envs/env_6/Robot/RR_hip_rotor/visuals>: Unresolved reference prim path @/tmp/IsaacLab/usd_20260516_033641_4964/configuration/go2_description_physics.usd@</visuals/RR_hip_rotor> introduced by @/tmp/IsaacLab/usd_20260516_033641_4964/configuration/go2_description_base.usd@</go2_description/RR_hip_rotor/visuals> (recomposing stage on stage @anon:0x55af7a262a40:World0.usd@ <0x55af7035fce0>)

2026-05-15T19:36:42Z [18,155ms] [Warning] [omni.usd] Warning: in _ReportErrors at line 3172 of /builds/omniverse/usd-ci/USD/pxr/usd/usd/stage.cpp -- In </World/envs/env_6/Robot/RR_thigh_rotor/visuals>: Unresolved reference prim path @/tmp/IsaacLab/usd_20260516_033641_4964/configuration/go2_description_physics.usd@</visuals/RR_thigh_rotor> introduced by @/tmp/IsaacLab/usd_20260516_033641_4964/configuration/go2_description_base.usd@</go2_description/RR_thigh_rotor/visuals> (recomposing stage on stage @anon:0x55af7a262a40:World0.usd@ <0x55af7035fce0>)

2026-05-15T19:36:42Z [18,155ms] [Warning] [omni.usd] Warning: in _ReportErrors at line 3172 of /builds/omniverse/usd-ci/USD/pxr/usd/usd/stage.cpp -- In </World/envs/env_7/Robot/RL_hip_rotor/visuals>: Unresolved reference prim path @/tmp/IsaacLab/usd_20260516_033641_4964/configuration/go2_description_physics.usd@</visuals/RL_hip_rotor> introduced by @/tmp/IsaacLab/usd_20260516_033641_4964/configuration/go2_description_base.usd@</go2_description/RL_hip_rotor/visuals> (recomposing stage on stage @anon:0x55af7a262a40:World0.usd@ <0x55af7035fce0>)

2026-05-15T19:36:42Z [18,155ms] [Warning] [omni.usd] Warning: in _ReportErrors at line 3172 of /builds/omniverse/usd-ci/USD/pxr/usd/usd/stage.cpp -- In </World/envs/env_1/Robot/RL_hip_rotor/visuals>: Unresolved reference prim path @/tmp/IsaacLab/usd_20260516_033641_4964/configuration/go2_description_physics.usd@</visuals/RL_hip_rotor> introduced by @/tmp/IsaacLab/usd_20260516_033641_4964/configuration/go2_description_base.usd@</go2_description/RL_hip_rotor/visuals> (recomposing stage on stage @anon:0x55af7a262a40:World0.usd@ <0x55af7035fce0>)

2026-05-15T19:36:42Z [18,155ms] [Warning] [omni.usd] Warning: in _ReportErrors at line 3172 of /builds/omniverse/usd-ci/USD/pxr/usd/usd/stage.cpp -- In </World/envs/env_1/Robot/RL_thigh_rotor/visuals>: Unresolved reference prim path @/tmp/IsaacLab/usd_20260516_033641_4964/configuration/go2_description_physics.usd@</visuals/RL_thigh_rotor> introduced by @/tmp/IsaacLab/usd_20260516_033641_4964/configuration/go2_description_base.usd@</go2_description/RL_thigh_rotor/visuals> (recomposing stage on stage @anon:0x55af7a262a40:World0.usd@ <0x55af7035fce0>)

2026-05-15T19:36:42Z [18,155ms] [Warning] [omni.usd] Warning: in _ReportErrors at line 3172 of /builds/omniverse/usd-ci/USD/pxr/usd/usd/stage.cpp -- In </World/envs/env_7/Robot/RL_thigh_rotor/visuals>: Unresolved reference prim path @/tmp/IsaacLab/usd_20260516_033641_4964/configuration/go2_description_physics.usd@</visuals/RL_thigh_rotor> introduced by @/tmp/IsaacLab/usd_20260516_033641_4964/configuration/go2_description_base.usd@</go2_description/RL_thigh_rotor/visuals> (recomposing stage on stage @anon:0x55af7a262a40:World0.usd@ <0x55af7035fce0>)

2026-05-15T19:36:42Z [18,155ms] [Warning] [omni.usd] Warning: in _ReportErrors at line 3172 of /builds/omniverse/usd-ci/USD/pxr/usd/usd/stage.cpp -- In </World/envs/env_10/Robot/RL_hip_rotor/visuals>: Unresolved reference prim path @/tmp/IsaacLab/usd_20260516_033641_4964/configuration/go2_description_physics.usd@</visuals/RL_hip_rotor> introduced by @/tmp/IsaacLab/usd_20260516_033641_4964/configuration/go2_description_base.usd@</go2_description/RL_hip_rotor/visuals> (recomposing stage on stage @anon:0x55af7a262a40:World0.usd@ <0x55af7035fce0>)

2026-05-15T19:36:42Z [18,155ms] [Warning] [omni.usd] Warning: in _ReportErrors at line 3172 of /builds/omniverse/usd-ci/USD/pxr/usd/usd/stage.cpp -- In </World/envs/env_14/Robot/RL_hip_rotor/visuals>: Unresolved reference prim path @/tmp/IsaacLab/usd_20260516_033641_4964/configuration/go2_description_physics.usd@</visuals/RL_hip_rotor> introduced by @/tmp/IsaacLab/usd_20260516_033641_4964/configuration/go2_description_base.usd@</go2_description/RL_hip_rotor/visuals> (recomposing stage on stage @anon:0x55af7a262a40:World0.usd@ <0x55af7035fce0>)

2026-05-15T19:36:42Z [18,155ms] [Warning] [omni.usd] Warning: in _ReportErrors at line 3172 of /builds/omniverse/usd-ci/USD/pxr/usd/usd/stage.cpp -- In </World/envs/env_8/Robot/RL_hip_rotor/visuals>: Unresolved reference prim path @/tmp/IsaacLab/usd_20260516_033641_4964/configuration/go2_description_physics.usd@</visuals/RL_hip_rotor> introduced by @/tmp/IsaacLab/usd_20260516_033641_4964/configuration/go2_description_base.usd@</go2_description/RL_hip_rotor/visuals> (recomposing stage on stage @anon:0x55af7a262a40:World0.usd@ <0x55af7035fce0>)

2026-05-15T19:36:42Z [18,155ms] [Warning] [omni.usd] Warning: in _ReportErrors at line 3172 of /builds/omniverse/usd-ci/USD/pxr/usd/usd/stage.cpp -- In </World/envs/env_7/Robot/RL_calf_rotor/visuals>: Unresolved reference prim path @/tmp/IsaacLab/usd_20260516_033641_4964/configuration/go2_description_physics.usd@</visuals/RL_calf_rotor> introduced by @/tmp/IsaacLab/usd_20260516_033641_4964/configuration/go2_description_base.usd@</go2_description/RL_calf_rotor/visuals> (recomposing stage on stage @anon:0x55af7a262a40:World0.usd@ <0x55af7035fce0>)

2026-05-15T19:36:42Z [18,155ms] [Warning] [omni.usd] Warning: in _ReportErrors at line 3172 of /builds/omniverse/usd-ci/USD/pxr/usd/usd/stage.cpp -- In </World/envs/env_5/Robot/RL_hip_rotor/visuals>: Unresolved reference prim path @/tmp/IsaacLab/usd_20260516_033641_4964/configuration/go2_description_physics.usd@</visuals/RL_hip_rotor> introduced by @/tmp/IsaacLab/usd_20260516_033641_4964/configuration/go2_description_base.usd@</go2_description/RL_hip_rotor/visuals> (recomposing stage on stage @anon:0x55af7a262a40:World0.usd@ <0x55af7035fce0>)

2026-05-15T19:36:42Z [18,155ms] [Warning] [omni.usd] Warning: in _ReportErrors at line 3172 of /builds/omniverse/usd-ci/USD/pxr/usd/usd/stage.cpp -- In </World/envs/env_15/Robot/RL_hip_rotor/visuals>: Unresolved reference prim path @/tmp/IsaacLab/usd_20260516_033641_4964/configuration/go2_description_physics.usd@</visuals/RL_hip_rotor> introduced by @/tmp/IsaacLab/usd_20260516_033641_4964/configuration/go2_description_base.usd@</go2_description/RL_hip_rotor/visuals> (recomposing stage on stage @anon:0x55af7a262a40:World0.usd@ <0x55af7035fce0>)

2026-05-15T19:36:42Z [18,155ms] [Warning] [omni.usd] Warning: in _ReportErrors at line 3172 of /builds/omniverse/usd-ci/USD/pxr/usd/usd/stage.cpp -- In </World/envs/env_6/Robot/RR_calf_rotor/visuals>: Unresolved reference prim path @/tmp/IsaacLab/usd_20260516_033641_4964/configuration/go2_description_physics.usd@</visuals/RR_calf_rotor> introduced by @/tmp/IsaacLab/usd_20260516_033641_4964/configuration/go2_description_base.usd@</go2_description/RR_calf_rotor/visuals> (recomposing stage on stage @anon:0x55af7a262a40:World0.usd@ <0x55af7035fce0>)

2026-05-15T19:36:42Z [18,155ms] [Warning] [omni.usd] Warning: in _ReportErrors at line 3172 of /builds/omniverse/usd-ci/USD/pxr/usd/usd/stage.cpp -- In </World/envs/env_1/Robot/RL_calf_rotor/visuals>: Unresolved reference prim path @/tmp/IsaacLab/usd_20260516_033641_4964/configuration/go2_description_physics.usd@</visuals/RL_calf_rotor> introduced by @/tmp/IsaacLab/usd_20260516_033641_4964/configuration/go2_description_base.usd@</go2_description/RL_calf_rotor/visuals> (recomposing stage on stage @anon:0x55af7a262a40:World0.usd@ <0x55af7035fce0>)

2026-05-15T19:36:42Z [18,155ms] [Warning] [omni.usd] Warning: in _ReportErrors at line 3172 of /builds/omniverse/usd-ci/USD/pxr/usd/usd/stage.cpp -- In </World/envs/env_10/Robot/RL_thigh_rotor/visuals>: Unresolved reference prim path @/tmp/IsaacLab/usd_20260516_033641_4964/configuration/go2_description_physics.usd@</visuals/RL_thigh_rotor> introduced by @/tmp/IsaacLab/usd_20260516_033641_4964/configuration/go2_description_base.usd@</go2_description/RL_thigh_rotor/visuals> (recomposing stage on stage @anon:0x55af7a262a40:World0.usd@ <0x55af7035fce0>)

2026-05-15T19:36:42Z [18,155ms] [Warning] [omni.usd] Warning: in _ReportErrors at line 3172 of /builds/omniverse/usd-ci/USD/pxr/usd/usd/stage.cpp -- In </World/envs/env_8/Robot/RL_thigh_rotor/visuals>: Unresolved reference prim path @/tmp/IsaacLab/usd_20260516_033641_4964/configuration/go2_description_physics.usd@</visuals/RL_thigh_rotor> introduced by @/tmp/IsaacLab/usd_20260516_033641_4964/configuration/go2_description_base.usd@</go2_description/RL_thigh_rotor/visuals> (recomposing stage on stage @anon:0x55af7a262a40:World0.usd@ <0x55af7035fce0>)

2026-05-15T19:36:42Z [18,155ms] [Warning] [omni.usd] Warning: in _ReportErrors at line 3172 of /builds/omniverse/usd-ci/USD/pxr/usd/usd/stage.cpp -- In </World/envs/env_4/Robot/RL_hip_rotor/visuals>: Unresolved reference prim path @/tmp/IsaacLab/usd_20260516_033641_4964/configuration/go2_description_physics.usd@</visuals/RL_hip_rotor> introduced by @/tmp/IsaacLab/usd_20260516_033641_4964/configuration/go2_description_base.usd@</go2_description/RL_hip_rotor/visuals> (recomposing stage on stage @anon:0x55af7a262a40:World0.usd@ <0x55af7035fce0>)

2026-05-15T19:36:42Z [18,155ms] [Warning] [omni.usd] Warning: in _ReportErrors at line 3172 of /builds/omniverse/usd-ci/USD/pxr/usd/usd/stage.cpp -- In </World/envs/env_15/Robot/RL_thigh_rotor/visuals>: Unresolved reference prim path @/tmp/IsaacLab/usd_20260516_033641_4964/configuration/go2_description_physics.usd@</visuals/RL_thigh_rotor> introduced by @/tmp/IsaacLab/usd_20260516_033641_4964/configuration/go2_description_base.usd@</go2_description/RL_thigh_rotor/visuals> (recomposing stage on stage @anon:0x55af7a262a40:World0.usd@ <0x55af7035fce0>)

2026-05-15T19:36:42Z [18,155ms] [Warning] [omni.usd] Warning: in _ReportErrors at line 3172 of /builds/omniverse/usd-ci/USD/pxr/usd/usd/stage.cpp -- In </World/envs/env_14/Robot/RL_thigh_rotor/visuals>: Unresolved reference prim path @/tmp/IsaacLab/usd_20260516_033641_4964/configuration/go2_description_physics.usd@</visuals/RL_thigh_rotor> introduced by @/tmp/IsaacLab/usd_20260516_033641_4964/configuration/go2_description_base.usd@</go2_description/RL_thigh_rotor/visuals> (recomposing stage on stage @anon:0x55af7a262a40:World0.usd@ <0x55af7035fce0>)

2026-05-15T19:36:42Z [18,155ms] [Warning] [omni.usd] Warning: in _ReportErrors at line 3172 of /builds/omniverse/usd-ci/USD/pxr/usd/usd/stage.cpp -- In </World/envs/env_10/Robot/RL_calf_rotor/visuals>: Unresolved reference prim path @/tmp/IsaacLab/usd_20260516_033641_4964/configuration/go2_description_physics.usd@</visuals/RL_calf_rotor> introduced by @/tmp/IsaacLab/usd_20260516_033641_4964/configuration/go2_description_base.usd@</go2_description/RL_calf_rotor/visuals> (recomposing stage on stage @anon:0x55af7a262a40:World0.usd@ <0x55af7035fce0>)

2026-05-15T19:36:42Z [18,155ms] [Warning] [omni.usd] Warning: in _ReportErrors at line 3172 of /builds/omniverse/usd-ci/USD/pxr/usd/usd/stage.cpp -- In </World/envs/env_14/Robot/RL_calf_rotor/visuals>: Unresolved reference prim path @/tmp/IsaacLab/usd_20260516_033641_4964/configuration/go2_description_physics.usd@</visuals/RL_calf_rotor> introduced by @/tmp/IsaacLab/usd_20260516_033641_4964/configuration/go2_description_base.usd@</go2_description/RL_calf_rotor/visuals> (recomposing stage on stage @anon:0x55af7a262a40:World0.usd@ <0x55af7035fce0>)

2026-05-15T19:36:42Z [18,155ms] [Warning] [omni.usd] Warning: in _ReportErrors at line 3172 of /builds/omniverse/usd-ci/USD/pxr/usd/usd/stage.cpp -- In </World/envs/env_15/Robot/RL_calf_rotor/visuals>: Unresolved reference prim path @/tmp/IsaacLab/usd_20260516_033641_4964/configuration/go2_description_physics.usd@</visuals/RL_calf_rotor> introduced by @/tmp/IsaacLab/usd_20260516_033641_4964/configuration/go2_description_base.usd@</go2_description/RL_calf_rotor/visuals> (recomposing stage on stage @anon:0x55af7a262a40:World0.usd@ <0x55af7035fce0>)

2026-05-15T19:36:42Z [18,155ms] [Warning] [omni.usd] Warning: in _ReportErrors at line 3172 of /builds/omniverse/usd-ci/USD/pxr/usd/usd/stage.cpp -- In </World/envs/env_13/Robot/RL_hip_rotor/visuals>: Unresolved reference prim path @/tmp/IsaacLab/usd_20260516_033641_4964/configuration/go2_description_physics.usd@</visuals/RL_hip_rotor> introduced by @/tmp/IsaacLab/usd_20260516_033641_4964/configuration/go2_description_base.usd@</go2_description/RL_hip_rotor/visuals> (recomposing stage on stage @anon:0x55af7a262a40:World0.usd@ <0x55af7035fce0>)

2026-05-15T19:36:42Z [18,155ms] [Warning] [omni.usd] Warning: in _ReportErrors at line 3172 of /builds/omniverse/usd-ci/USD/pxr/usd/usd/stage.cpp -- In </World/envs/env_8/Robot/RL_calf_rotor/visuals>: Unresolved reference prim path @/tmp/IsaacLab/usd_20260516_033641_4964/configuration/go2_description_physics.usd@</visuals/RL_calf_rotor> introduced by @/tmp/IsaacLab/usd_20260516_033641_4964/configuration/go2_description_base.usd@</go2_description/RL_calf_rotor/visuals> (recomposing stage on stage @anon:0x55af7a262a40:World0.usd@ <0x55af7035fce0>)

2026-05-15T19:36:42Z [18,155ms] [Warning] [omni.usd] Warning: in _ReportErrors at line 3172 of /builds/omniverse/usd-ci/USD/pxr/usd/usd/stage.cpp -- In </World/envs/env_12/Robot/RL_hip_rotor/visuals>: Unresolved reference prim path @/tmp/IsaacLab/usd_20260516_033641_4964/configuration/go2_description_physics.usd@</visuals/RL_hip_rotor> introduced by @/tmp/IsaacLab/usd_20260516_033641_4964/configuration/go2_description_base.usd@</go2_description/RL_hip_rotor/visuals> (recomposing stage on stage @anon:0x55af7a262a40:World0.usd@ <0x55af7035fce0>)

2026-05-15T19:36:42Z [18,155ms] [Warning] [omni.usd] Warning: in _ReportErrors at line 3172 of /builds/omniverse/usd-ci/USD/pxr/usd/usd/stage.cpp -- In </World/envs/env_2/Robot/RL_hip_rotor/visuals>: Unresolved reference prim path @/tmp/IsaacLab/usd_20260516_033641_4964/configuration/go2_description_physics.usd@</visuals/RL_hip_rotor> introduced by @/tmp/IsaacLab/usd_20260516_033641_4964/configuration/go2_description_base.usd@</go2_description/RL_hip_rotor/visuals> (recomposing stage on stage @anon:0x55af7a262a40:World0.usd@ <0x55af7035fce0>)

2026-05-15T19:36:42Z [18,155ms] [Warning] [omni.usd] Warning: in _ReportErrors at line 3172 of /builds/omniverse/usd-ci/USD/pxr/usd/usd/stage.cpp -- In </World/envs/env_4/Robot/RL_thigh_rotor/visuals>: Unresolved reference prim path @/tmp/IsaacLab/usd_20260516_033641_4964/configuration/go2_description_physics.usd@</visuals/RL_thigh_rotor> introduced by @/tmp/IsaacLab/usd_20260516_033641_4964/configuration/go2_description_base.usd@</go2_description/RL_thigh_rotor/visuals> (recomposing stage on stage @anon:0x55af7a262a40:World0.usd@ <0x55af7035fce0>)

2026-05-15T19:36:42Z [18,155ms] [Warning] [omni.usd] Warning: in _ReportErrors at line 3172 of /builds/omniverse/usd-ci/USD/pxr/usd/usd/stage.cpp -- In </World/envs/env_5/Robot/RL_thigh_rotor/visuals>: Unresolved reference prim path @/tmp/IsaacLab/usd_20260516_033641_4964/configuration/go2_description_physics.usd@</visuals/RL_thigh_rotor> introduced by @/tmp/IsaacLab/usd_20260516_033641_4964/configuration/go2_description_base.usd@</go2_description/RL_thigh_rotor/visuals> (recomposing stage on stage @anon:0x55af7a262a40:World0.usd@ <0x55af7035fce0>)

2026-05-15T19:36:42Z [18,155ms] [Warning] [omni.usd] Warning: in _ReportErrors at line 3172 of /builds/omniverse/usd-ci/USD/pxr/usd/usd/stage.cpp -- In </World/envs/env_12/Robot/RL_thigh_rotor/visuals>: Unresolved reference prim path @/tmp/IsaacLab/usd_20260516_033641_4964/configuration/go2_description_physics.usd@</visuals/RL_thigh_rotor> introduced by @/tmp/IsaacLab/usd_20260516_033641_4964/configuration/go2_description_base.usd@</go2_description/RL_thigh_rotor/visuals> (recomposing stage on stage @anon:0x55af7a262a40:World0.usd@ <0x55af7035fce0>)

2026-05-15T19:36:42Z [18,155ms] [Warning] [omni.usd] Warning: in _ReportErrors at line 3172 of /builds/omniverse/usd-ci/USD/pxr/usd/usd/stage.cpp -- In </World/envs/env_9/Robot/RL_hip_rotor/visuals>: Unresolved reference prim path @/tmp/IsaacLab/usd_20260516_033641_4964/configuration/go2_description_physics.usd@</visuals/RL_hip_rotor> introduced by @/tmp/IsaacLab/usd_20260516_033641_4964/configuration/go2_description_base.usd@</go2_description/RL_hip_rotor/visuals> (recomposing stage on stage @anon:0x55af7a262a40:World0.usd@ <0x55af7035fce0>)

2026-05-15T19:36:42Z [18,155ms] [Warning] [omni.usd] Warning: in _ReportErrors at line 3172 of /builds/omniverse/usd-ci/USD/pxr/usd/usd/stage.cpp -- In </World/envs/env_13/Robot/RL_thigh_rotor/visuals>: Unresolved reference prim path @/tmp/IsaacLab/usd_20260516_033641_4964/configuration/go2_description_physics.usd@</visuals/RL_thigh_rotor> introduced by @/tmp/IsaacLab/usd_20260516_033641_4964/configuration/go2_description_base.usd@</go2_description/RL_thigh_rotor/visuals> (recomposing stage on stage @anon:0x55af7a262a40:World0.usd@ <0x55af7035fce0>)

2026-05-15T19:36:42Z [18,155ms] [Warning] [omni.usd] Warning: in _ReportErrors at line 3172 of /builds/omniverse/usd-ci/USD/pxr/usd/usd/stage.cpp -- In </World/envs/env_11/Robot/RL_hip_rotor/visuals>: Unresolved reference prim path @/tmp/IsaacLab/usd_20260516_033641_4964/configuration/go2_description_physics.usd@</visuals/RL_hip_rotor> introduced by @/tmp/IsaacLab/usd_20260516_033641_4964/configuration/go2_description_base.usd@</go2_description/RL_hip_rotor/visuals> (recomposing stage on stage @anon:0x55af7a262a40:World0.usd@ <0x55af7035fce0>)

2026-05-15T19:36:42Z [18,155ms] [Warning] [omni.usd] Warning: in _ReportErrors at line 3172 of /builds/omniverse/usd-ci/USD/pxr/usd/usd/stage.cpp -- In </World/envs/env_2/Robot/RL_thigh_rotor/visuals>: Unresolved reference prim path @/tmp/IsaacLab/usd_20260516_033641_4964/configuration/go2_description_physics.usd@</visuals/RL_thigh_rotor> introduced by @/tmp/IsaacLab/usd_20260516_033641_4964/configuration/go2_description_base.usd@</go2_description/RL_thigh_rotor/visuals> (recomposing stage on stage @anon:0x55af7a262a40:World0.usd@ <0x55af7035fce0>)

2026-05-15T19:36:42Z [18,155ms] [Warning] [omni.usd] Warning: in _ReportErrors at line 3172 of /builds/omniverse/usd-ci/USD/pxr/usd/usd/stage.cpp -- In </World/envs/env_5/Robot/RL_calf_rotor/visuals>: Unresolved reference prim path @/tmp/IsaacLab/usd_20260516_033641_4964/configuration/go2_description_physics.usd@</visuals/RL_calf_rotor> introduced by @/tmp/IsaacLab/usd_20260516_033641_4964/configuration/go2_description_base.usd@</go2_description/RL_calf_rotor/visuals> (recomposing stage on stage @anon:0x55af7a262a40:World0.usd@ <0x55af7035fce0>)

2026-05-15T19:36:42Z [18,155ms] [Warning] [omni.usd] Warning: in _ReportErrors at line 3172 of /builds/omniverse/usd-ci/USD/pxr/usd/usd/stage.cpp -- In </World/envs/env_9/Robot/RL_thigh_rotor/visuals>: Unresolved reference prim path @/tmp/IsaacLab/usd_20260516_033641_4964/configuration/go2_description_physics.usd@</visuals/RL_thigh_rotor> introduced by @/tmp/IsaacLab/usd_20260516_033641_4964/configuration/go2_description_base.usd@</go2_description/RL_thigh_rotor/visuals> (recomposing stage on stage @anon:0x55af7a262a40:World0.usd@ <0x55af7035fce0>)

2026-05-15T19:36:42Z [18,155ms] [Warning] [omni.usd] Warning: in _ReportErrors at line 3172 of /builds/omniverse/usd-ci/USD/pxr/usd/usd/stage.cpp -- In </World/envs/env_4/Robot/RL_calf_rotor/visuals>: Unresolved reference prim path @/tmp/IsaacLab/usd_20260516_033641_4964/configuration/go2_description_physics.usd@</visuals/RL_calf_rotor> introduced by @/tmp/IsaacLab/usd_20260516_033641_4964/configuration/go2_description_base.usd@</go2_description/RL_calf_rotor/visuals> (recomposing stage on stage @anon:0x55af7a262a40:World0.usd@ <0x55af7035fce0>)

2026-05-15T19:36:42Z [18,155ms] [Warning] [omni.usd] Warning: in _ReportErrors at line 3172 of /builds/omniverse/usd-ci/USD/pxr/usd/usd/stage.cpp -- In </World/envs/env_11/Robot/RL_thigh_rotor/visuals>: Unresolved reference prim path @/tmp/IsaacLab/usd_20260516_033641_4964/configuration/go2_description_physics.usd@</visuals/RL_thigh_rotor> introduced by @/tmp/IsaacLab/usd_20260516_033641_4964/configuration/go2_description_base.usd@</go2_description/RL_thigh_rotor/visuals> (recomposing stage on stage @anon:0x55af7a262a40:World0.usd@ <0x55af7035fce0>)

2026-05-15T19:36:42Z [18,155ms] [Warning] [omni.usd] Warning: in _ReportErrors at line 3172 of /builds/omniverse/usd-ci/USD/pxr/usd/usd/stage.cpp -- In </World/envs/env_2/Robot/RL_calf_rotor/visuals>: Unresolved reference prim path @/tmp/IsaacLab/usd_20260516_033641_4964/configuration/go2_description_physics.usd@</visuals/RL_calf_rotor> introduced by @/tmp/IsaacLab/usd_20260516_033641_4964/configuration/go2_description_base.usd@</go2_description/RL_calf_rotor/visuals> (recomposing stage on stage @anon:0x55af7a262a40:World0.usd@ <0x55af7035fce0>)

2026-05-15T19:36:42Z [18,155ms] [Warning] [omni.usd] Warning: in _ReportErrors at line 3172 of /builds/omniverse/usd-ci/USD/pxr/usd/usd/stage.cpp -- In </World/envs/env_12/Robot/RL_calf_rotor/visuals>: Unresolved reference prim path @/tmp/IsaacLab/usd_20260516_033641_4964/configuration/go2_description_physics.usd@</visuals/RL_calf_rotor> introduced by @/tmp/IsaacLab/usd_20260516_033641_4964/configuration/go2_description_base.usd@</go2_description/RL_calf_rotor/visuals> (recomposing stage on stage @anon:0x55af7a262a40:World0.usd@ <0x55af7035fce0>)

2026-05-15T19:36:42Z [18,155ms] [Warning] [omni.usd] Warning: in _ReportErrors at line 3172 of /builds/omniverse/usd-ci/USD/pxr/usd/usd/stage.cpp -- In </World/envs/env_3/Robot/RL_hip_rotor/visuals>: Unresolved reference prim path @/tmp/IsaacLab/usd_20260516_033641_4964/configuration/go2_description_physics.usd@</visuals/RL_hip_rotor> introduced by @/tmp/IsaacLab/usd_20260516_033641_4964/configuration/go2_description_base.usd@</go2_description/RL_hip_rotor/visuals> (recomposing stage on stage @anon:0x55af7a262a40:World0.usd@ <0x55af7035fce0>)

2026-05-15T19:36:42Z [18,156ms] [Warning] [omni.usd] Warning: in _ReportErrors at line 3172 of /builds/omniverse/usd-ci/USD/pxr/usd/usd/stage.cpp -- In </World/envs/env_13/Robot/RL_calf_rotor/visuals>: Unresolved reference prim path @/tmp/IsaacLab/usd_20260516_033641_4964/configuration/go2_description_physics.usd@</visuals/RL_calf_rotor> introduced by @/tmp/IsaacLab/usd_20260516_033641_4964/configuration/go2_description_base.usd@</go2_description/RL_calf_rotor/visuals> (recomposing stage on stage @anon:0x55af7a262a40:World0.usd@ <0x55af7035fce0>)

2026-05-15T19:36:42Z [18,156ms] [Warning] [omni.usd] Warning: in _ReportErrors at line 3172 of /builds/omniverse/usd-ci/USD/pxr/usd/usd/stage.cpp -- In </World/envs/env_9/Robot/RL_calf_rotor/visuals>: Unresolved reference prim path @/tmp/IsaacLab/usd_20260516_033641_4964/configuration/go2_description_physics.usd@</visuals/RL_calf_rotor> introduced by @/tmp/IsaacLab/usd_20260516_033641_4964/configuration/go2_description_base.usd@</go2_description/RL_calf_rotor/visuals> (recomposing stage on stage @anon:0x55af7a262a40:World0.usd@ <0x55af7035fce0>)

2026-05-15T19:36:42Z [18,156ms] [Warning] [omni.usd] Warning: in _ReportErrors at line 3172 of /builds/omniverse/usd-ci/USD/pxr/usd/usd/stage.cpp -- In </World/envs/env_11/Robot/RL_calf_rotor/visuals>: Unresolved reference prim path @/tmp/IsaacLab/usd_20260516_033641_4964/configuration/go2_description_physics.usd@</visuals/RL_calf_rotor> introduced by @/tmp/IsaacLab/usd_20260516_033641_4964/configuration/go2_description_base.usd@</go2_description/RL_calf_rotor/visuals> (recomposing stage on stage @anon:0x55af7a262a40:World0.usd@ <0x55af7035fce0>)

2026-05-15T19:36:42Z [18,156ms] [Warning] [omni.usd] Warning: in _ReportErrors at line 3172 of /builds/omniverse/usd-ci/USD/pxr/usd/usd/stage.cpp -- In </World/envs/env_6/Robot/RL_hip_rotor/visuals>: Unresolved reference prim path @/tmp/IsaacLab/usd_20260516_033641_4964/configuration/go2_description_physics.usd@</visuals/RL_hip_rotor> introduced by @/tmp/IsaacLab/usd_20260516_033641_4964/configuration/go2_description_base.usd@</go2_description/RL_hip_rotor/visuals> (recomposing stage on stage @anon:0x55af7a262a40:World0.usd@ <0x55af7035fce0>)

2026-05-15T19:36:42Z [18,156ms] [Warning] [omni.usd] Warning: in _ReportErrors at line 3172 of /builds/omniverse/usd-ci/USD/pxr/usd/usd/stage.cpp -- In </World/envs/env_3/Robot/RL_thigh_rotor/visuals>: Unresolved reference prim path @/tmp/IsaacLab/usd_20260516_033641_4964/configuration/go2_description_physics.usd@</visuals/RL_thigh_rotor> introduced by @/tmp/IsaacLab/usd_20260516_033641_4964/configuration/go2_description_base.usd@</go2_description/RL_thigh_rotor/visuals> (recomposing stage on stage @anon:0x55af7a262a40:World0.usd@ <0x55af7035fce0>)

2026-05-15T19:36:42Z [18,156ms] [Warning] [omni.usd] Warning: in _ReportErrors at line 3172 of /builds/omniverse/usd-ci/USD/pxr/usd/usd/stage.cpp -- In </World/envs/env_6/Robot/RL_thigh_rotor/visuals>: Unresolved reference prim path @/tmp/IsaacLab/usd_20260516_033641_4964/configuration/go2_description_physics.usd@</visuals/RL_thigh_rotor> introduced by @/tmp/IsaacLab/usd_20260516_033641_4964/configuration/go2_description_base.usd@</go2_description/RL_thigh_rotor/visuals> (recomposing stage on stage @anon:0x55af7a262a40:World0.usd@ <0x55af7035fce0>)

2026-05-15T19:36:42Z [18,156ms] [Warning] [omni.usd] Warning: in _ReportErrors at line 3172 of /builds/omniverse/usd-ci/USD/pxr/usd/usd/stage.cpp -- In </World/envs/env_3/Robot/RL_calf_rotor/visuals>: Unresolved reference prim path @/tmp/IsaacLab/usd_20260516_033641_4964/configuration/go2_description_physics.usd@</visuals/RL_calf_rotor> introduced by @/tmp/IsaacLab/usd_20260516_033641_4964/configuration/go2_description_base.usd@</go2_description/RL_calf_rotor/visuals> (recomposing stage on stage @anon:0x55af7a262a40:World0.usd@ <0x55af7035fce0>)

2026-05-15T19:36:42Z [18,156ms] [Warning] [omni.usd] Warning: in _ReportErrors at line 3172 of /builds/omniverse/usd-ci/USD/pxr/usd/usd/stage.cpp -- In </World/envs/env_6/Robot/RL_calf_rotor/visuals>: Unresolved reference prim path @/tmp/IsaacLab/usd_20260516_033641_4964/configuration/go2_description_physics.usd@</visuals/RL_calf_rotor> introduced by @/tmp/IsaacLab/usd_20260516_033641_4964/configuration/go2_description_base.usd@</go2_description/RL_calf_rotor/visuals> (recomposing stage on stage @anon:0x55af7a262a40:World0.usd@ <0x55af7035fce0>)

2026-05-15T19:36:42Z [18,156ms] [Warning] [omni.usd] Warning: in _ReportErrors at line 3172 of /builds/omniverse/usd-ci/USD/pxr/usd/usd/stage.cpp -- In </World/envs/env_7/Robot/Head_lower/visuals>: Unresolved reference prim path @/tmp/IsaacLab/usd_20260516_033641_4964/configuration/go2_description_physics.usd@</visuals/Head_lower> introduced by @/tmp/IsaacLab/usd_20260516_033641_4964/configuration/go2_description_base.usd@</go2_description/Head_lower/visuals> (recomposing stage on stage @anon:0x55af7a262a40:World0.usd@ <0x55af7035fce0>)

2026-05-15T19:36:42Z [18,156ms] [Warning] [omni.usd] Warning: in _ReportErrors at line 3172 of /builds/omniverse/usd-ci/USD/pxr/usd/usd/stage.cpp -- In </World/envs/env_10/Robot/FL_calf_rotor/visuals>: Unresolved reference prim path @/tmp/IsaacLab/usd_20260516_033641_4964/configuration/go2_description_physics.usd@</visuals/FL_calf_rotor> introduced by @/tmp/IsaacLab/usd_20260516_033641_4964/configuration/go2_description_base.usd@</go2_description/FL_calf_rotor/visuals> (recomposing stage on stage @anon:0x55af7a262a40:World0.usd@ <0x55af7035fce0>)

2026-05-15T19:36:42Z [18,156ms] [Warning] [omni.usd] Warning: in _ReportErrors at line 3172 of /builds/omniverse/usd-ci/USD/pxr/usd/usd/stage.cpp -- In </World/envs/env_14/Robot/Head_lower/visuals>: Unresolved reference prim path @/tmp/IsaacLab/usd_20260516_033641_4964/configuration/go2_description_physics.usd@</visuals/Head_lower> introduced by @/tmp/IsaacLab/usd_20260516_033641_4964/configuration/go2_description_base.usd@</go2_description/Head_lower/visuals> (recomposing stage on stage @anon:0x55af7a262a40:World0.usd@ <0x55af7035fce0>)

2026-05-15T19:36:42Z [18,156ms] [Warning] [omni.usd] Warning: in _ReportErrors at line 3172 of /builds/omniverse/usd-ci/USD/pxr/usd/usd/stage.cpp -- In </World/envs/env_10/Robot/Head_lower/visuals>: Unresolved reference prim path @/tmp/IsaacLab/usd_20260516_033641_4964/configuration/go2_description_physics.usd@</visuals/Head_lower> introduced by @/tmp/IsaacLab/usd_20260516_033641_4964/configuration/go2_description_base.usd@</go2_description/Head_lower/visuals> (recomposing stage on stage @anon:0x55af7a262a40:World0.usd@ <0x55af7035fce0>)

2026-05-15T19:36:42Z [18,156ms] [Warning] [omni.usd] Warning: in _ReportErrors at line 3172 of /builds/omniverse/usd-ci/USD/pxr/usd/usd/stage.cpp -- In </World/envs/env_7/Robot/Head_upper/visuals>: Unresolved reference prim path @/tmp/IsaacLab/usd_20260516_033641_4964/configuration/go2_description_physics.usd@</visuals/Head_upper> introduced by @/tmp/IsaacLab/usd_20260516_033641_4964/configuration/go2_description_base.usd@</go2_description/Head_upper/visuals> (recomposing stage on stage @anon:0x55af7a262a40:World0.usd@ <0x55af7035fce0>)

2026-05-15T19:36:42Z [18,156ms] [Warning] [omni.usd] Warning: in _ReportErrors at line 3172 of /builds/omniverse/usd-ci/USD/pxr/usd/usd/stage.cpp -- In </World/envs/env_14/Robot/Head_upper/visuals>: Unresolved reference prim path @/tmp/IsaacLab/usd_20260516_033641_4964/configuration/go2_description_physics.usd@</visuals/Head_upper> introduced by @/tmp/IsaacLab/usd_20260516_033641_4964/configuration/go2_description_base.usd@</go2_description/Head_upper/visuals> (recomposing stage on stage @anon:0x55af7a262a40:World0.usd@ <0x55af7035fce0>)

2026-05-15T19:36:42Z [18,156ms] [Warning] [omni.usd] Warning: in _ReportErrors at line 3172 of /builds/omniverse/usd-ci/USD/pxr/usd/usd/stage.cpp -- In </World/envs/env_15/Robot/Head_lower/visuals>: Unresolved reference prim path @/tmp/IsaacLab/usd_20260516_033641_4964/configuration/go2_description_physics.usd@</visuals/Head_lower> introduced by @/tmp/IsaacLab/usd_20260516_033641_4964/configuration/go2_description_base.usd@</go2_description/Head_lower/visuals> (recomposing stage on stage @anon:0x55af7a262a40:World0.usd@ <0x55af7035fce0>)

2026-05-15T19:36:42Z [18,156ms] [Warning] [omni.usd] Warning: in _ReportErrors at line 3172 of /builds/omniverse/usd-ci/USD/pxr/usd/usd/stage.cpp -- In </World/envs/env_12/Robot/FL_thigh_rotor/visuals>: Unresolved reference prim path @/tmp/IsaacLab/usd_20260516_033641_4964/configuration/go2_description_physics.usd@</visuals/FL_thigh_rotor> introduced by @/tmp/IsaacLab/usd_20260516_033641_4964/configuration/go2_description_base.usd@</go2_description/FL_thigh_rotor/visuals> (recomposing stage on stage @anon:0x55af7a262a40:World0.usd@ <0x55af7035fce0>)

2026-05-15T19:36:42Z [18,156ms] [Warning] [omni.usd] Warning: in _ReportErrors at line 3172 of /builds/omniverse/usd-ci/USD/pxr/usd/usd/stage.cpp -- In </World/envs/env_10/Robot/Head_upper/visuals>: Unresolved reference prim path @/tmp/IsaacLab/usd_20260516_033641_4964/configuration/go2_description_physics.usd@</visuals/Head_upper> introduced by @/tmp/IsaacLab/usd_20260516_033641_4964/configuration/go2_description_base.usd@</go2_description/Head_upper/visuals> (recomposing stage on stage @anon:0x55af7a262a40:World0.usd@ <0x55af7035fce0>)

2026-05-15T19:36:42Z [18,156ms] [Warning] [omni.usd] Warning: in _ReportErrors at line 3172 of /builds/omniverse/usd-ci/USD/pxr/usd/usd/stage.cpp -- In </World/envs/env_7/Robot/FR_hip_rotor/visuals>: Unresolved reference prim path @/tmp/IsaacLab/usd_20260516_033641_4964/configuration/go2_description_physics.usd@</visuals/FR_hip_rotor> introduced by @/tmp/IsaacLab/usd_20260516_033641_4964/configuration/go2_description_base.usd@</go2_description/FR_hip_rotor/visuals> (recomposing stage on stage @anon:0x55af7a262a40:World0.usd@ <0x55af7035fce0>)

2026-05-15T19:36:42Z [18,156ms] [Warning] [omni.usd] Warning: in _ReportErrors at line 3172 of /builds/omniverse/usd-ci/USD/pxr/usd/usd/stage.cpp -- In </World/envs/env_14/Robot/FR_hip_rotor/visuals>: Unresolved reference prim path @/tmp/IsaacLab/usd_20260516_033641_4964/configuration/go2_description_physics.usd@</visuals/FR_hip_rotor> introduced by @/tmp/IsaacLab/usd_20260516_033641_4964/configuration/go2_description_base.usd@</go2_description/FR_hip_rotor/visuals> (recomposing stage on stage @anon:0x55af7a262a40:World0.usd@ <0x55af7035fce0>)

2026-05-15T19:36:42Z [18,156ms] [Warning] [omni.usd] Warning: in _ReportErrors at line 3172 of /builds/omniverse/usd-ci/USD/pxr/usd/usd/stage.cpp -- In </World/envs/env_5/Robot/Head_lower/visuals>: Unresolved reference prim path @/tmp/IsaacLab/usd_20260516_033641_4964/configuration/go2_description_physics.usd@</visuals/Head_lower> introduced by @/tmp/IsaacLab/usd_20260516_033641_4964/configuration/go2_description_base.usd@</go2_description/Head_lower/visuals> (recomposing stage on stage @anon:0x55af7a262a40:World0.usd@ <0x55af7035fce0>)

2026-05-15T19:36:42Z [18,156ms] [Warning] [omni.usd] Warning: in _ReportErrors at line 3172 of /builds/omniverse/usd-ci/USD/pxr/usd/usd/stage.cpp -- In </World/envs/env_15/Robot/Head_upper/visuals>: Unresolved reference prim path @/tmp/IsaacLab/usd_20260516_033641_4964/configuration/go2_description_physics.usd@</visuals/Head_upper> introduced by @/tmp/IsaacLab/usd_20260516_033641_4964/configuration/go2_description_base.usd@</go2_description/Head_upper/visuals> (recomposing stage on stage @anon:0x55af7a262a40:World0.usd@ <0x55af7035fce0>)

2026-05-15T19:36:42Z [18,156ms] [Warning] [omni.usd] Warning: in _ReportErrors at line 3172 of /builds/omniverse/usd-ci/USD/pxr/usd/usd/stage.cpp -- In </World/envs/env_12/Robot/FL_calf_rotor/visuals>: Unresolved reference prim path @/tmp/IsaacLab/usd_20260516_033641_4964/configuration/go2_description_physics.usd@</visuals/FL_calf_rotor> introduced by @/tmp/IsaacLab/usd_20260516_033641_4964/configuration/go2_description_base.usd@</go2_description/FL_calf_rotor/visuals> (recomposing stage on stage @anon:0x55af7a262a40:World0.usd@ <0x55af7035fce0>)

2026-05-15T19:36:42Z [18,156ms] [Warning] [omni.usd] Warning: in _ReportErrors at line 3172 of /builds/omniverse/usd-ci/USD/pxr/usd/usd/stage.cpp -- In </World/envs/env_10/Robot/FR_hip_rotor/visuals>: Unresolved reference prim path @/tmp/IsaacLab/usd_20260516_033641_4964/configuration/go2_description_physics.usd@</visuals/FR_hip_rotor> introduced by @/tmp/IsaacLab/usd_20260516_033641_4964/configuration/go2_description_base.usd@</go2_description/FR_hip_rotor/visuals> (recomposing stage on stage @anon:0x55af7a262a40:World0.usd@ <0x55af7035fce0>)

2026-05-15T19:36:42Z [18,156ms] [Warning] [omni.usd] Warning: in _ReportErrors at line 3172 of /builds/omniverse/usd-ci/USD/pxr/usd/usd/stage.cpp -- In </World/envs/env_4/Robot/Head_lower/visuals>: Unresolved reference prim path @/tmp/IsaacLab/usd_20260516_033641_4964/configuration/go2_description_physics.usd@</visuals/Head_lower> introduced by @/tmp/IsaacLab/usd_20260516_033641_4964/configuration/go2_description_base.usd@</go2_description/Head_lower/visuals> (recomposing stage on stage @anon:0x55af7a262a40:World0.usd@ <0x55af7035fce0>)

2026-05-15T19:36:42Z [18,156ms] [Warning] [omni.usd] Warning: in _ReportErrors at line 3172 of /builds/omniverse/usd-ci/USD/pxr/usd/usd/stage.cpp -- In </World/envs/env_15/Robot/FR_hip_rotor/visuals>: Unresolved reference prim path @/tmp/IsaacLab/usd_20260516_033641_4964/configuration/go2_description_physics.usd@</visuals/FR_hip_rotor> introduced by @/tmp/IsaacLab/usd_20260516_033641_4964/configuration/go2_description_base.usd@</go2_description/FR_hip_rotor/visuals> (recomposing stage on stage @anon:0x55af7a262a40:World0.usd@ <0x55af7035fce0>)

2026-05-15T19:36:42Z [18,156ms] [Warning] [omni.usd] Warning: in _ReportErrors at line 3172 of /builds/omniverse/usd-ci/USD/pxr/usd/usd/stage.cpp -- In </World/envs/env_5/Robot/Head_upper/visuals>: Unresolved reference prim path @/tmp/IsaacLab/usd_20260516_033641_4964/configuration/go2_description_physics.usd@</visuals/Head_upper> introduced by @/tmp/IsaacLab/usd_20260516_033641_4964/configuration/go2_description_base.usd@</go2_description/Head_upper/visuals> (recomposing stage on stage @anon:0x55af7a262a40:World0.usd@ <0x55af7035fce0>)

2026-05-15T19:36:42Z [18,156ms] [Warning] [omni.usd] Warning: in _ReportErrors at line 3172 of /builds/omniverse/usd-ci/USD/pxr/usd/usd/stage.cpp -- In </World/envs/env_12/Robot/FL_hip_rotor/visuals>: Unresolved reference prim path @/tmp/IsaacLab/usd_20260516_033641_4964/configuration/go2_description_physics.usd@</visuals/FL_hip_rotor> introduced by @/tmp/IsaacLab/usd_20260516_033641_4964/configuration/go2_description_base.usd@</go2_description/FL_hip_rotor/visuals> (recomposing stage on stage @anon:0x55af7a262a40:World0.usd@ <0x55af7035fce0>)

2026-05-15T19:36:42Z [18,156ms] [Warning] [omni.usd] Warning: in _ReportErrors at line 3172 of /builds/omniverse/usd-ci/USD/pxr/usd/usd/stage.cpp -- In </World/envs/env_10/Robot/FR_thigh_rotor/visuals>: Unresolved reference prim path @/tmp/IsaacLab/usd_20260516_033641_4964/configuration/go2_description_physics.usd@</visuals/FR_thigh_rotor> introduced by @/tmp/IsaacLab/usd_20260516_033641_4964/configuration/go2_description_base.usd@</go2_description/FR_thigh_rotor/visuals> (recomposing stage on stage @anon:0x55af7a262a40:World0.usd@ <0x55af7035fce0>)

2026-05-15T19:36:42Z [18,156ms] [Warning] [omni.usd] Warning: in _ReportErrors at line 3172 of /builds/omniverse/usd-ci/USD/pxr/usd/usd/stage.cpp -- In </World/envs/env_7/Robot/FR_thigh_rotor/visuals>: Unresolved reference prim path @/tmp/IsaacLab/usd_20260516_033641_4964/configuration/go2_description_physics.usd@</visuals/FR_thigh_rotor> introduced by @/tmp/IsaacLab/usd_20260516_033641_4964/configuration/go2_description_base.usd@</go2_description/FR_thigh_rotor/visuals> (recomposing stage on stage @anon:0x55af7a262a40:World0.usd@ <0x55af7035fce0>)

2026-05-15T19:36:42Z [18,156ms] [Warning] [omni.usd] Warning: in _ReportErrors at line 3172 of /builds/omniverse/usd-ci/USD/pxr/usd/usd/stage.cpp -- In </World/envs/env_14/Robot/FR_thigh_rotor/visuals>: Unresolved reference prim path @/tmp/IsaacLab/usd_20260516_033641_4964/configuration/go2_description_physics.usd@</visuals/FR_thigh_rotor> introduced by @/tmp/IsaacLab/usd_20260516_033641_4964/configuration/go2_description_base.usd@</go2_description/FR_thigh_rotor/visuals> (recomposing stage on stage @anon:0x55af7a262a40:World0.usd@ <0x55af7035fce0>)

2026-05-15T19:36:42Z [18,156ms] [Warning] [omni.usd] Warning: in _ReportErrors at line 3172 of /builds/omniverse/usd-ci/USD/pxr/usd/usd/stage.cpp -- In </World/envs/env_1/Robot/Head_lower/visuals>: Unresolved reference prim path @/tmp/IsaacLab/usd_20260516_033641_4964/configuration/go2_description_physics.usd@</visuals/Head_lower> introduced by @/tmp/IsaacLab/usd_20260516_033641_4964/configuration/go2_description_base.usd@</go2_description/Head_lower/visuals> (recomposing stage on stage @anon:0x55af7a262a40:World0.usd@ <0x55af7035fce0>)

2026-05-15T19:36:42Z [18,156ms] [Warning] [omni.usd] Warning: in _ReportErrors at line 3172 of /builds/omniverse/usd-ci/USD/pxr/usd/usd/stage.cpp -- In </World/envs/env_5/Robot/FR_hip_rotor/visuals>: Unresolved reference prim path @/tmp/IsaacLab/usd_20260516_033641_4964/configuration/go2_description_physics.usd@</visuals/FR_hip_rotor> introduced by @/tmp/IsaacLab/usd_20260516_033641_4964/configuration/go2_description_base.usd@</go2_description/FR_hip_rotor/visuals> (recomposing stage on stage @anon:0x55af7a262a40:World0.usd@ <0x55af7035fce0>)

2026-05-15T19:36:42Z [18,156ms] [Warning] [omni.usd] Warning: in _ReportErrors at line 3172 of /builds/omniverse/usd-ci/USD/pxr/usd/usd/stage.cpp -- In </World/envs/env_2/Robot/Head_lower/visuals>: Unresolved reference prim path @/tmp/IsaacLab/usd_20260516_033641_4964/configuration/go2_description_physics.usd@</visuals/Head_lower> introduced by @/tmp/IsaacLab/usd_20260516_033641_4964/configuration/go2_description_base.usd@</go2_description/Head_lower/visuals> (recomposing stage on stage @anon:0x55af7a262a40:World0.usd@ <0x55af7035fce0>)

2026-05-15T19:36:42Z [18,156ms] [Warning] [omni.usd] Warning: in _ReportErrors at line 3172 of /builds/omniverse/usd-ci/USD/pxr/usd/usd/stage.cpp -- In </World/envs/env_7/Robot/FR_calf_rotor/visuals>: Unresolved reference prim path @/tmp/IsaacLab/usd_20260516_033641_4964/configuration/go2_description_physics.usd@</visuals/FR_calf_rotor> introduced by @/tmp/IsaacLab/usd_20260516_033641_4964/configuration/go2_description_base.usd@</go2_description/FR_calf_rotor/visuals> (recomposing stage on stage @anon:0x55af7a262a40:World0.usd@ <0x55af7035fce0>)

2026-05-15T19:36:42Z [18,156ms] [Warning] [omni.usd] Warning: in _ReportErrors at line 3172 of /builds/omniverse/usd-ci/USD/pxr/usd/usd/stage.cpp -- In </World/envs/env_11/Robot/Head_lower/visuals>: Unresolved reference prim path @/tmp/IsaacLab/usd_20260516_033641_4964/configuration/go2_description_physics.usd@</visuals/Head_lower> introduced by @/tmp/IsaacLab/usd_20260516_033641_4964/configuration/go2_description_base.usd@</go2_description/Head_lower/visuals> (recomposing stage on stage @anon:0x55af7a262a40:World0.usd@ <0x55af7035fce0>)

2026-05-15T19:36:42Z [18,156ms] [Warning] [omni.usd] Warning: in _ReportErrors at line 3172 of /builds/omniverse/usd-ci/USD/pxr/usd/usd/stage.cpp -- In </World/envs/env_15/Robot/FR_thigh_rotor/visuals>: Unresolved reference prim path @/tmp/IsaacLab/usd_20260516_033641_4964/configuration/go2_description_physics.usd@</visuals/FR_thigh_rotor> introduced by @/tmp/IsaacLab/usd_20260516_033641_4964/configuration/go2_description_base.usd@</go2_description/FR_thigh_rotor/visuals> (recomposing stage on stage @anon:0x55af7a262a40:World0.usd@ <0x55af7035fce0>)

2026-05-15T19:36:42Z [18,156ms] [Warning] [omni.usd] Warning: in _ReportErrors at line 3172 of /builds/omniverse/usd-ci/USD/pxr/usd/usd/stage.cpp -- In </World/envs/env_4/Robot/Head_upper/visuals>: Unresolved reference prim path @/tmp/IsaacLab/usd_20260516_033641_4964/configuration/go2_description_physics.usd@</visuals/Head_upper> introduced by @/tmp/IsaacLab/usd_20260516_033641_4964/configuration/go2_description_base.usd@</go2_description/Head_upper/visuals> (recomposing stage on stage @anon:0x55af7a262a40:World0.usd@ <0x55af7035fce0>)

2026-05-15T19:36:42Z [18,156ms] [Warning] [omni.usd] Warning: in _ReportErrors at line 3172 of /builds/omniverse/usd-ci/USD/pxr/usd/usd/stage.cpp -- In </World/envs/env_10/Robot/FR_calf_rotor/visuals>: Unresolved reference prim path @/tmp/IsaacLab/usd_20260516_033641_4964/configuration/go2_description_physics.usd@</visuals/FR_calf_rotor> introduced by @/tmp/IsaacLab/usd_20260516_033641_4964/configuration/go2_description_base.usd@</go2_description/FR_calf_rotor/visuals> (recomposing stage on stage @anon:0x55af7a262a40:World0.usd@ <0x55af7035fce0>)

2026-05-15T19:36:42Z [18,156ms] [Warning] [omni.usd] Warning: in _ReportErrors at line 3172 of /builds/omniverse/usd-ci/USD/pxr/usd/usd/stage.cpp -- In </World/envs/env_12/Robot/Head_lower/visuals>: Unresolved reference prim path @/tmp/IsaacLab/usd_20260516_033641_4964/configuration/go2_description_physics.usd@</visuals/Head_lower> introduced by @/tmp/IsaacLab/usd_20260516_033641_4964/configuration/go2_description_base.usd@</go2_description/Head_lower/visuals> (recomposing stage on stage @anon:0x55af7a262a40:World0.usd@ <0x55af7035fce0>)

2026-05-15T19:36:42Z [18,156ms] [Warning] [omni.usd] Warning: in _ReportErrors at line 3172 of /builds/omniverse/usd-ci/USD/pxr/usd/usd/stage.cpp -- In </World/envs/env_8/Robot/Head_lower/visuals>: Unresolved reference prim path @/tmp/IsaacLab/usd_20260516_033641_4964/configuration/go2_description_physics.usd@</visuals/Head_lower> introduced by @/tmp/IsaacLab/usd_20260516_033641_4964/configuration/go2_description_base.usd@</go2_description/Head_lower/visuals> (recomposing stage on stage @anon:0x55af7a262a40:World0.usd@ <0x55af7035fce0>)

2026-05-15T19:36:42Z [18,156ms] [Warning] [omni.usd] Warning: in _ReportErrors at line 3172 of /builds/omniverse/usd-ci/USD/pxr/usd/usd/stage.cpp -- In </World/envs/env_2/Robot/Head_upper/visuals>: Unresolved reference prim path @/tmp/IsaacLab/usd_20260516_033641_4964/configuration/go2_description_physics.usd@</visuals/Head_upper> introduced by @/tmp/IsaacLab/usd_20260516_033641_4964/configuration/go2_description_base.usd@</go2_description/Head_upper/visuals> (recomposing stage on stage @anon:0x55af7a262a40:World0.usd@ <0x55af7035fce0>)

2026-05-15T19:36:42Z [18,156ms] [Warning] [omni.usd] Warning: in _ReportErrors at line 3172 of /builds/omniverse/usd-ci/USD/pxr/usd/usd/stage.cpp -- In </World/envs/env_5/Robot/FR_thigh_rotor/visuals>: Unresolved reference prim path @/tmp/IsaacLab/usd_20260516_033641_4964/configuration/go2_description_physics.usd@</visuals/FR_thigh_rotor> introduced by @/tmp/IsaacLab/usd_20260516_033641_4964/configuration/go2_description_base.usd@</go2_description/FR_thigh_rotor/visuals> (recomposing stage on stage @anon:0x55af7a262a40:World0.usd@ <0x55af7035fce0>)

2026-05-15T19:36:42Z [18,156ms] [Warning] [omni.usd] Warning: in _ReportErrors at line 3172 of /builds/omniverse/usd-ci/USD/pxr/usd/usd/stage.cpp -- In </World/envs/env_11/Robot/Head_upper/visuals>: Unresolved reference prim path @/tmp/IsaacLab/usd_20260516_033641_4964/configuration/go2_description_physics.usd@</visuals/Head_upper> introduced by @/tmp/IsaacLab/usd_20260516_033641_4964/configuration/go2_description_base.usd@</go2_description/Head_upper/visuals> (recomposing stage on stage @anon:0x55af7a262a40:World0.usd@ <0x55af7035fce0>)

2026-05-15T19:36:42Z [18,156ms] [Warning] [omni.usd] Warning: in _ReportErrors at line 3172 of /builds/omniverse/usd-ci/USD/pxr/usd/usd/stage.cpp -- In </World/envs/env_14/Robot/FR_calf_rotor/visuals>: Unresolved reference prim path @/tmp/IsaacLab/usd_20260516_033641_4964/configuration/go2_description_physics.usd@</visuals/FR_calf_rotor> introduced by @/tmp/IsaacLab/usd_20260516_033641_4964/configuration/go2_description_base.usd@</go2_description/FR_calf_rotor/visuals> (recomposing stage on stage @anon:0x55af7a262a40:World0.usd@ <0x55af7035fce0>)

2026-05-15T19:36:42Z [18,156ms] [Warning] [omni.usd] Warning: in _ReportErrors at line 3172 of /builds/omniverse/usd-ci/USD/pxr/usd/usd/stage.cpp -- In </World/envs/env_15/Robot/FR_calf_rotor/visuals>: Unresolved reference prim path @/tmp/IsaacLab/usd_20260516_033641_4964/configuration/go2_description_physics.usd@</visuals/FR_calf_rotor> introduced by @/tmp/IsaacLab/usd_20260516_033641_4964/configuration/go2_description_base.usd@</go2_description/FR_calf_rotor/visuals> (recomposing stage on stage @anon:0x55af7a262a40:World0.usd@ <0x55af7035fce0>)

2026-05-15T19:36:42Z [18,156ms] [Warning] [omni.usd] Warning: in _ReportErrors at line 3172 of /builds/omniverse/usd-ci/USD/pxr/usd/usd/stage.cpp -- In </World/envs/env_4/Robot/FR_hip_rotor/visuals>: Unresolved reference prim path @/tmp/IsaacLab/usd_20260516_033641_4964/configuration/go2_description_physics.usd@</visuals/FR_hip_rotor> introduced by @/tmp/IsaacLab/usd_20260516_033641_4964/configuration/go2_description_base.usd@</go2_description/FR_hip_rotor/visuals> (recomposing stage on stage @anon:0x55af7a262a40:World0.usd@ <0x55af7035fce0>)

2026-05-15T19:36:42Z [18,156ms] [Warning] [omni.usd] Warning: in _ReportErrors at line 3172 of /builds/omniverse/usd-ci/USD/pxr/usd/usd/stage.cpp -- In </World/envs/env_1/Robot/Head_upper/visuals>: Unresolved reference prim path @/tmp/IsaacLab/usd_20260516_033641_4964/configuration/go2_description_physics.usd@</visuals/Head_upper> introduced by @/tmp/IsaacLab/usd_20260516_033641_4964/configuration/go2_description_base.usd@</go2_description/Head_upper/visuals> (recomposing stage on stage @anon:0x55af7a262a40:World0.usd@ <0x55af7035fce0>)

2026-05-15T19:36:42Z [18,156ms] [Warning] [omni.usd] Warning: in _ReportErrors at line 3172 of /builds/omniverse/usd-ci/USD/pxr/usd/usd/stage.cpp -- In </World/envs/env_8/Robot/Head_upper/visuals>: Unresolved reference prim path @/tmp/IsaacLab/usd_20260516_033641_4964/configuration/go2_description_physics.usd@</visuals/Head_upper> introduced by @/tmp/IsaacLab/usd_20260516_033641_4964/configuration/go2_description_base.usd@</go2_description/Head_upper/visuals> (recomposing stage on stage @anon:0x55af7a262a40:World0.usd@ <0x55af7035fce0>)

2026-05-15T19:36:42Z [18,156ms] [Warning] [omni.usd] Warning: in _ReportErrors at line 3172 of /builds/omniverse/usd-ci/USD/pxr/usd/usd/stage.cpp -- In </World/envs/env_12/Robot/Head_upper/visuals>: Unresolved reference prim path @/tmp/IsaacLab/usd_20260516_033641_4964/configuration/go2_description_physics.usd@</visuals/Head_upper> introduced by @/tmp/IsaacLab/usd_20260516_033641_4964/configuration/go2_description_base.usd@</go2_description/Head_upper/visuals> (recomposing stage on stage @anon:0x55af7a262a40:World0.usd@ <0x55af7035fce0>)

2026-05-15T19:36:42Z [18,156ms] [Warning] [omni.usd] Warning: in _ReportErrors at line 3172 of /builds/omniverse/usd-ci/USD/pxr/usd/usd/stage.cpp -- In </World/envs/env_2/Robot/FR_hip_rotor/visuals>: Unresolved reference prim path @/tmp/IsaacLab/usd_20260516_033641_4964/configuration/go2_description_physics.usd@</visuals/FR_hip_rotor> introduced by @/tmp/IsaacLab/usd_20260516_033641_4964/configuration/go2_description_base.usd@</go2_description/FR_hip_rotor/visuals> (recomposing stage on stage @anon:0x55af7a262a40:World0.usd@ <0x55af7035fce0>)

2026-05-15T19:36:42Z [18,156ms] [Warning] [omni.usd] Warning: in _ReportErrors at line 3172 of /builds/omniverse/usd-ci/USD/pxr/usd/usd/stage.cpp -- In </World/envs/env_4/Robot/FR_thigh_rotor/visuals>: Unresolved reference prim path @/tmp/IsaacLab/usd_20260516_033641_4964/configuration/go2_description_physics.usd@</visuals/FR_thigh_rotor> introduced by @/tmp/IsaacLab/usd_20260516_033641_4964/configuration/go2_description_base.usd@</go2_description/FR_thigh_rotor/visuals> (recomposing stage on stage @anon:0x55af7a262a40:World0.usd@ <0x55af7035fce0>)

2026-05-15T19:36:42Z [18,156ms] [Warning] [omni.usd] Warning: in _ReportErrors at line 3172 of /builds/omniverse/usd-ci/USD/pxr/usd/usd/stage.cpp -- In </World/envs/env_9/Robot/Head_lower/visuals>: Unresolved reference prim path @/tmp/IsaacLab/usd_20260516_033641_4964/configuration/go2_description_physics.usd@</visuals/Head_lower> introduced by @/tmp/IsaacLab/usd_20260516_033641_4964/configuration/go2_description_base.usd@</go2_description/Head_lower/visuals> (recomposing stage on stage @anon:0x55af7a262a40:World0.usd@ <0x55af7035fce0>)

2026-05-15T19:36:42Z [18,156ms] [Warning] [omni.usd] Warning: in _ReportErrors at line 3172 of /builds/omniverse/usd-ci/USD/pxr/usd/usd/stage.cpp -- In </World/envs/env_1/Robot/FR_hip_rotor/visuals>: Unresolved reference prim path @/tmp/IsaacLab/usd_20260516_033641_4964/configuration/go2_description_physics.usd@</visuals/FR_hip_rotor> introduced by @/tmp/IsaacLab/usd_20260516_033641_4964/configuration/go2_description_base.usd@</go2_description/FR_hip_rotor/visuals> (recomposing stage on stage @anon:0x55af7a262a40:World0.usd@ <0x55af7035fce0>)

2026-05-15T19:36:42Z [18,156ms] [Warning] [omni.usd] Warning: in _ReportErrors at line 3172 of /builds/omniverse/usd-ci/USD/pxr/usd/usd/stage.cpp -- In </World/envs/env_8/Robot/FR_hip_rotor/visuals>: Unresolved reference prim path @/tmp/IsaacLab/usd_20260516_033641_4964/configuration/go2_description_physics.usd@</visuals/FR_hip_rotor> introduced by @/tmp/IsaacLab/usd_20260516_033641_4964/configuration/go2_description_base.usd@</go2_description/FR_hip_rotor/visuals> (recomposing stage on stage @anon:0x55af7a262a40:World0.usd@ <0x55af7035fce0>)

2026-05-15T19:36:42Z [18,156ms] [Warning] [omni.usd] Warning: in _ReportErrors at line 3172 of /builds/omniverse/usd-ci/USD/pxr/usd/usd/stage.cpp -- In </World/envs/env_5/Robot/FR_calf_rotor/visuals>: Unresolved reference prim path @/tmp/IsaacLab/usd_20260516_033641_4964/configuration/go2_description_physics.usd@</visuals/FR_calf_rotor> introduced by @/tmp/IsaacLab/usd_20260516_033641_4964/configuration/go2_description_base.usd@</go2_description/FR_calf_rotor/visuals> (recomposing stage on stage @anon:0x55af7a262a40:World0.usd@ <0x55af7035fce0>)

2026-05-15T19:36:42Z [18,156ms] [Warning] [omni.usd] Warning: in _ReportErrors at line 3172 of /builds/omniverse/usd-ci/USD/pxr/usd/usd/stage.cpp -- In </World/envs/env_13/Robot/Head_lower/visuals>: Unresolved reference prim path @/tmp/IsaacLab/usd_20260516_033641_4964/configuration/go2_description_physics.usd@</visuals/Head_lower> introduced by @/tmp/IsaacLab/usd_20260516_033641_4964/configuration/go2_description_base.usd@</go2_description/Head_lower/visuals> (recomposing stage on stage @anon:0x55af7a262a40:World0.usd@ <0x55af7035fce0>)

2026-05-15T19:36:42Z [18,156ms] [Warning] [omni.usd] Warning: in _ReportErrors at line 3172 of /builds/omniverse/usd-ci/USD/pxr/usd/usd/stage.cpp -- In </World/envs/env_2/Robot/FR_thigh_rotor/visuals>: Unresolved reference prim path @/tmp/IsaacLab/usd_20260516_033641_4964/configuration/go2_description_physics.usd@</visuals/FR_thigh_rotor> introduced by @/tmp/IsaacLab/usd_20260516_033641_4964/configuration/go2_description_base.usd@</go2_description/FR_thigh_rotor/visuals> (recomposing stage on stage @anon:0x55af7a262a40:World0.usd@ <0x55af7035fce0>)

2026-05-15T19:36:42Z [18,156ms] [Warning] [omni.usd] Warning: in _ReportErrors at line 3172 of /builds/omniverse/usd-ci/USD/pxr/usd/usd/stage.cpp -- In </World/envs/env_11/Robot/FR_hip_rotor/visuals>: Unresolved reference prim path @/tmp/IsaacLab/usd_20260516_033641_4964/configuration/go2_description_physics.usd@</visuals/FR_hip_rotor> introduced by @/tmp/IsaacLab/usd_20260516_033641_4964/configuration/go2_description_base.usd@</go2_description/FR_hip_rotor/visuals> (recomposing stage on stage @anon:0x55af7a262a40:World0.usd@ <0x55af7035fce0>)

2026-05-15T19:36:42Z [18,156ms] [Warning] [omni.usd] Warning: in _ReportErrors at line 3172 of /builds/omniverse/usd-ci/USD/pxr/usd/usd/stage.cpp -- In </World/envs/env_12/Robot/FR_hip_rotor/visuals>: Unresolved reference prim path @/tmp/IsaacLab/usd_20260516_033641_4964/configuration/go2_description_physics.usd@</visuals/FR_hip_rotor> introduced by @/tmp/IsaacLab/usd_20260516_033641_4964/configuration/go2_description_base.usd@</go2_description/FR_hip_rotor/visuals> (recomposing stage on stage @anon:0x55af7a262a40:World0.usd@ <0x55af7035fce0>)

2026-05-15T19:36:42Z [18,156ms] [Warning] [omni.usd] Warning: in _ReportErrors at line 3172 of /builds/omniverse/usd-ci/USD/pxr/usd/usd/stage.cpp -- In </World/envs/env_1/Robot/FR_thigh_rotor/visuals>: Unresolved reference prim path @/tmp/IsaacLab/usd_20260516_033641_4964/configuration/go2_description_physics.usd@</visuals/FR_thigh_rotor> introduced by @/tmp/IsaacLab/usd_20260516_033641_4964/configuration/go2_description_base.usd@</go2_description/FR_thigh_rotor/visuals> (recomposing stage on stage @anon:0x55af7a262a40:World0.usd@ <0x55af7035fce0>)

2026-05-15T19:36:42Z [18,156ms] [Warning] [omni.usd] Warning: in _ReportErrors at line 3172 of /builds/omniverse/usd-ci/USD/pxr/usd/usd/stage.cpp -- In </World/envs/env_8/Robot/FR_thigh_rotor/visuals>: Unresolved reference prim path @/tmp/IsaacLab/usd_20260516_033641_4964/configuration/go2_description_physics.usd@</visuals/FR_thigh_rotor> introduced by @/tmp/IsaacLab/usd_20260516_033641_4964/configuration/go2_description_base.usd@</go2_description/FR_thigh_rotor/visuals> (recomposing stage on stage @anon:0x55af7a262a40:World0.usd@ <0x55af7035fce0>)

2026-05-15T19:36:42Z [18,156ms] [Warning] [omni.usd] Warning: in _ReportErrors at line 3172 of /builds/omniverse/usd-ci/USD/pxr/usd/usd/stage.cpp -- In </World/envs/env_3/Robot/Head_lower/visuals>: Unresolved reference prim path @/tmp/IsaacLab/usd_20260516_033641_4964/configuration/go2_description_physics.usd@</visuals/Head_lower> introduced by @/tmp/IsaacLab/usd_20260516_033641_4964/configuration/go2_description_base.usd@</go2_description/Head_lower/visuals> (recomposing stage on stage @anon:0x55af7a262a40:World0.usd@ <0x55af7035fce0>)

2026-05-15T19:36:42Z [18,156ms] [Warning] [omni.usd] Warning: in _ReportErrors at line 3172 of /builds/omniverse/usd-ci/USD/pxr/usd/usd/stage.cpp -- In </World/envs/env_9/Robot/Head_upper/visuals>: Unresolved reference prim path @/tmp/IsaacLab/usd_20260516_033641_4964/configuration/go2_description_physics.usd@</visuals/Head_upper> introduced by @/tmp/IsaacLab/usd_20260516_033641_4964/configuration/go2_description_base.usd@</go2_description/Head_upper/visuals> (recomposing stage on stage @anon:0x55af7a262a40:World0.usd@ <0x55af7035fce0>)

2026-05-15T19:36:42Z [18,156ms] [Warning] [omni.usd] Warning: in _ReportErrors at line 3172 of /builds/omniverse/usd-ci/USD/pxr/usd/usd/stage.cpp -- In </World/envs/env_12/Robot/FR_thigh_rotor/visuals>: Unresolved reference prim path @/tmp/IsaacLab/usd_20260516_033641_4964/configuration/go2_description_physics.usd@</visuals/FR_thigh_rotor> introduced by @/tmp/IsaacLab/usd_20260516_033641_4964/configuration/go2_description_base.usd@</go2_description/FR_thigh_rotor/visuals> (recomposing stage on stage @anon:0x55af7a262a40:World0.usd@ <0x55af7035fce0>)

2026-05-15T19:36:42Z [18,156ms] [Warning] [omni.usd] Warning: in _ReportErrors at line 3172 of /builds/omniverse/usd-ci/USD/pxr/usd/usd/stage.cpp -- In </World/envs/env_13/Robot/Head_upper/visuals>: Unresolved reference prim path @/tmp/IsaacLab/usd_20260516_033641_4964/configuration/go2_description_physics.usd@</visuals/Head_upper> introduced by @/tmp/IsaacLab/usd_20260516_033641_4964/configuration/go2_description_base.usd@</go2_description/Head_upper/visuals> (recomposing stage on stage @anon:0x55af7a262a40:World0.usd@ <0x55af7035fce0>)

2026-05-15T19:36:42Z [18,156ms] [Warning] [omni.usd] Warning: in _ReportErrors at line 3172 of /builds/omniverse/usd-ci/USD/pxr/usd/usd/stage.cpp -- In </World/envs/env_4/Robot/FR_calf_rotor/visuals>: Unresolved reference prim path @/tmp/IsaacLab/usd_20260516_033641_4964/configuration/go2_description_physics.usd@</visuals/FR_calf_rotor> introduced by @/tmp/IsaacLab/usd_20260516_033641_4964/configuration/go2_description_base.usd@</go2_description/FR_calf_rotor/visuals> (recomposing stage on stage @anon:0x55af7a262a40:World0.usd@ <0x55af7035fce0>)

2026-05-15T19:36:42Z [18,156ms] [Warning] [omni.usd] Warning: in _ReportErrors at line 3172 of /builds/omniverse/usd-ci/USD/pxr/usd/usd/stage.cpp -- In </World/envs/env_2/Robot/FR_calf_rotor/visuals>: Unresolved reference prim path @/tmp/IsaacLab/usd_20260516_033641_4964/configuration/go2_description_physics.usd@</visuals/FR_calf_rotor> introduced by @/tmp/IsaacLab/usd_20260516_033641_4964/configuration/go2_description_base.usd@</go2_description/FR_calf_rotor/visuals> (recomposing stage on stage @anon:0x55af7a262a40:World0.usd@ <0x55af7035fce0>)

2026-05-15T19:36:42Z [18,156ms] [Warning] [omni.usd] Warning: in _ReportErrors at line 3172 of /builds/omniverse/usd-ci/USD/pxr/usd/usd/stage.cpp -- In </World/envs/env_6/Robot/Head_lower/visuals>: Unresolved reference prim path @/tmp/IsaacLab/usd_20260516_033641_4964/configuration/go2_description_physics.usd@</visuals/Head_lower> introduced by @/tmp/IsaacLab/usd_20260516_033641_4964/configuration/go2_description_base.usd@</go2_description/Head_lower/visuals> (recomposing stage on stage @anon:0x55af7a262a40:World0.usd@ <0x55af7035fce0>)

2026-05-15T19:36:42Z [18,156ms] [Warning] [omni.usd] Warning: in _ReportErrors at line 3172 of /builds/omniverse/usd-ci/USD/pxr/usd/usd/stage.cpp -- In </World/envs/env_8/Robot/FR_calf_rotor/visuals>: Unresolved reference prim path @/tmp/IsaacLab/usd_20260516_033641_4964/configuration/go2_description_physics.usd@</visuals/FR_calf_rotor> introduced by @/tmp/IsaacLab/usd_20260516_033641_4964/configuration/go2_description_base.usd@</go2_description/FR_calf_rotor/visuals> (recomposing stage on stage @anon:0x55af7a262a40:World0.usd@ <0x55af7035fce0>)

2026-05-15T19:36:42Z [18,156ms] [Warning] [omni.usd] Warning: in _ReportErrors at line 3172 of /builds/omniverse/usd-ci/USD/pxr/usd/usd/stage.cpp -- In </World/envs/env_11/Robot/FR_thigh_rotor/visuals>: Unresolved reference prim path @/tmp/IsaacLab/usd_20260516_033641_4964/configuration/go2_description_physics.usd@</visuals/FR_thigh_rotor> introduced by @/tmp/IsaacLab/usd_20260516_033641_4964/configuration/go2_description_base.usd@</go2_description/FR_thigh_rotor/visuals> (recomposing stage on stage @anon:0x55af7a262a40:World0.usd@ <0x55af7035fce0>)

2026-05-15T19:36:42Z [18,156ms] [Warning] [omni.usd] Warning: in _ReportErrors at line 3172 of /builds/omniverse/usd-ci/USD/pxr/usd/usd/stage.cpp -- In </World/envs/env_12/Robot/FR_calf_rotor/visuals>: Unresolved reference prim path @/tmp/IsaacLab/usd_20260516_033641_4964/configuration/go2_description_physics.usd@</visuals/FR_calf_rotor> introduced by @/tmp/IsaacLab/usd_20260516_033641_4964/configuration/go2_description_base.usd@</go2_description/FR_calf_rotor/visuals> (recomposing stage on stage @anon:0x55af7a262a40:World0.usd@ <0x55af7035fce0>)

2026-05-15T19:36:42Z [18,156ms] [Warning] [omni.usd] Warning: in _ReportErrors at line 3172 of /builds/omniverse/usd-ci/USD/pxr/usd/usd/stage.cpp -- In </World/envs/env_3/Robot/Head_upper/visuals>: Unresolved reference prim path @/tmp/IsaacLab/usd_20260516_033641_4964/configuration/go2_description_physics.usd@</visuals/Head_upper> introduced by @/tmp/IsaacLab/usd_20260516_033641_4964/configuration/go2_description_base.usd@</go2_description/Head_upper/visuals> (recomposing stage on stage @anon:0x55af7a262a40:World0.usd@ <0x55af7035fce0>)

2026-05-15T19:36:42Z [18,156ms] [Warning] [omni.usd] Warning: in _ReportErrors at line 3172 of /builds/omniverse/usd-ci/USD/pxr/usd/usd/stage.cpp -- In </World/envs/env_9/Robot/FR_hip_rotor/visuals>: Unresolved reference prim path @/tmp/IsaacLab/usd_20260516_033641_4964/configuration/go2_description_physics.usd@</visuals/FR_hip_rotor> introduced by @/tmp/IsaacLab/usd_20260516_033641_4964/configuration/go2_description_base.usd@</go2_description/FR_hip_rotor/visuals> (recomposing stage on stage @anon:0x55af7a262a40:World0.usd@ <0x55af7035fce0>)

2026-05-15T19:36:42Z [18,156ms] [Warning] [omni.usd] Warning: in _ReportErrors at line 3172 of /builds/omniverse/usd-ci/USD/pxr/usd/usd/stage.cpp -- In </World/envs/env_13/Robot/FR_hip_rotor/visuals>: Unresolved reference prim path @/tmp/IsaacLab/usd_20260516_033641_4964/configuration/go2_description_physics.usd@</visuals/FR_hip_rotor> introduced by @/tmp/IsaacLab/usd_20260516_033641_4964/configuration/go2_description_base.usd@</go2_description/FR_hip_rotor/visuals> (recomposing stage on stage @anon:0x55af7a262a40:World0.usd@ <0x55af7035fce0>)

2026-05-15T19:36:42Z [18,156ms] [Warning] [omni.usd] Warning: in _ReportErrors at line 3172 of /builds/omniverse/usd-ci/USD/pxr/usd/usd/stage.cpp -- In </World/envs/env_1/Robot/FR_calf_rotor/visuals>: Unresolved reference prim path @/tmp/IsaacLab/usd_20260516_033641_4964/configuration/go2_description_physics.usd@</visuals/FR_calf_rotor> introduced by @/tmp/IsaacLab/usd_20260516_033641_4964/configuration/go2_description_base.usd@</go2_description/FR_calf_rotor/visuals> (recomposing stage on stage @anon:0x55af7a262a40:World0.usd@ <0x55af7035fce0>)

2026-05-15T19:36:42Z [18,156ms] [Warning] [omni.usd] Warning: in _ReportErrors at line 3172 of /builds/omniverse/usd-ci/USD/pxr/usd/usd/stage.cpp -- In </World/envs/env_6/Robot/Head_upper/visuals>: Unresolved reference prim path @/tmp/IsaacLab/usd_20260516_033641_4964/configuration/go2_description_physics.usd@</visuals/Head_upper> introduced by @/tmp/IsaacLab/usd_20260516_033641_4964/configuration/go2_description_base.usd@</go2_description/Head_upper/visuals> (recomposing stage on stage @anon:0x55af7a262a40:World0.usd@ <0x55af7035fce0>)

2026-05-15T19:36:42Z [18,156ms] [Warning] [omni.usd] Warning: in _ReportErrors at line 3172 of /builds/omniverse/usd-ci/USD/pxr/usd/usd/stage.cpp -- In </World/envs/env_7/Robot/FL_hip_rotor/visuals>: Unresolved reference prim path @/tmp/IsaacLab/usd_20260516_033641_4964/configuration/go2_description_physics.usd@</visuals/FL_hip_rotor> introduced by @/tmp/IsaacLab/usd_20260516_033641_4964/configuration/go2_description_base.usd@</go2_description/FL_hip_rotor/visuals> (recomposing stage on stage @anon:0x55af7a262a40:World0.usd@ <0x55af7035fce0>)

2026-05-15T19:36:42Z [18,156ms] [Warning] [omni.usd] Warning: in _ReportErrors at line 3172 of /builds/omniverse/usd-ci/USD/pxr/usd/usd/stage.cpp -- In </World/envs/env_11/Robot/FR_calf_rotor/visuals>: Unresolved reference prim path @/tmp/IsaacLab/usd_20260516_033641_4964/configuration/go2_description_physics.usd@</visuals/FR_calf_rotor> introduced by @/tmp/IsaacLab/usd_20260516_033641_4964/configuration/go2_description_base.usd@</go2_description/FR_calf_rotor/visuals> (recomposing stage on stage @anon:0x55af7a262a40:World0.usd@ <0x55af7035fce0>)

2026-05-15T19:36:42Z [18,156ms] [Warning] [omni.usd] Warning: in _ReportErrors at line 3172 of /builds/omniverse/usd-ci/USD/pxr/usd/usd/stage.cpp -- In </World/envs/env_3/Robot/FR_hip_rotor/visuals>: Unresolved reference prim path @/tmp/IsaacLab/usd_20260516_033641_4964/configuration/go2_description_physics.usd@</visuals/FR_hip_rotor> introduced by @/tmp/IsaacLab/usd_20260516_033641_4964/configuration/go2_description_base.usd@</go2_description/FR_hip_rotor/visuals> (recomposing stage on stage @anon:0x55af7a262a40:World0.usd@ <0x55af7035fce0>)

2026-05-15T19:36:42Z [18,156ms] [Warning] [omni.usd] Warning: in _ReportErrors at line 3172 of /builds/omniverse/usd-ci/USD/pxr/usd/usd/stage.cpp -- In </World/envs/env_9/Robot/FR_thigh_rotor/visuals>: Unresolved reference prim path @/tmp/IsaacLab/usd_20260516_033641_4964/configuration/go2_description_physics.usd@</visuals/FR_thigh_rotor> introduced by @/tmp/IsaacLab/usd_20260516_033641_4964/configuration/go2_description_base.usd@</go2_description/FR_thigh_rotor/visuals> (recomposing stage on stage @anon:0x55af7a262a40:World0.usd@ <0x55af7035fce0>)

2026-05-15T19:36:42Z [18,156ms] [Warning] [omni.usd] Warning: in _ReportErrors at line 3172 of /builds/omniverse/usd-ci/USD/pxr/usd/usd/stage.cpp -- In </World/envs/env_13/Robot/FR_thigh_rotor/visuals>: Unresolved reference prim path @/tmp/IsaacLab/usd_20260516_033641_4964/configuration/go2_description_physics.usd@</visuals/FR_thigh_rotor> introduced by @/tmp/IsaacLab/usd_20260516_033641_4964/configuration/go2_description_base.usd@</go2_description/FR_thigh_rotor/visuals> (recomposing stage on stage @anon:0x55af7a262a40:World0.usd@ <0x55af7035fce0>)

2026-05-15T19:36:42Z [18,156ms] [Warning] [omni.usd] Warning: in _ReportErrors at line 3172 of /builds/omniverse/usd-ci/USD/pxr/usd/usd/stage.cpp -- In </World/envs/env_7/Robot/FL_thigh_rotor/visuals>: Unresolved reference prim path @/tmp/IsaacLab/usd_20260516_033641_4964/configuration/go2_description_physics.usd@</visuals/FL_thigh_rotor> introduced by @/tmp/IsaacLab/usd_20260516_033641_4964/configuration/go2_description_base.usd@</go2_description/FL_thigh_rotor/visuals> (recomposing stage on stage @anon:0x55af7a262a40:World0.usd@ <0x55af7035fce0>)

2026-05-15T19:36:42Z [18,156ms] [Warning] [omni.usd] Warning: in _ReportErrors at line 3172 of /builds/omniverse/usd-ci/USD/pxr/usd/usd/stage.cpp -- In </World/envs/env_6/Robot/FR_hip_rotor/visuals>: Unresolved reference prim path @/tmp/IsaacLab/usd_20260516_033641_4964/configuration/go2_description_physics.usd@</visuals/FR_hip_rotor> introduced by @/tmp/IsaacLab/usd_20260516_033641_4964/configuration/go2_description_base.usd@</go2_description/FR_hip_rotor/visuals> (recomposing stage on stage @anon:0x55af7a262a40:World0.usd@ <0x55af7035fce0>)

2026-05-15T19:36:42Z [18,156ms] [Warning] [omni.usd] Warning: in _ReportErrors at line 3172 of /builds/omniverse/usd-ci/USD/pxr/usd/usd/stage.cpp -- In </World/envs/env_10/Robot/FL_thigh_rotor/visuals>: Unresolved reference prim path @/tmp/IsaacLab/usd_20260516_033641_4964/configuration/go2_description_physics.usd@</visuals/FL_thigh_rotor> introduced by @/tmp/IsaacLab/usd_20260516_033641_4964/configuration/go2_description_base.usd@</go2_description/FL_thigh_rotor/visuals> (recomposing stage on stage @anon:0x55af7a262a40:World0.usd@ <0x55af7035fce0>)

2026-05-15T19:36:42Z [18,156ms] [Warning] [omni.usd] Warning: in _ReportErrors at line 3172 of /builds/omniverse/usd-ci/USD/pxr/usd/usd/stage.cpp -- In </World/envs/env_7/Robot/FL_calf_rotor/visuals>: Unresolved reference prim path @/tmp/IsaacLab/usd_20260516_033641_4964/configuration/go2_description_physics.usd@</visuals/FL_calf_rotor> introduced by @/tmp/IsaacLab/usd_20260516_033641_4964/configuration/go2_description_base.usd@</go2_description/FL_calf_rotor/visuals> (recomposing stage on stage @anon:0x55af7a262a40:World0.usd@ <0x55af7035fce0>)

2026-05-15T19:36:42Z [18,156ms] [Warning] [omni.usd] Warning: in _ReportErrors at line 3172 of /builds/omniverse/usd-ci/USD/pxr/usd/usd/stage.cpp -- In </World/envs/env_6/Robot/FR_thigh_rotor/visuals>: Unresolved reference prim path @/tmp/IsaacLab/usd_20260516_033641_4964/configuration/go2_description_physics.usd@</visuals/FR_thigh_rotor> introduced by @/tmp/IsaacLab/usd_20260516_033641_4964/configuration/go2_description_base.usd@</go2_description/FR_thigh_rotor/visuals> (recomposing stage on stage @anon:0x55af7a262a40:World0.usd@ <0x55af7035fce0>)

2026-05-15T19:36:42Z [18,156ms] [Warning] [omni.usd] Warning: in _ReportErrors at line 3172 of /builds/omniverse/usd-ci/USD/pxr/usd/usd/stage.cpp -- In </World/envs/env_13/Robot/FR_calf_rotor/visuals>: Unresolved reference prim path @/tmp/IsaacLab/usd_20260516_033641_4964/configuration/go2_description_physics.usd@</visuals/FR_calf_rotor> introduced by @/tmp/IsaacLab/usd_20260516_033641_4964/configuration/go2_description_base.usd@</go2_description/FR_calf_rotor/visuals> (recomposing stage on stage @anon:0x55af7a262a40:World0.usd@ <0x55af7035fce0>)

2026-05-15T19:36:42Z [18,156ms] [Warning] [omni.usd] Warning: in _ReportErrors at line 3172 of /builds/omniverse/usd-ci/USD/pxr/usd/usd/stage.cpp -- In </World/envs/env_3/Robot/FR_thigh_rotor/visuals>: Unresolved reference prim path @/tmp/IsaacLab/usd_20260516_033641_4964/configuration/go2_description_physics.usd@</visuals/FR_thigh_rotor> introduced by @/tmp/IsaacLab/usd_20260516_033641_4964/configuration/go2_description_base.usd@</go2_description/FR_thigh_rotor/visuals> (recomposing stage on stage @anon:0x55af7a262a40:World0.usd@ <0x55af7035fce0>)

2026-05-15T19:36:42Z [18,156ms] [Warning] [omni.usd] Warning: in _ReportErrors at line 3172 of /builds/omniverse/usd-ci/USD/pxr/usd/usd/stage.cpp -- In </World/envs/env_9/Robot/FR_calf_rotor/visuals>: Unresolved reference prim path @/tmp/IsaacLab/usd_20260516_033641_4964/configuration/go2_description_physics.usd@</visuals/FR_calf_rotor> introduced by @/tmp/IsaacLab/usd_20260516_033641_4964/configuration/go2_description_base.usd@</go2_description/FR_calf_rotor/visuals> (recomposing stage on stage @anon:0x55af7a262a40:World0.usd@ <0x55af7035fce0>)

2026-05-15T19:36:42Z [18,156ms] [Warning] [omni.usd] Warning: in _ReportErrors at line 3172 of /builds/omniverse/usd-ci/USD/pxr/usd/usd/stage.cpp -- In </World/envs/env_10/Robot/FL_hip_rotor/visuals>: Unresolved reference prim path @/tmp/IsaacLab/usd_20260516_033641_4964/configuration/go2_description_physics.usd@</visuals/FL_hip_rotor> introduced by @/tmp/IsaacLab/usd_20260516_033641_4964/configuration/go2_description_base.usd@</go2_description/FL_hip_rotor/visuals> (recomposing stage on stage @anon:0x55af7a262a40:World0.usd@ <0x55af7035fce0>)

2026-05-15T19:36:42Z [18,156ms] [Warning] [omni.usd] Warning: in _ReportErrors at line 3172 of /builds/omniverse/usd-ci/USD/pxr/usd/usd/stage.cpp -- In </World/envs/env_15/Robot/FL_hip_rotor/visuals>: Unresolved reference prim path @/tmp/IsaacLab/usd_20260516_033641_4964/configuration/go2_description_physics.usd@</visuals/FL_hip_rotor> introduced by @/tmp/IsaacLab/usd_20260516_033641_4964/configuration/go2_description_base.usd@</go2_description/FL_hip_rotor/visuals> (recomposing stage on stage @anon:0x55af7a262a40:World0.usd@ <0x55af7035fce0>)

2026-05-15T19:36:42Z [18,156ms] [Warning] [omni.usd] Warning: in _ReportErrors at line 3172 of /builds/omniverse/usd-ci/USD/pxr/usd/usd/stage.cpp -- In </World/envs/env_9/Robot/FL_calf_rotor/visuals>: Unresolved reference prim path @/tmp/IsaacLab/usd_20260516_033641_4964/configuration/go2_description_physics.usd@</visuals/FL_calf_rotor> introduced by @/tmp/IsaacLab/usd_20260516_033641_4964/configuration/go2_description_base.usd@</go2_description/FL_calf_rotor/visuals> (recomposing stage on stage @anon:0x55af7a262a40:World0.usd@ <0x55af7035fce0>)

2026-05-15T19:36:42Z [18,156ms] [Warning] [omni.usd] Warning: in _ReportErrors at line 3172 of /builds/omniverse/usd-ci/USD/pxr/usd/usd/stage.cpp -- In </World/envs/env_15/Robot/FL_thigh_rotor/visuals>: Unresolved reference prim path @/tmp/IsaacLab/usd_20260516_033641_4964/configuration/go2_description_physics.usd@</visuals/FL_thigh_rotor> introduced by @/tmp/IsaacLab/usd_20260516_033641_4964/configuration/go2_description_base.usd@</go2_description/FL_thigh_rotor/visuals> (recomposing stage on stage @anon:0x55af7a262a40:World0.usd@ <0x55af7035fce0>)

2026-05-15T19:36:42Z [18,156ms] [Warning] [omni.usd] Warning: in _ReportErrors at line 3172 of /builds/omniverse/usd-ci/USD/pxr/usd/usd/stage.cpp -- In </World/envs/env_5/Robot/FL_hip_rotor/visuals>: Unresolved reference prim path @/tmp/IsaacLab/usd_20260516_033641_4964/configuration/go2_description_physics.usd@</visuals/FL_hip_rotor> introduced by @/tmp/IsaacLab/usd_20260516_033641_4964/configuration/go2_description_base.usd@</go2_description/FL_hip_rotor/visuals> (recomposing stage on stage @anon:0x55af7a262a40:World0.usd@ <0x55af7035fce0>)

2026-05-15T19:36:42Z [18,156ms] [Warning] [omni.usd] Warning: in _ReportErrors at line 3172 of /builds/omniverse/usd-ci/USD/pxr/usd/usd/stage.cpp -- In </World/envs/env_6/Robot/FR_calf_rotor/visuals>: Unresolved reference prim path @/tmp/IsaacLab/usd_20260516_033641_4964/configuration/go2_description_physics.usd@</visuals/FR_calf_rotor> introduced by @/tmp/IsaacLab/usd_20260516_033641_4964/configuration/go2_description_base.usd@</go2_description/FR_calf_rotor/visuals> (recomposing stage on stage @anon:0x55af7a262a40:World0.usd@ <0x55af7035fce0>)

2026-05-15T19:36:42Z [18,156ms] [Warning] [omni.usd] Warning: in _ReportErrors at line 3172 of /builds/omniverse/usd-ci/USD/pxr/usd/usd/stage.cpp -- In </World/envs/env_3/Robot/FR_calf_rotor/visuals>: Unresolved reference prim path @/tmp/IsaacLab/usd_20260516_033641_4964/configuration/go2_description_physics.usd@</visuals/FR_calf_rotor> introduced by @/tmp/IsaacLab/usd_20260516_033641_4964/configuration/go2_description_base.usd@</go2_description/FR_calf_rotor/visuals> (recomposing stage on stage @anon:0x55af7a262a40:World0.usd@ <0x55af7035fce0>)

2026-05-15T19:36:42Z [18,156ms] [Warning] [omni.usd] Warning: in _ReportErrors at line 3172 of /builds/omniverse/usd-ci/USD/pxr/usd/usd/stage.cpp -- In </World/envs/env_8/Robot/FL_calf_rotor/visuals>: Unresolved reference prim path @/tmp/IsaacLab/usd_20260516_033641_4964/configuration/go2_description_physics.usd@</visuals/FL_calf_rotor> introduced by @/tmp/IsaacLab/usd_20260516_033641_4964/configuration/go2_description_base.usd@</go2_description/FL_calf_rotor/visuals> (recomposing stage on stage @anon:0x55af7a262a40:World0.usd@ <0x55af7035fce0>)

2026-05-15T19:36:42Z [18,156ms] [Warning] [omni.usd] Warning: in _ReportErrors at line 3172 of /builds/omniverse/usd-ci/USD/pxr/usd/usd/stage.cpp -- In </World/envs/env_15/Robot/FL_calf_rotor/visuals>: Unresolved reference prim path @/tmp/IsaacLab/usd_20260516_033641_4964/configuration/go2_description_physics.usd@</visuals/FL_calf_rotor> introduced by @/tmp/IsaacLab/usd_20260516_033641_4964/configuration/go2_description_base.usd@</go2_description/FL_calf_rotor/visuals> (recomposing stage on stage @anon:0x55af7a262a40:World0.usd@ <0x55af7035fce0>)

2026-05-15T19:36:42Z [18,156ms] [Warning] [omni.usd] Warning: in _ReportErrors at line 3172 of /builds/omniverse/usd-ci/USD/pxr/usd/usd/stage.cpp -- In </World/envs/env_14/Robot/FL_hip_rotor/visuals>: Unresolved reference prim path @/tmp/IsaacLab/usd_20260516_033641_4964/configuration/go2_description_physics.usd@</visuals/FL_hip_rotor> introduced by @/tmp/IsaacLab/usd_20260516_033641_4964/configuration/go2_description_base.usd@</go2_description/FL_hip_rotor/visuals> (recomposing stage on stage @anon:0x55af7a262a40:World0.usd@ <0x55af7035fce0>)

2026-05-15T19:36:42Z [18,156ms] [Warning] [omni.usd] Warning: in _ReportErrors at line 3172 of /builds/omniverse/usd-ci/USD/pxr/usd/usd/stage.cpp -- In </World/envs/env_2/Robot/FL_hip_rotor/visuals>: Unresolved reference prim path @/tmp/IsaacLab/usd_20260516_033641_4964/configuration/go2_description_physics.usd@</visuals/FL_hip_rotor> introduced by @/tmp/IsaacLab/usd_20260516_033641_4964/configuration/go2_description_base.usd@</go2_description/FL_hip_rotor/visuals> (recomposing stage on stage @anon:0x55af7a262a40:World0.usd@ <0x55af7035fce0>)

2026-05-15T19:36:42Z [18,156ms] [Warning] [omni.usd] Warning: in _ReportErrors at line 3172 of /builds/omniverse/usd-ci/USD/pxr/usd/usd/stage.cpp -- In </World/envs/env_8/Robot/FL_hip_rotor/visuals>: Unresolved reference prim path @/tmp/IsaacLab/usd_20260516_033641_4964/configuration/go2_description_physics.usd@</visuals/FL_hip_rotor> introduced by @/tmp/IsaacLab/usd_20260516_033641_4964/configuration/go2_description_base.usd@</go2_description/FL_hip_rotor/visuals> (recomposing stage on stage @anon:0x55af7a262a40:World0.usd@ <0x55af7035fce0>)

2026-05-15T19:36:42Z [18,156ms] [Warning] [omni.usd] Warning: in _ReportErrors at line 3172 of /builds/omniverse/usd-ci/USD/pxr/usd/usd/stage.cpp -- In </World/envs/env_3/Robot/FL_calf_rotor/visuals>: Unresolved reference prim path @/tmp/IsaacLab/usd_20260516_033641_4964/configuration/go2_description_physics.usd@</visuals/FL_calf_rotor> introduced by @/tmp/IsaacLab/usd_20260516_033641_4964/configuration/go2_description_base.usd@</go2_description/FL_calf_rotor/visuals> (recomposing stage on stage @anon:0x55af7a262a40:World0.usd@ <0x55af7035fce0>)

2026-05-15T19:36:42Z [18,156ms] [Warning] [omni.usd] Warning: in _ReportErrors at line 3172 of /builds/omniverse/usd-ci/USD/pxr/usd/usd/stage.cpp -- In </World/envs/env_5/Robot/FL_thigh_rotor/visuals>: Unresolved reference prim path @/tmp/IsaacLab/usd_20260516_033641_4964/configuration/go2_description_physics.usd@</visuals/FL_thigh_rotor> introduced by @/tmp/IsaacLab/usd_20260516_033641_4964/configuration/go2_description_base.usd@</go2_description/FL_thigh_rotor/visuals> (recomposing stage on stage @anon:0x55af7a262a40:World0.usd@ <0x55af7035fce0>)

2026-05-15T19:36:42Z [18,156ms] [Warning] [omni.usd] Warning: in _ReportErrors at line 3172 of /builds/omniverse/usd-ci/USD/pxr/usd/usd/stage.cpp -- In </World/envs/env_4/Robot/FL_hip_rotor/visuals>: Unresolved reference prim path @/tmp/IsaacLab/usd_20260516_033641_4964/configuration/go2_description_physics.usd@</visuals/FL_hip_rotor> introduced by @/tmp/IsaacLab/usd_20260516_033641_4964/configuration/go2_description_base.usd@</go2_description/FL_hip_rotor/visuals> (recomposing stage on stage @anon:0x55af7a262a40:World0.usd@ <0x55af7035fce0>)

2026-05-15T19:36:42Z [18,156ms] [Warning] [omni.usd] Warning: in _ReportErrors at line 3172 of /builds/omniverse/usd-ci/USD/pxr/usd/usd/stage.cpp -- In </World/envs/env_8/Robot/FL_thigh_rotor/visuals>: Unresolved reference prim path @/tmp/IsaacLab/usd_20260516_033641_4964/configuration/go2_description_physics.usd@</visuals/FL_thigh_rotor> introduced by @/tmp/IsaacLab/usd_20260516_033641_4964/configuration/go2_description_base.usd@</go2_description/FL_thigh_rotor/visuals> (recomposing stage on stage @anon:0x55af7a262a40:World0.usd@ <0x55af7035fce0>)

2026-05-15T19:36:42Z [18,156ms] [Warning] [omni.usd] Warning: in _ReportErrors at line 3172 of /builds/omniverse/usd-ci/USD/pxr/usd/usd/stage.cpp -- In </World/envs/env_3/Robot/FL_thigh_rotor/visuals>: Unresolved reference prim path @/tmp/IsaacLab/usd_20260516_033641_4964/configuration/go2_description_physics.usd@</visuals/FL_thigh_rotor> introduced by @/tmp/IsaacLab/usd_20260516_033641_4964/configuration/go2_description_base.usd@</go2_description/FL_thigh_rotor/visuals> (recomposing stage on stage @anon:0x55af7a262a40:World0.usd@ <0x55af7035fce0>)

2026-05-15T19:36:42Z [18,156ms] [Warning] [omni.usd] Warning: in _ReportErrors at line 3172 of /builds/omniverse/usd-ci/USD/pxr/usd/usd/stage.cpp -- In </World/envs/env_2/Robot/FL_thigh_rotor/visuals>: Unresolved reference prim path @/tmp/IsaacLab/usd_20260516_033641_4964/configuration/go2_description_physics.usd@</visuals/FL_thigh_rotor> introduced by @/tmp/IsaacLab/usd_20260516_033641_4964/configuration/go2_description_base.usd@</go2_description/FL_thigh_rotor/visuals> (recomposing stage on stage @anon:0x55af7a262a40:World0.usd@ <0x55af7035fce0>)

2026-05-15T19:36:42Z [18,156ms] [Warning] [omni.usd] Warning: in _ReportErrors at line 3172 of /builds/omniverse/usd-ci/USD/pxr/usd/usd/stage.cpp -- In </World/envs/env_9/Robot/FL_thigh_rotor/visuals>: Unresolved reference prim path @/tmp/IsaacLab/usd_20260516_033641_4964/configuration/go2_description_physics.usd@</visuals/FL_thigh_rotor> introduced by @/tmp/IsaacLab/usd_20260516_033641_4964/configuration/go2_description_base.usd@</go2_description/FL_thigh_rotor/visuals> (recomposing stage on stage @anon:0x55af7a262a40:World0.usd@ <0x55af7035fce0>)

2026-05-15T19:36:42Z [18,156ms] [Warning] [omni.usd] Warning: in _ReportErrors at line 3172 of /builds/omniverse/usd-ci/USD/pxr/usd/usd/stage.cpp -- In </World/envs/env_5/Robot/FL_calf_rotor/visuals>: Unresolved reference prim path @/tmp/IsaacLab/usd_20260516_033641_4964/configuration/go2_description_physics.usd@</visuals/FL_calf_rotor> introduced by @/tmp/IsaacLab/usd_20260516_033641_4964/configuration/go2_description_base.usd@</go2_description/FL_calf_rotor/visuals> (recomposing stage on stage @anon:0x55af7a262a40:World0.usd@ <0x55af7035fce0>)

2026-05-15T19:36:42Z [18,156ms] [Warning] [omni.usd] Warning: in _ReportErrors at line 3172 of /builds/omniverse/usd-ci/USD/pxr/usd/usd/stage.cpp -- In </World/envs/env_4/Robot/FL_thigh_rotor/visuals>: Unresolved reference prim path @/tmp/IsaacLab/usd_20260516_033641_4964/configuration/go2_description_physics.usd@</visuals/FL_thigh_rotor> introduced by @/tmp/IsaacLab/usd_20260516_033641_4964/configuration/go2_description_base.usd@</go2_description/FL_thigh_rotor/visuals> (recomposing stage on stage @anon:0x55af7a262a40:World0.usd@ <0x55af7035fce0>)

2026-05-15T19:36:42Z [18,156ms] [Warning] [omni.usd] Warning: in _ReportErrors at line 3172 of /builds/omniverse/usd-ci/USD/pxr/usd/usd/stage.cpp -- In </World/envs/env_11/Robot/FL_hip_rotor/visuals>: Unresolved reference prim path @/tmp/IsaacLab/usd_20260516_033641_4964/configuration/go2_description_physics.usd@</visuals/FL_hip_rotor> introduced by @/tmp/IsaacLab/usd_20260516_033641_4964/configuration/go2_description_base.usd@</go2_description/FL_hip_rotor/visuals> (recomposing stage on stage @anon:0x55af7a262a40:World0.usd@ <0x55af7035fce0>)

2026-05-15T19:36:42Z [18,156ms] [Warning] [omni.usd] Warning: in _ReportErrors at line 3172 of /builds/omniverse/usd-ci/USD/pxr/usd/usd/stage.cpp -- In </World/envs/env_1/Robot/FL_hip_rotor/visuals>: Unresolved reference prim path @/tmp/IsaacLab/usd_20260516_033641_4964/configuration/go2_description_physics.usd@</visuals/FL_hip_rotor> introduced by @/tmp/IsaacLab/usd_20260516_033641_4964/configuration/go2_description_base.usd@</go2_description/FL_hip_rotor/visuals> (recomposing stage on stage @anon:0x55af7a262a40:World0.usd@ <0x55af7035fce0>)

2026-05-15T19:36:42Z [18,156ms] [Warning] [omni.usd] Warning: in _ReportErrors at line 3172 of /builds/omniverse/usd-ci/USD/pxr/usd/usd/stage.cpp -- In </World/envs/env_14/Robot/FL_thigh_rotor/visuals>: Unresolved reference prim path @/tmp/IsaacLab/usd_20260516_033641_4964/configuration/go2_description_physics.usd@</visuals/FL_thigh_rotor> introduced by @/tmp/IsaacLab/usd_20260516_033641_4964/configuration/go2_description_base.usd@</go2_description/FL_thigh_rotor/visuals> (recomposing stage on stage @anon:0x55af7a262a40:World0.usd@ <0x55af7035fce0>)

2026-05-15T19:36:42Z [18,156ms] [Warning] [omni.usd] Warning: in _ReportErrors at line 3172 of /builds/omniverse/usd-ci/USD/pxr/usd/usd/stage.cpp -- In </World/envs/env_13/Robot/FL_hip_rotor/visuals>: Unresolved reference prim path @/tmp/IsaacLab/usd_20260516_033641_4964/configuration/go2_description_physics.usd@</visuals/FL_hip_rotor> introduced by @/tmp/IsaacLab/usd_20260516_033641_4964/configuration/go2_description_base.usd@</go2_description/FL_hip_rotor/visuals> (recomposing stage on stage @anon:0x55af7a262a40:World0.usd@ <0x55af7035fce0>)

2026-05-15T19:36:42Z [18,156ms] [Warning] [omni.usd] Warning: in _ReportErrors at line 3172 of /builds/omniverse/usd-ci/USD/pxr/usd/usd/stage.cpp -- In </World/envs/env_2/Robot/FL_calf_rotor/visuals>: Unresolved reference prim path @/tmp/IsaacLab/usd_20260516_033641_4964/configuration/go2_description_physics.usd@</visuals/FL_calf_rotor> introduced by @/tmp/IsaacLab/usd_20260516_033641_4964/configuration/go2_description_base.usd@</go2_description/FL_calf_rotor/visuals> (recomposing stage on stage @anon:0x55af7a262a40:World0.usd@ <0x55af7035fce0>)

2026-05-15T19:36:42Z [18,156ms] [Warning] [omni.usd] Warning: in _ReportErrors at line 3172 of /builds/omniverse/usd-ci/USD/pxr/usd/usd/stage.cpp -- In </World/envs/env_1/Robot/FL_calf_rotor/visuals>: Unresolved reference prim path @/tmp/IsaacLab/usd_20260516_033641_4964/configuration/go2_description_physics.usd@</visuals/FL_calf_rotor> introduced by @/tmp/IsaacLab/usd_20260516_033641_4964/configuration/go2_description_base.usd@</go2_description/FL_calf_rotor/visuals> (recomposing stage on stage @anon:0x55af7a262a40:World0.usd@ <0x55af7035fce0>)

2026-05-15T19:36:42Z [18,156ms] [Warning] [omni.usd] Warning: in _ReportErrors at line 3172 of /builds/omniverse/usd-ci/USD/pxr/usd/usd/stage.cpp -- In </World/envs/env_3/Robot/FL_hip_rotor/visuals>: Unresolved reference prim path @/tmp/IsaacLab/usd_20260516_033641_4964/configuration/go2_description_physics.usd@</visuals/FL_hip_rotor> introduced by @/tmp/IsaacLab/usd_20260516_033641_4964/configuration/go2_description_base.usd@</go2_description/FL_hip_rotor/visuals> (recomposing stage on stage @anon:0x55af7a262a40:World0.usd@ <0x55af7035fce0>)

2026-05-15T19:36:42Z [18,156ms] [Warning] [omni.usd] Warning: in _ReportErrors at line 3172 of /builds/omniverse/usd-ci/USD/pxr/usd/usd/stage.cpp -- In </World/envs/env_4/Robot/FL_calf_rotor/visuals>: Unresolved reference prim path @/tmp/IsaacLab/usd_20260516_033641_4964/configuration/go2_description_physics.usd@</visuals/FL_calf_rotor> introduced by @/tmp/IsaacLab/usd_20260516_033641_4964/configuration/go2_description_base.usd@</go2_description/FL_calf_rotor/visuals> (recomposing stage on stage @anon:0x55af7a262a40:World0.usd@ <0x55af7035fce0>)

2026-05-15T19:36:42Z [18,156ms] [Warning] [omni.usd] Warning: in _ReportErrors at line 3172 of /builds/omniverse/usd-ci/USD/pxr/usd/usd/stage.cpp -- In </World/envs/env_11/Robot/FL_calf_rotor/visuals>: Unresolved reference prim path @/tmp/IsaacLab/usd_20260516_033641_4964/configuration/go2_description_physics.usd@</visuals/FL_calf_rotor> introduced by @/tmp/IsaacLab/usd_20260516_033641_4964/configuration/go2_description_base.usd@</go2_description/FL_calf_rotor/visuals> (recomposing stage on stage @anon:0x55af7a262a40:World0.usd@ <0x55af7035fce0>)

2026-05-15T19:36:42Z [18,156ms] [Warning] [omni.usd] Warning: in _ReportErrors at line 3172 of /builds/omniverse/usd-ci/USD/pxr/usd/usd/stage.cpp -- In </World/envs/env_13/Robot/FL_thigh_rotor/visuals>: Unresolved reference prim path @/tmp/IsaacLab/usd_20260516_033641_4964/configuration/go2_description_physics.usd@</visuals/FL_thigh_rotor> introduced by @/tmp/IsaacLab/usd_20260516_033641_4964/configuration/go2_description_base.usd@</go2_description/FL_thigh_rotor/visuals> (recomposing stage on stage @anon:0x55af7a262a40:World0.usd@ <0x55af7035fce0>)

2026-05-15T19:36:42Z [18,156ms] [Warning] [omni.usd] Warning: in _ReportErrors at line 3172 of /builds/omniverse/usd-ci/USD/pxr/usd/usd/stage.cpp -- In </World/envs/env_11/Robot/FL_thigh_rotor/visuals>: Unresolved reference prim path @/tmp/IsaacLab/usd_20260516_033641_4964/configuration/go2_description_physics.usd@</visuals/FL_thigh_rotor> introduced by @/tmp/IsaacLab/usd_20260516_033641_4964/configuration/go2_description_base.usd@</go2_description/FL_thigh_rotor/visuals> (recomposing stage on stage @anon:0x55af7a262a40:World0.usd@ <0x55af7035fce0>)

2026-05-15T19:36:42Z [18,156ms] [Warning] [omni.usd] Warning: in _ReportErrors at line 3172 of /builds/omniverse/usd-ci/USD/pxr/usd/usd/stage.cpp -- In </World/envs/env_14/Robot/FL_calf_rotor/visuals>: Unresolved reference prim path @/tmp/IsaacLab/usd_20260516_033641_4964/configuration/go2_description_physics.usd@</visuals/FL_calf_rotor> introduced by @/tmp/IsaacLab/usd_20260516_033641_4964/configuration/go2_description_base.usd@</go2_description/FL_calf_rotor/visuals> (recomposing stage on stage @anon:0x55af7a262a40:World0.usd@ <0x55af7035fce0>)

2026-05-15T19:36:42Z [18,156ms] [Warning] [omni.usd] Warning: in _ReportErrors at line 3172 of /builds/omniverse/usd-ci/USD/pxr/usd/usd/stage.cpp -- In </World/envs/env_9/Robot/FL_hip_rotor/visuals>: Unresolved reference prim path @/tmp/IsaacLab/usd_20260516_033641_4964/configuration/go2_description_physics.usd@</visuals/FL_hip_rotor> introduced by @/tmp/IsaacLab/usd_20260516_033641_4964/configuration/go2_description_base.usd@</go2_description/FL_hip_rotor/visuals> (recomposing stage on stage @anon:0x55af7a262a40:World0.usd@ <0x55af7035fce0>)

2026-05-15T19:36:42Z [18,156ms] [Warning] [omni.usd] Warning: in _ReportErrors at line 3172 of /builds/omniverse/usd-ci/USD/pxr/usd/usd/stage.cpp -- In </World/envs/env_13/Robot/FL_calf_rotor/visuals>: Unresolved reference prim path @/tmp/IsaacLab/usd_20260516_033641_4964/configuration/go2_description_physics.usd@</visuals/FL_calf_rotor> introduced by @/tmp/IsaacLab/usd_20260516_033641_4964/configuration/go2_description_base.usd@</go2_description/FL_calf_rotor/visuals> (recomposing stage on stage @anon:0x55af7a262a40:World0.usd@ <0x55af7035fce0>)

2026-05-15T19:36:42Z [18,156ms] [Warning] [omni.usd] Warning: in _ReportErrors at line 3172 of /builds/omniverse/usd-ci/USD/pxr/usd/usd/stage.cpp -- In </World/envs/env_1/Robot/FL_thigh_rotor/visuals>: Unresolved reference prim path @/tmp/IsaacLab/usd_20260516_033641_4964/configuration/go2_description_physics.usd@</visuals/FL_thigh_rotor> introduced by @/tmp/IsaacLab/usd_20260516_033641_4964/configuration/go2_description_base.usd@</go2_description/FL_thigh_rotor/visuals> (recomposing stage on stage @anon:0x55af7a262a40:World0.usd@ <0x55af7035fce0>)

2026-05-15T19:36:42Z [18,156ms] [Warning] [omni.usd] Warning: in _ReportErrors at line 3172 of /builds/omniverse/usd-ci/USD/pxr/usd/usd/stage.cpp -- In </World/envs/env_6/Robot/FL_calf_rotor/visuals>: Unresolved reference prim path @/tmp/IsaacLab/usd_20260516_033641_4964/configuration/go2_description_physics.usd@</visuals/FL_calf_rotor> introduced by @/tmp/IsaacLab/usd_20260516_033641_4964/configuration/go2_description_base.usd@</go2_description/FL_calf_rotor/visuals> (recomposing stage on stage @anon:0x55af7a262a40:World0.usd@ <0x55af7035fce0>)

2026-05-15T19:36:42Z [18,156ms] [Warning] [omni.usd] Warning: in _ReportErrors at line 3172 of /builds/omniverse/usd-ci/USD/pxr/usd/usd/stage.cpp -- In </World/envs/env_6/Robot/FL_thigh_rotor/visuals>: Unresolved reference prim path @/tmp/IsaacLab/usd_20260516_033641_4964/configuration/go2_description_physics.usd@</visuals/FL_thigh_rotor> introduced by @/tmp/IsaacLab/usd_20260516_033641_4964/configuration/go2_description_base.usd@</go2_description/FL_thigh_rotor/visuals> (recomposing stage on stage @anon:0x55af7a262a40:World0.usd@ <0x55af7035fce0>)

2026-05-15T19:36:42Z [18,156ms] [Warning] [omni.usd] Warning: in _ReportErrors at line 3172 of /builds/omniverse/usd-ci/USD/pxr/usd/usd/stage.cpp -- In </World/envs/env_6/Robot/FL_hip_rotor/visuals>: Unresolved reference prim path @/tmp/IsaacLab/usd_20260516_033641_4964/configuration/go2_description_physics.usd@</visuals/FL_hip_rotor> introduced by @/tmp/IsaacLab/usd_20260516_033641_4964/configuration/go2_description_base.usd@</go2_description/FL_hip_rotor/visuals> (recomposing stage on stage @anon:0x55af7a262a40:World0.usd@ <0x55af7035fce0>)

2026-05-15T19:36:43Z [19,163ms] [Warning] [omni.fabric.plugin] getAttributeCount called on non-existent path /World/envs/env_9/Robot/base/collisions/mesh_0
2026-05-15T19:36:43Z [19,163ms] [Warning] [omni.fabric.plugin] getTypes called on non-existent path /World/envs/env_9/Robot/base/collisions/mesh_0
[ERROR:0@0.012] global cap_ffmpeg_impl.hpp:3203 open Could not find encoder for codec_id=27, error: Encoder not found
[ERROR:0@0.012] global cap_ffmpeg_impl.hpp:3281 open VIDEOIO/FFMPEG: Failed to initialize VideoWriter
OpenCV: FFMPEG: tag 0x34363248/'H264' is not supported with codec id 27 and format 'mp4 / MP4 (MPEG-4 Part 14)'
OpenCV: FFMPEG: fallback to use tag 0x31637661/'avc1'
[ERROR:0@0.012] global cap_ffmpeg_impl.hpp:3203 open Could not find encoder for codec_id=27, error: Encoder not found
[ERROR:0@0.012] global cap_ffmpeg_impl.hpp:3281 open VIDEOIO/FFMPEG: Failed to initialize VideoWriter
OpenCV: FFMPEG: tag 0x34363268/'h264' is not supported with codec id 27 and format 'mp4 / MP4 (MPEG-4 Part 14)'
OpenCV: FFMPEG: fallback to use tag 0x31637661/'avc1'
[ERROR:0@0.012] global cap_ffmpeg_impl.hpp:3203 open Could not find encoder for codec_id=27, error: Encoder not found
[ERROR:0@0.012] global cap_ffmpeg_impl.hpp:3281 open VIDEOIO/FFMPEG: Failed to initialize VideoWriter
Setting seed: 757303534
[INFO]: Base environment:
	Environment device    : cuda:0
	Environment seed      : 757303534
	Physics step-size     : 0.005
	Rendering step-size   : 0.02
	Environment step-size : 0.02
[INFO] Generating terrains based on curriculum took : 0.204209 seconds
[INFO]: Time taken for scene creation : 2.169612 seconds
[INFO]: Scene manager:  <class InteractiveScene>
	Number of environments: 16
	Environment spacing   : 2.5
	Source prim name      : /World/envs/env_0
	Global prim paths     : ['/World/ground']
	Replicate physics     : True
[INFO]: Starting the simulation. This may take a few seconds. Please wait...
[INFO]: Time taken for simulation start : 2.253303 seconds
[INFO] Command Manager:  <CommandManager> contains 1 active terms.
+------------------------------------------------+
|              Active Command Terms              |
+-------+---------------+------------------------+
| Index | Name          |          Type          |
+-------+---------------+------------------------+
|   0   | base_velocity | UniformVelocityCommand |
+-------+---------------+------------------------+

[INFO] Event Manager:  <EventManager> contains 3 active terms.
+---------------------------------------+
| Active Event Terms in Mode: 'startup' |
+----------+----------------------------+
|  Index   | Name                       |
+----------+----------------------------+
|    0     | physics_material           |
|    1     | add_base_mass              |
|    2     | scale_link_mass            |
|    3     | randomize_com              |
+----------+----------------------------+
+-------------------------------------+
| Active Event Terms in Mode: 'reset' |
+-------+-----------------------------+
| Index | Name                        |
+-------+-----------------------------+
|   0   | base_external_force_torque  |
|   1   | reset_base                  |
|   2   | reset_robot_joints          |
+-------+-----------------------------+
+----------------------------------------------+
|    Active Event Terms in Mode: 'interval'    |
+-------+------------+-------------------------+
| Index | Name       | Interval time range (s) |
+-------+------------+-------------------------+
|   0   | push_robot |        (4.0, 4.0)       |
+-------+------------+-------------------------+

[INFO] Recorder Manager:  <RecorderManager> contains 0 active terms.
+-----------------------+
| Active Recorder Terms |
+------------+----------+
|   Index    | Name     |
+------------+----------+
+------------+----------+

[INFO] Action Manager:  <ActionManager> contains 1 active terms.
+-----------------------------------------+
|     Active Action Terms (shape: 12)     |
+-------+---------------------+-----------+
| Index | Name                | Dimension |
+-------+---------------------+-----------+
|   0   | JointPositionAction |        12 |
+-------+---------------------+-----------+

[INFO] Observation Manager: <ObservationManager> contains 2 groups.
+-------------------------------------------------------------+
| Active Observation Terms in Group: 'policy' (shape: (304,)) |
+--------------+---------------------------+------------------+
|    Index     | Name                      |      Shape       |
+--------------+---------------------------+------------------+
|      0       | custom_obs                |      (304,)      |
+--------------+---------------------------+------------------+
+-------------------------------------------------------------+
| Active Observation Terms in Group: 'critic' (shape: (319,)) |
+--------------+---------------------------+------------------+
|    Index     | Name                      |      Shape       |
+--------------+---------------------------+------------------+
|      0       | custom_obs                |      (319,)      |
+--------------+---------------------------+------------------+

[INFO] Termination Manager:  <TerminationManager> contains 4 active terms.
+------------------------------------+
|      Active Termination Terms      |
+-------+-----------------+----------+
| Index | Name            | Time Out |
+-------+-----------------+----------+
|   0   | time_out        |   True   |
|   1   | base_contact    |  False   |
|   2   | bad_orientation |  False   |
|   3   | goal_reached    |  False   |
+-------+-----------------+----------+

[INFO] Reward Manager:  <RewardManager> contains 16 active terms.
+------------------------------------------+
|           Active Reward Terms            |
+-------+-----------------------+----------+
| Index | Name                  |   Weight |
+-------+-----------------------+----------+
|   0   | track_lin_vel_xy      |      1.5 |
|   1   | track_ang_vel_z       |     0.75 |
|   2   | base_linear_velocity  |     -2.0 |
|   3   | base_angular_velocity |    -0.05 |
|   4   | joint_vel             |   -0.001 |
|   5   | joint_acc             | -2.5e-07 |
|   6   | joint_torques         |  -0.0002 |
|   7   | action_rate           |     -0.1 |
|   8   | dof_pos_limits        |    -10.0 |
|   9   | energy                |   -2e-05 |
|   10  | flat_orientation_l2   |     -2.5 |
|   11  | joint_pos             |     -0.7 |
|   12  | feet_air_time         |      0.1 |
|   13  | air_time_variance     |     -1.0 |
|   14  | feet_slide            |     -0.1 |
|   15  | undesired_contacts    |       -1 |
+-------+-----------------------+----------+

[INFO] Curriculum Manager:  <CurriculumManager> contains 0 active terms.
+-------------------------+
| Active Curriculum Terms |
+-------------+-----------+
|    Index    | Name      |
+-------------+-----------+
+-------------+-----------+

[INFO]: Completed setting up the environment...
[goal_term] min_dist=6.99m, reached=0/16, goal[0]=(3.9,12.0), robot[0]=(-2.5,9.0)
[step 500] terrain_level: mean=0.00, max=0, min=0, distribution=[16, 0, 0, 0, 0, 0, 0, 0, 0, 0]
[step 500] terrain_type(col/difficulty): mean=7.50, max=9, min=6, distribution=[0, 0, 0, 0, 0, 0, 4, 4, 4, 4]
[step 500] cmd_vel_range: lin_x=[0.0, 1.7], lin_y=[-1.0, 1.0], ang_z=[-1.8, 1.8]
[goal_term] min_dist=1.11m, reached=0/16, goal[0]=(3.9,12.0), robot[0]=(-2.0,8.9)
2026-05-16 03:37:41.410 | WARNING | PID:439 | base_env.step:2117 - learner [eval term-debug] step=539 term='goal_reached' fired on envs=[10]
2026-05-16 03:37:41.410 | WARNING | PID:439 | base_env.step:2117 - learner [eval term-debug] step=539 term='goal_reached' fired on envs=[10]
2026-05-16 03:37:41.410 | INFO | PID:439 | base_env.step:2126 - learner [eval single-life] 1 env(s) finished first episode (total done: 1/16)
2026-05-16 03:37:41.410 | INFO | PID:439 | base_env.step:2126 - learner [eval single-life] 1 env(s) finished first episode (total done: 1/16)
2026-05-16 03:37:41.943 | WARNING | PID:439 | base_env.step:2117 - learner [eval term-debug] step=541 term='goal_reached' fired on envs=[14]
2026-05-16 03:37:41.943 | WARNING | PID:439 | base_env.step:2117 - learner [eval term-debug] step=541 term='goal_reached' fired on envs=[14]
2026-05-16 03:37:41.943 | INFO | PID:439 | base_env.step:2126 - learner [eval single-life] 1 env(s) finished first episode (total done: 2/16)
2026-05-16 03:37:41.943 | INFO | PID:439 | base_env.step:2126 - learner [eval single-life] 1 env(s) finished first episode (total done: 2/16)
2026-05-16 03:37:43.304 | WARNING | PID:439 | base_env.step:2117 - learner [eval term-debug] step=555 term='goal_reached' fired on envs=[2]
2026-05-16 03:37:43.304 | WARNING | PID:439 | base_env.step:2117 - learner [eval term-debug] step=555 term='goal_reached' fired on envs=[2]
2026-05-16 03:37:43.307 | INFO | PID:439 | base_env.step:2126 - learner [eval single-life] 1 env(s) finished first episode (total done: 3/16)
2026-05-16 03:37:43.307 | INFO | PID:439 | base_env.step:2126 - learner [eval single-life] 1 env(s) finished first episode (total done: 3/16)
2026-05-16 03:37:44.931 | WARNING | PID:439 | base_env.step:2117 - learner [eval term-debug] step=570 term='goal_reached' fired on envs=[9]
2026-05-16 03:37:44.931 | WARNING | PID:439 | base_env.step:2117 - learner [eval term-debug] step=570 term='goal_reached' fired on envs=[9]
2026-05-16 03:37:44.931 | INFO | PID:439 | base_env.step:2126 - learner [eval single-life] 1 env(s) finished first episode (total done: 4/16)
2026-05-16 03:37:44.931 | INFO | PID:439 | base_env.step:2126 - learner [eval single-life] 1 env(s) finished first episode (total done: 4/16)
2026-05-16 03:37:46.178 | INFO | PID:439 | monitor._handle_metrics:182 - learner EnvMonitor [静默][task=track]: completed=4, abnormal=0, timeout=0, total_score=62.1632, step_avg=550.0
2026-05-16 03:37:46.178 | INFO | PID:439 | monitor._handle_metrics:182 - learner EnvMonitor [静默][task=track]: completed=4, abnormal=0, timeout=0, total_score=62.1632, step_avg=550.0
2026-05-16 03:37:47.036 | WARNING | PID:439 | base_env.step:2117 - learner [eval term-debug] step=590 term='goal_reached' fired on envs=[1]
2026-05-16 03:37:47.036 | WARNING | PID:439 | base_env.step:2117 - learner [eval term-debug] step=590 term='goal_reached' fired on envs=[1]
2026-05-16 03:37:47.037 | INFO | PID:439 | base_env.step:2126 - learner [eval single-life] 1 env(s) finished first episode (total done: 5/16)
2026-05-16 03:37:47.037 | INFO | PID:439 | base_env.step:2126 - learner [eval single-life] 1 env(s) finished first episode (total done: 5/16)
2026-05-16 03:37:48.003 | WARNING | PID:439 | base_env.step:2117 - learner [eval term-debug] step=599 term='goal_reached' fired on envs=[6]
2026-05-16 03:37:48.003 | WARNING | PID:439 | base_env.step:2117 - learner [eval term-debug] step=599 term='goal_reached' fired on envs=[6]
2026-05-16 03:37:48.003 | INFO | PID:439 | base_env.step:2126 - learner [eval single-life] 1 env(s) finished first episode (total done: 6/16)
2026-05-16 03:37:48.003 | INFO | PID:439 | base_env.step:2126 - learner [eval single-life] 1 env(s) finished first episode (total done: 6/16)
2026-05-16 03:37:48.754 | WARNING | PID:439 | base_env.step:2117 - learner [eval term-debug] step=606 term='goal_reached' fired on envs=[12]
2026-05-16 03:37:48.754 | WARNING | PID:439 | base_env.step:2117 - learner [eval term-debug] step=606 term='goal_reached' fired on envs=[12]
2026-05-16 03:37:48.755 | INFO | PID:439 | base_env.step:2126 - learner [eval single-life] 1 env(s) finished first episode (total done: 7/16)
2026-05-16 03:37:48.755 | INFO | PID:439 | base_env.step:2126 - learner [eval single-life] 1 env(s) finished first episode (total done: 7/16)
2026-05-16 03:37:52.725 | WARNING | PID:439 | base_env.step:2117 - learner [eval term-debug] step=646 term='goal_reached' fired on envs=[5]
2026-05-16 03:37:52.725 | WARNING | PID:439 | base_env.step:2117 - learner [eval term-debug] step=646 term='goal_reached' fired on envs=[5]
2026-05-16 03:37:52.726 | INFO | PID:439 | base_env.step:2126 - learner [eval single-life] 1 env(s) finished first episode (total done: 8/16)
2026-05-16 03:37:52.726 | INFO | PID:439 | base_env.step:2126 - learner [eval single-life] 1 env(s) finished first episode (total done: 8/16)
2026-05-16 03:37:58.684 | WARNING | PID:439 | base_env.step:2117 - learner [eval term-debug] step=712 term='goal_reached' fired on envs=[11]
2026-05-16 03:37:58.684 | WARNING | PID:439 | base_env.step:2117 - learner [eval term-debug] step=712 term='goal_reached' fired on envs=[11]
2026-05-16 03:37:58.685 | INFO | PID:439 | base_env.step:2126 - learner [eval single-life] 1 env(s) finished first episode (total done: 9/16)
2026-05-16 03:37:58.685 | INFO | PID:439 | base_env.step:2126 - learner [eval single-life] 1 env(s) finished first episode (total done: 9/16)
2026-05-16 03:37:58.828 | WARNING | PID:439 | base_env.step:2117 - learner [eval term-debug] step=714 term='goal_reached' fired on envs=[3]
2026-05-16 03:37:58.828 | WARNING | PID:439 | base_env.step:2117 - learner [eval term-debug] step=714 term='goal_reached' fired on envs=[3]
2026-05-16 03:37:58.829 | INFO | PID:439 | base_env.step:2126 - learner [eval single-life] 1 env(s) finished first episode (total done: 10/16)
2026-05-16 03:37:58.829 | INFO | PID:439 | base_env.step:2126 - learner [eval single-life] 1 env(s) finished first episode (total done: 10/16)
[step 1000] terrain_level: mean=0.00, max=0, min=0, distribution=[16, 0, 0, 0, 0, 0, 0, 0, 0, 0]
[step 1000] terrain_type(col/difficulty): mean=7.50, max=9, min=6, distribution=[0, 0, 0, 0, 0, 0, 4, 4, 4, 4]
[step 1000] cmd_vel_range: lin_x=[0.0, 1.7], lin_y=[-1.0, 1.0], ang_z=[-1.8, 1.8]
[goal_term] min_dist=1.44m, reached=0/16, goal[0]=(3.9,12.0), robot[0]=(-2.0,8.9)
2026-05-16 03:38:46.189 | INFO | PID:439 | monitor._handle_metrics:182 - learner EnvMonitor [静默][task=track]: completed=6, abnormal=0, timeout=0, total_score=63.2563, step_avg=644.0
2026-05-16 03:38:46.189 | INFO | PID:439 | monitor._handle_metrics:182 - learner EnvMonitor [静默][task=track]: completed=6, abnormal=0, timeout=0, total_score=63.2563, step_avg=644.0
[step 1500] terrain_level: mean=0.00, max=0, min=0, distribution=[16, 0, 0, 0, 0, 0, 0, 0, 0, 0]
[step 1500] terrain_type(col/difficulty): mean=7.50, max=9, min=6, distribution=[0, 0, 0, 0, 0, 0, 4, 4, 4, 4]
[step 1500] cmd_vel_range: lin_x=[0.0, 1.7], lin_y=[-1.0, 1.0], ang_z=[-1.8, 1.8]
[goal_term] min_dist=1.44m, reached=0/16, goal[0]=(3.9,12.0), robot[0]=(-1.9,8.9)
2026-05-16 03:39:46.212 | INFO | PID:439 | monitor._handle_metrics:182 - learner EnvMonitor [静默][task=track]: completed=0, abnormal=0, timeout=0, total_score=0.0000, step_avg=0.0
2026-05-16 03:39:46.212 | INFO | PID:439 | monitor._handle_metrics:182 - learner EnvMonitor [静默][task=track]: completed=0, abnormal=0, timeout=0, total_score=0.0000, step_avg=0.0
[step 2000] terrain_level: mean=0.00, max=0, min=0, distribution=[16, 0, 0, 0, 0, 0, 0, 0, 0, 0]
[step 2000] terrain_type(col/difficulty): mean=7.50, max=9, min=6, distribution=[0, 0, 0, 0, 0, 0, 4, 4, 4, 4]
[step 2000] cmd_vel_range: lin_x=[0.0, 1.7], lin_y=[-1.0, 1.0], ang_z=[-1.8, 1.8]
[goal_term] min_dist=1.44m, reached=0/16, goal[0]=(3.9,12.0), robot[0]=(-1.9,8.9)
2026-05-16 03:40:46.263 | INFO | PID:439 | monitor._handle_metrics:182 - learner EnvMonitor [静默][task=track]: completed=0, abnormal=0, timeout=0, total_score=0.0000, step_avg=0.0
2026-05-16 03:40:46.263 | INFO | PID:439 | monitor._handle_metrics:182 - learner EnvMonitor [静默][task=track]: completed=0, abnormal=0, timeout=0, total_score=0.0000, step_avg=0.0
[step 2500] terrain_level: mean=0.00, max=0, min=0, distribution=[16, 0, 0, 0, 0, 0, 0, 0, 0, 0]
[step 2500] terrain_type(col/difficulty): mean=7.50, max=9, min=6, distribution=[0, 0, 0, 0, 0, 0, 4, 4, 4, 4]
[step 2500] cmd_vel_range: lin_x=[0.0, 1.7], lin_y=[-1.0, 1.0], ang_z=[-1.8, 1.8]
[goal_term] min_dist=1.43m, reached=0/16, goal[0]=(3.9,12.0), robot[0]=(0.3,9.9)
2026-05-16 03:41:12.316 | WARNING | PID:439 | base_env.step:2117 - learner [eval term-debug] step=2757 term='goal_reached' fired on envs=[0]
2026-05-16 03:41:12.316 | WARNING | PID:439 | base_env.step:2117 - learner [eval term-debug] step=2757 term='goal_reached' fired on envs=[0]
2026-05-16 03:41:12.316 | INFO | PID:439 | base_env.step:2126 - learner [eval single-life] 1 env(s) finished first episode (total done: 11/16)
2026-05-16 03:41:12.316 | INFO | PID:439 | base_env.step:2126 - learner [eval single-life] 1 env(s) finished first episode (total done: 11/16)
[step 3000] terrain_level: mean=0.00, max=0, min=0, distribution=[16, 0, 0, 0, 0, 0, 0, 0, 0, 0]
[step 3000] terrain_type(col/difficulty): mean=7.50, max=9, min=6, distribution=[0, 0, 0, 0, 0, 0, 4, 4, 4, 4]
[step 3000] cmd_vel_range: lin_x=[0.0, 1.7], lin_y=[-1.0, 1.0], ang_z=[-1.8, 1.8]
[goal_term] min_dist=1.43m, reached=0/16, goal[0]=(3.9,12.0), robot[0]=(-2.7,9.0)
2026-05-16 03:41:46.277 | INFO | PID:439 | monitor._handle_metrics:182 - learner EnvMonitor [静默][task=track]: completed=1, abnormal=0, timeout=0, total_score=46.8448, step_avg=2756.0
2026-05-16 03:41:46.277 | INFO | PID:439 | monitor._handle_metrics:182 - learner EnvMonitor [静默][task=track]: completed=1, abnormal=0, timeout=0, total_score=46.8448, step_avg=2756.0
[step 3500] terrain_level: mean=0.00, max=0, min=0, distribution=[16, 0, 0, 0, 0, 0, 0, 0, 0, 0]
[step 3500] terrain_type(col/difficulty): mean=7.50, max=9, min=6, distribution=[0, 0, 0, 0, 0, 0, 4, 4, 4, 4]
[step 3500] cmd_vel_range: lin_x=[0.0, 1.7], lin_y=[-1.0, 1.0], ang_z=[-1.8, 1.8]
[goal_term] min_dist=1.43m, reached=0/16, goal[0]=(3.9,12.0), robot[0]=(-2.7,9.0)
2026-05-16 03:42:46.286 | INFO | PID:439 | monitor._handle_metrics:182 - learner EnvMonitor [静默][task=track]: completed=0, abnormal=0, timeout=0, total_score=0.0000, step_avg=0.0
2026-05-16 03:42:46.286 | INFO | PID:439 | monitor._handle_metrics:182 - learner EnvMonitor [静默][task=track]: completed=0, abnormal=0, timeout=0, total_score=0.0000, step_avg=0.0
[step 4000] terrain_level: mean=0.00, max=0, min=0, distribution=[16, 0, 0, 0, 0, 0, 0, 0, 0, 0]
[step 4000] terrain_type(col/difficulty): mean=7.50, max=9, min=6, distribution=[0, 0, 0, 0, 0, 0, 4, 4, 4, 4]
[step 4000] cmd_vel_range: lin_x=[0.0, 1.7], lin_y=[-1.0, 1.0], ang_z=[-1.8, 1.8]
2026-05-16 03:43:30.008 | WARNING | PID:439 | base_env.step:2117 - learner [eval term-debug] step=4001 term='time_out' fired on envs=[4, 7, 8, 13, 15]
2026-05-16 03:43:30.008 | WARNING | PID:439 | base_env.step:2117 - learner [eval term-debug] step=4001 term='time_out' fired on envs=[4, 7, 8, 13, 15]
2026-05-16 03:43:30.009 | INFO | PID:439 | base_env.step:2126 - learner [eval single-life] 5 env(s) finished first episode (total done: 16/16)
2026-05-16 03:43:30.009 | INFO | PID:439 | base_env.step:2126 - learner [eval single-life] 5 env(s) finished first episode (total done: 16/16)
2026-05-16 03:43:30.017 | INFO | PID:439 | base_env.step:2221 - learner [eval single-life] All 16 envs have completed their first episode at frame 4001
2026-05-16 03:43:30.017 | INFO | PID:439 | base_env.step:2221 - learner [eval single-life] All 16 envs have completed their first episode at frame 4001
2026-05-16 03:43:30.020 | INFO | PID:439 | base_env._build_end_info:2441 - learner _build_end_info: task_type=track, total_score=42.19, episode_count=16, terrain_groups=4, export_detail_groups=4
2026-05-16 03:43:30.020 | INFO | PID:439 | base_env._build_end_info:2441 - learner _build_end_info: task_type=track, total_score=42.19, episode_count=16, terrain_groups=4, export_detail_groups=4
2026-05-16 03:43:30.024 | INFO | PID:439 | video_writer.close:204 - learner TiledCamera 视频写入器已关闭: 16 个视频文件
2026-05-16 03:43:30.024 | INFO | PID:439 | video_writer.close:204 - learner TiledCamera 视频写入器已关闭: 16 个视频文件
2026-05-16 03:43:32.831 | INFO | PID:439 | base_env.make_json_and_done_file:2511 - learner json_file /workspace/battle/504588_2_1/result/504588_2_1.json create success, done_file /workspace/battle/504588_2_1/504588_2_1.done create success
2026-05-16 03:43:32.831 | INFO | PID:439 | base_env.make_json_and_done_file:2511 - learner json_file /workspace/battle/504588_2_1/result/504588_2_1.json create success, done_file /workspace/battle/504588_2_1/504588_2_1.done create success
[env_conf]
  task_name = Unitree-Go2-Velocity
  device = cuda:0
  use_fabric = True
  save_mp4 = True
  seed = 0
[terrain]
  curriculum = False
  track = {'num_parallel_tracks': 10, 'track_length': 1, 'sub_terrains': ['open_entry_maze']}
  mode = track
  level = [6, 7, 8, 9]
  difficulty_range = [0.0, 1.0]
  standard = {'sub_terrains': ['pyramid_slope', 'pyramid_slope_inv', 'pyramid_stairs', 'pyramid_stairs_inv']}
[policy]
  nav_decimation = 1
[env]
  num_envs = 16
  episode_length_s = 80.0
[custom_parameters]
  episode_nums_per_terrain = 1
  enable_terrain_bounds_termination = True
[domain_rand]
  enable_domain_rand = False
  randomize_friction = False
  friction_range = [0.3, 1.5]
  push_robots = False
  push_interval_s = 15
  max_push_vel_xy = 0.5
[noise]
  add_noise = False
[init_state]
  pos = [0.0, 0.0, 0.35]
[commands]
  resampling_time = [5.0, 5.0]
  limit = {'lin_vel_x': [0.0, 1.7], 'lin_vel_y': [-1, 1], 'ang_vel_z': [-1.8, 1.8]}
  ranges = {'lin_vel_x': [-1.0, 1.0], 'lin_vel_y': [-0.4, 0.4], 'ang_vel_yaw': [-1.0, 1.0]}
2026-05-16 03:43:32.833 | INFO | PID:436 | eval_workflow.run_episodes:179 - aisrv all done is OK, so return
2026-05-16 03:43:32.833 | INFO | PID:436 | eval_workflow.run_episodes:179 - aisrv all done is OK, so return
2026-05-16 03:43:32.833 | INFO | PID:439 | monitor.close:122 - learner EnvMonitor: 正在关闭，执行最终上报...
2026-05-16 03:43:32.833 | INFO | PID:439 | monitor.close:122 - learner EnvMonitor: 正在关闭，执行最终上报...
2026-05-16 03:43:32.838 | INFO | PID:439 | monitor._handle_metrics:182 - learner EnvMonitor [静默][task=track]: completed=0, abnormal=0, timeout=5, total_score=0.0000, step_avg=4000.0
2026-05-16 03:43:32.838 | INFO | PID:439 | monitor._handle_metrics:182 - learner EnvMonitor [静默][task=track]: completed=0, abnormal=0, timeout=5, total_score=0.0000, step_avg=4000.0
2026-05-16 03:43:33.244 | INFO | PID:439 | base_env._shutdown_simulation_app:1768 - learner SimulationApp shutdown skipped (vGPU workaround), calling os._exit(0)
2026-05-16 03:43:33.244 | INFO | PID:439 | base_env._shutdown_simulation_app:1768 - learner SimulationApp shutdown skipped (vGPU workaround), calling os._exit(0)
2026-05-15T19:36:55Z [30,851ms] [Warning] [carb] Client gpu.foundation.plugin has acquired [gpu::unstable::IMemoryBudgetManagerFactory v0.1] 100 times. Consider accessing this interface with carb::getCachedInterface() (Performance warning)
工作进程未正常退出，已强制终止
2026-05-16 03:44:03.275 | INFO | PID:436 | eval_workflow.workflow:43 - aisrv .......... Evaluation End ..........
2026-05-16 03:44:03.275 | INFO | PID:436 | eval_workflow.workflow:43 - aisrv .......... Evaluation End ..........
2026-05-16 03:44:03.275 | INFO | PID:436 | kaiwu_rl_helper_standard.workflow:607 - aisrv kaiwu_rl_helper aisrv send process_stop_request 0 to learner success
2026-05-16 03:44:03.275 | INFO | PID:436 | kaiwu_rl_helper_standard.workflow:607 - aisrv kaiwu_rl_helper aisrv send process_stop_request 0 to learner success
2026-05-16 03:44:03.276 | INFO | PID:436 | kaiwu_rl_helper_standard.workflow:609 - aisrv kaiwu_rl_helper finally
2026-05-16 03:44:03.276 | INFO | PID:436 | kaiwu_rl_helper_standard.workflow:609 - aisrv kaiwu_rl_helper finally
2026-05-16 03:44:03.276 | INFO | PID:435 | learner_proxy.msg_process_process_stop:619 - learner_proxy send process_stop data to learner
2026-05-16 03:44:03.277 | INFO | PID:435 | learner_proxy.msg_process_process_stop:630 - learner_proxy recv process_stop data result from learner success
